pc11_s_id,pc11_d_id,d_name,year,footprint_m2,volume_m3,building_count,extent_m2,mean_height_m,builtup_density
1,0,,2016,1.0749252675473309e8,1.9125396266363435e9,1.2066865117390268e6,2.2764709968220954e9,17.792303189599465,0.047218930926328666
1,0,,2017,1.146042115692498e8,2.236453669412042e9,1.3205671345273657e6,2.4143040985560026e9,19.51458536112053,0.04746883859319738
1,0,,2018,8.503351781998885e7,1.1243172744953475e9,1.1018467523354795e6,1.8644604681079414e9,13.22204823838364,0.045607573490834614
1,0,,2019,8.924300214504153e7,1.3688175084567652e9,1.1360727615133675e6,1.9114258510627244e9,15.338093470142395,0.0466892305005835
1,0,,2020,9.438837402318577e7,1.4617759916121914e9,1.1719637563570717e6,1.9793013610882282e9,15.48682246876207,0.04768772248572125
1,0,,2021,8.025099648165491e7,8.152334221351459e8,1.174882958471127e6,1.6391807129737844e9,10.158545786051459,0.04895799215210652
1,0,,2022,7.984420269791229e7,6.898982511361247e8,1.2689555972048615e6,1.605284118661937e9,8.64055532931214,0.04973836205672137
1,0,,2023,8.296331822983442e7,7.656215134650348e8,1.2827342346181395e6,1.602818701613199e9,9.228434081481927,0.05176088733325473
1,1,Kupwara,2016,1.647815911327717e7,1.5643792735426578e8,234501.1826889708,2.5207953435391775e8,9.493653161063175,0.06536888905127046
1,1,Kupwara,2017,1.6940142949258465e7,1.587860829627942e8,252439.42554557484,2.5453354541265324e8,9.37336145500147,0.06655367535856571
1,1,Kupwara,2018,1.7747600522454243e7,1.5853120320551416e8,250590.17854557652,2.6600301777972198e8,8.93254290938883,0.066719545780308
1,1,Kupwara,2019,1.849742196211679e7,1.664909608835987e8,262342.1742460634,2.676904276245596e8,9.000765686406279,0.06910005010735662
1,1,Kupwara,2020,1.933776546273069e7,1.689385050482882e8,278599.03834727965,2.7431486285405946e8,8.736195780938608,0.07049477837815422
1,1,Kupwara,2021,2.0325467179894287e7,1.755066523614036e8,299919.048244738,2.813623444407284e8,8.634815170940461,0.07223947191759356
1,1,Kupwara,2022,2.0732947929686937e7,1.6182802827441305e8,338194.3460446353,2.831656828161075e8,7.805355457565971,0.07321843425197558
1,1,Kupwara,2023,2.13926751430957e7,1.6585360653897798e8,350216.85515640443,2.880274402541743e8,7.752822189351377,0.0742730453883748
1,2,Badgam,2016,2.5733230123423845e7,2.4707260426163298e8,337758.8586890791,2.4118716190819547e8,9.601305513400492,0.10669402931661363
1,2,Badgam,2017,2.5583250975435723e7,2.3185902768467525e8,363165.3282396101,2.4605568763213468e8,9.062922765652395,0.10397341846323804
1,2,Badgam,2018,2.601967071226189e7,2.1656022390633112e8,393682.88247108535,2.5318363503931144e8,8.322942526873568,0.10276995473353502
1,2,Badgam,2019,2.7806954218526367e7,2.359903887890168e8,413032.3565278472,2.6191542796834022e8,8.486739933271382,0.10616768334046978
1,2,Badgam,2020,2.850102579426799e7,2.5389516204274207e8,403893.3115862596,2.6234215463362056e8,8.908281543108684,0.1086406636938379
1,2,Badgam,2021,3.0088979462423135e7,2.5450089234476858e8,442349.5138509778,2.7720364468913525e8,8.458275983158687,0.10854467478653049
1,2,Badgam,2022,3.068926902774006e7,2.399801980860024e8,451398.09297590825,2.788116326577206e8,7.819677877276388,0.11007169512692225
1,2,Badgam,2023,3.2044453790926196e7,2.5322539029452637e8,471254.22723977646,2.8924799434260106e8,7.902315700142482,0.11078539667580548
1,3,Leh(Ladakh),2016,2.2547800859092448e7,4.1358437603959453e8,189924.57831703083,4.9472114959365606e8,18.34255937526678,0.04557678780786368
1,3,Leh(Ladakh),2017,2.505764618977972e7,4.470242290903014e8,196465.5981459125,5.512441292847251e8,17.839833227138048,0.04545653161384891
1,3,Leh(Ladakh),2018,1.442275032616591e7,1.6073146747099108e8,156060.89223184428,3.44916150101254e8,11.144300763453575,0.041815236317383084
1,3,Leh(Ladakh),2019,2.451119635449271e7,3.364129825837512e8,223674.57983052032,6.166201486046205e8,13.724869962215832,0.039750884576120776
1,3,Leh(Ladakh),2020,1.5040870248979652e7,1.7090403509004837e8,158774.3603537328,3.3893998320588624e8,11.362642736821842,0.044376205211065944
1,3,Leh(Ladakh),2021,1.3502448016651724e7,1.1707695917720129e8,158581.45706084825,2.88135522091682e8,8.670795031598537,0.046861448802398516
1,3,Leh(Ladakh),2022,1.4221736987235963e7,1.03788515644944e8,190695.482720161,2.999968168127796e8,7.297878995940819,0.04740629296780635
1,3,Leh(Ladakh),2023,1.563402710351284e7,1.1029808849532378e8,204090.46910050386,3.0361223988994336e8,7.055001744914507,0.05149340194314969
1,4,Kargil,2016,1.1082226562422693e7,2.693438071414881e8,89414.03134101113,2.3523164713049948e8,24.30412387116968,0.047111971104273245
1,4,Kargil,2017,8.65062751962556e6,1.6187292892605785e8,82129.25199401243,1.8941074157106704e8,18.712275908171858,0.04567126155503614
1,4,Kargil,2018,8.010102290489694e6,1.0626215037223311e8,80139.71292976559,1.7868427329936042e8,13.266016652296312,0.04482824449284292
1,4,Kargil,2019,6.888734360341513e6,1.072274657199949e8,74943.34568602066,1.5292675248135725e8,15.565626443270059,0.0450459729809622
1,4,Kargil,2020,6.788773107926126e6,8.433925275609428e7,74338.48478534672,1.37134927674303e8,12.423342394169177,0.049504332871706754
1,4,Kargil,2021,5.74913109286561e6,4.998300654601448e7,74088.63218628704,1.1223821216192555e8,8.69401057979717,0.0512225825957684
1,4,Kargil,2022,5.732549084224696e6,4.147647518398937e7,84849.71534265963,1.173465690037875e8,7.23525862135708,0.04885144178386393
1,4,Kargil,2023,6.118190811715873e6,4.718521229857427e7,91715.99653662124,1.1742284286617647e8,7.7122819066411195,0.05210392341368028
1,5,Punch,2016,1.214580832975657e7,1.0284701750219207e8,196863.7501283697,3.7509899756487435e8,8.467696402735294,0.032380274030606865
1,5,Punch,2017,1.336811855740281e7,1.0397534579661287e8,218160.29961126344,3.85830883448426e8,7.7778593412485,0.034647611507723504
1,5,Punch,2018,1.3231078220136741e7,9.908253009653711e7,216873.67182760776,3.9215639869864434e8,7.488620991276485,0.03373928938567254
1,5,Punch,2019,1.4223318234041778e7,1.1111033295583019e8,219684.30329596283,4.0108693001438415e8,7.81184327929197,0.03546193398406597
1,5,Punch,2020,1.4766695520055458e7,1.1760885188556439e8,231435.69058429528,4.062955501497165e8,7.964466506797907,0.0363447138779001
1,5,Punch,2021,1.575012826591656e7,1.2135709884771198e8,259361.73371006025,4.171712843165288e8,7.70514987553022,0.03775458392760837
1,5,Punch,2022,1.5464636706931915e7,1.10884538407943e8,262766.76058238634,4.058208163923291e8,7.170200018875308,0.038107056322072466
1,5,Punch,2023,1.6020528467629237e7,1.1903003148185173e8,264984.8246626711,4.154441710956073e8,7.42984426027902,0.03856241002342139
1,6,Rajouri,2016,1.7924666232051477e7,1.4518133747368154e8,294032.8185423197,5.859960272031746e8,8.099528080142418,0.030588375005888388
1,6,Rajouri,2017,1.9622416024472155e7,1.499170176941717e8,321584.08956958505,6.08512126404921e8,7.640089655993545,0.03224654887389187
1,6,Rajouri,2018,1.9078787553704895e7,1.3065800032032275e8,341463.8573653796,6.140707757052199e8,6.848338761178269,0.031069362536906536
1,6,Rajouri,2019,2.034006951499274e7,1.4938540134161827e8,345573.76086289744,6.290126113536955e8,7.344389911327773,0.032336505099983544
1,6,Rajouri,2020,2.1122323387631163e7,1.6573298214751473e8,350169.6304932207,6.383691611181372e8,7.846342426731562,0.033087944521997745
1,6,Rajouri,2021,2.2569158135682978e7,1.6287988088354298e8,385911.93276740186,6.615329811642693e8,7.216923196883524,0.03411645190533394
1,6,Rajouri,2022,2.1989316224933483e7,1.445763974433503e8,366085.12374327116,6.292158669729742e8,6.574847346977367,0.03494717374296278
1,6,Rajouri,2023,2.466151026796853e7,1.715969775930406e8,418904.4105202662,6.766276539139897e8,6.958088767820452,0.03644768304297449
1,7,Kathua,2016,1.8278687472266503e7,1.3333347676881948e8,325567.3802348045,3.798800709472427e8,7.294477624343698,0.04811699499446768
1,7,Kathua,2017,1.9933770133927707e7,1.3420568209849672e8,347401.7390080026,3.966912937827128e8,6.7325789951834425,0.050250082233582884
1,7,Kathua,2018,2.0836180071984366e7,1.351149867746553e8,370543.1138283223,4.1139174871245414e8,6.48463328248571,0.050648026211502835
1,7,Kathua,2019,2.1802340543445423e7,1.5317047855843028e8,365362.33851542306,4.199043983813419e8,7.0254144619568795,0.0519221532984404
1,7,Kathua,2020,2.1886409641842786e7,1.6156816866007513e8,362729.76648410154,4.28807523655262e8,7.382123029954924,0.051040171719184374
1,7,Kathua,2021,2.3759572177540712e7,1.806702457521289e8,381255.0944739808,4.410080756248468e8,7.604103491514533,0.053875594327556744
1,7,Kathua,2022,2.3511903479045957e7,1.4709975608867607e8,428281.6333596385,4.387540476407399e8,6.256395030703185,0.05358788962853728
1,7,Kathua,2023,2.4391065492423147e7,1.5771055052644917e8,445342.99813292734,4.487374096033242e8,6.465914766021208,0.05435487429939129
1,8,Baramula,2016,2.6206607371982507e7,2.4199152698829174e8,387115.28834236204,3.2850979671500456e8,9.23398910638868,0.07977420349116039
1,8,Baramula,2017,2.6206162455207262e7,2.2361031982572508e8,413092.8797937708,3.335524243067823e8,8.532738061436113,0.07856684750432018
1,8,Baramula,2018,2.6935038707566343e7,2.1058704195371544e8,445893.18185413035,3.445560017717601e8,7.818330771307163,0.07817318104767358
1,8,Baramula,2019,2.8393309836778756e7,2.2887982370113322e8,457789.04044850956,3.528029708777535e8,8.061047655833978,0.08047922546155957
1,8,Baramula,2020,2.9126033192250423e7,2.3426218663105032e8,462497.1048820179,3.563949856478209e8,8.043051557511118,0.0817240263336138
1,8,Baramula,2021,3.044941763232557e7,2.411005141378008e8,488095.31574074837,3.657087432347848e8,7.918066514409944,0.08326138818282795
1,8,Baramula,2022,3.0985943663482983e7,2.3146525719192445e8,517491.1521411705,3.6812806926310503e8,7.470008327185687,0.08417164093329976
1,8,Baramula,2023,3.208093499003638e7,2.32077298438359e8,532581.1264823535,3.7653680419073987e8,7.234118909266111,0.08519999806920692
1,9,Bandipore,2016,8.914482582820695e6,8.672975061779416e7,134316.20293625814,1.1801553343949524e8,9.729084084468688,0.0755365189904515
1,9,Bandipore,2017,8.79582030010932e6,7.599947300354907e7,145166.11575955697,1.1472087889722349e8,8.640407649370065,0.07667148634721799
1,9,Bandipore,2018,8.979449417508738e6,6.705483066428976e7,162618.45597654485,1.1897466250531556e8,7.467588216883511,0.07547362798450934
1,9,Bandipore,2019,9.590462451114805e6,7.610803497970553e7,166781.2312254338,1.2088872441591987e8,7.935804489892836,0.0793329774753735
1,9,Bandipore,2020,9.933819298196686e6,7.824274294146702e7,172186.04798975462,1.2236445011680837e8,7.876400867858613,0.08118223298281423
1,9,Bandipore,2021,1.0419335828478577e7,7.955806225811262e7,181225.11491165636,1.2599407846878064e8,7.635617429727249,0.08269702794850256
1,9,Bandipore,2022,1.0681430061197616e7,7.625443931840183e7,189030.2316297237,1.2468057362918583e8,7.138972860517151,0.08567036347591246
1,9,Bandipore,2023,1.1196709240030102e7,8.078111119150916e7,196503.3470780253,1.2995499206168427e8,7.214719026792552,0.08615836192514627
1,10,Srinagar,2016,2.0445954941529803e7,1.955373154224766e8,271289.3927973269,1.2637085326711091e8,9.563618621955456,0.1617932807521134
1,10,Srinagar,2017,2.0449173858263604e7,1.824993473444123e8,286327.945544573,1.2919521558854552e8,8.924533998749464,0.15828120077905294
1,10,Srinagar,2018,2.093392500237349e7,1.7978339244657925e8,303296.49430145405,1.3151150017188266e8,8.588135881168743,0.15917942518345018
1,10,Srinagar,2019,2.20148933077228e7,1.947445449708859e8,307757.2047516843,1.3432918210504365e8,8.84603628319969,0.16388764498325795
1,10,Srinagar,2020,2.25874765413494e7,2.1502438000580376e8,294739.3856899426,1.3473313838180146e8,9.519628260030414,0.16764603580554843
1,10,Srinagar,2021,2.333041653983877e7,2.1130319553450423e8,317594.19940872566,1.3794498220273057e8,9.056983409348272,0.1691284174842349
1,10,Srinagar,2022,2.3483233059188545e7,1.9540011468386495e8,328356.8253610182,1.383881618363626e8,8.32083530369804,0.16969105411600413
1,10,Srinagar,2023,2.42178716378937e7,2.1028741427501795e8,337159.8529710359,1.4230050592427236e8,8.683150089291136,0.17018823285689266
1,11,Ganderbal,2016,6.816566051065125e6,6.471501669389896e7,95387.25736764356,1.0532849997049633e8,9.493785611273713,0.06471720429868953
1,11,Ganderbal,2017,6.965057963333911e6,6.060706340409155e7,109211.11614411825,1.0682403609998852e8,8.70158780058181,0.06520122453353604
1,11,Ganderbal,2018,7.123371136742259e6,5.486517671429426e7,120983.19636198354,1.1112676605703124e8,7.70213648300597,0.06410130870798923
1,11,Ganderbal,2019,7.632024533839458e6,6.3431496956883155e7,123198.80986642679,1.1353740011801088e8,8.311228125071624,0.0672203566922153
1,11,Ganderbal,2020,7.859191864688064e6,6.4874215010421924e7,124787.5637820053,1.1351125141503522e8,8.254565625494731,0.06923711761358547
1,11,Ganderbal,2021,8.310227276347723e6,6.64662463628887e7,134393.84116600655,1.1695904070307139e8,7.998126182669227,0.07105245756456938
1,11,Ganderbal,2022,8.619940746138897e6,6.3747993195537984e7,140737.94810206635,1.1849113817688034e8,7.395409675419454,0.0727475563047701
1,11,Ganderbal,2023,9.05139603260754e6,6.870824401148489e7,148157.08530097583,1.2227658492329963e8,7.59090020632887,0.07402395183252138
1,12,Pulwama,2016,1.474318265286288e7,1.3746601907440948e8,222777.9916784539,1.6743076465201825e8,9.324039612825109,0.08805539820297992
1,12,Pulwama,2017,1.4905392673782378e7,1.387223010753271e8,224453.62968640096,1.719909299529335e8,9.30685317129086,0.08666382976044924
1,12,Pulwama,2018,1.531763865708667e7,1.2791288473374724e8,254273.30517596632,1.8078183535720742e8,8.350692139781522,0.08472996541284415
1,12,Pulwama,2019,1.6513382601595983e7,1.3721157456094784e8,266326.17321439466,1.906441996185202e8,8.309113757691694,0.08661885666933128
1,12,Pulwama,2020,1.716971322996927e7,1.488809375038403e8,264535.8626295831,1.922119265839078e8,8.671137106936222,0.08932699200886496
1,12,Pulwama,2021,1.8013994154124e7,1.5002106011115843e8,284374.1755237889,1.9997995980383348e8,8.328028688563421,0.09007899677444921
1,12,Pulwama,2022,1.8264189642185967e7,1.3209824889323653e8,306956.9544546454,2.0414887176680455e8,7.232636732380437,0.0894650530474095
1,12,Pulwama,2023,1.9130101645623215e7,1.3914127270279962e8,320492.5106875368,2.1295713903823915e8,7.273420459563205,0.08983075999245164
1,13,Shupiyan,2016,7.192455997583821e6,7.16905769795631e7,105992.90112046119,1.036249264676624e8,9.96746827559964,0.06940855103842537
1,13,Shupiyan,2017,7.300038363750798e6,6.862289841843241e7,111568.97156008387,1.0635536245460707e8,9.400347641895626,0.06863817860492447
1,13,Shupiyan,2018,7.399101117417142e6,6.252995060538198e7,125708.45337163772,1.1016858935034849e8,8.451019875669676,0.06716162166592847
1,13,Shupiyan,2019,8.027054959300372e6,6.838359792606893e7,131525.55667992934,1.181765647378753e8,8.519139120486246,0.06792425365473262
1,13,Shupiyan,2020,8.372492258680452e6,7.00926636882339e7,136257.40352805197,1.1819335992611825e8,8.371780053372168,0.0708372472354964
1,13,Shupiyan,2021,8.912084326733135e6,7.616669170374125e7,143010.05389435857,1.2299942562929687e8,8.546450966051546,0.07245630848385354
1,13,Shupiyan,2022,9.046031898019906e6,6.868885872542848e7,150909.8827330414,1.1922361811317018e8,7.593258513764896,0.07587449568451425
1,13,Shupiyan,2023,9.48978608571765e6,7.135205032706265e7,159230.4609267697,1.2663202338274355e8,7.518825996978916,0.07493985985705134
1,14,Anantnag,2016,2.02801762523016e7,1.9457030478887695e8,332452.4141939174,2.921772785895642e8,9.59411310672387,0.0694105179916819
1,14,Anantnag,2017,2.078202836587338e7,2.1765679678740275e8,304960.63320357783,2.9139074144292283e8,10.473318241871986,0.07132013962751158
1,14,Anantnag,2018,2.13566977405263e7,1.9741317086739057e8,352079.4587750578,3.0610599237300473e8,9.243618712305924,0.06976896327629596
1,14,Anantnag,2019,2.3021984771490533e7,2.1331488109999976e8,341637.2704427401,3.1793804792519534e8,9.265703336063362,0.0724102853424676
1,14,Anantnag,2020,2.395472919795562e7,2.2566907072104886e8,359008.14100824075,3.214516091268076e8,9.420647958746628,0.07452048307683493
1,14,Anantnag,2021,2.5035974676673763e7,2.330766600073645e8,373555.07352563564,3.2800921769188493e8,9.309669905702696,0.07632704608987932
1,14,Anantnag,2022,2.5578572301213358e7,1.9187287208501866e8,443743.17686253303,3.408121237759268e8,7.501312810798157,0.07505182626082416
1,14,Anantnag,2023,2.6523905498953115e7,1.954404232332448e8,467291.9624146769,3.4334408301645994e8,7.368463261979226,0.07725167495512529
1,15,Kulgam,2016,8.250160062156476e6,8.043632460020301e7,130705.52341688573,1.1744642117152649e8,9.749668369364713,0.07024615973702084
1,15,Kulgam,2017,8.53304016009831e6,8.613981249823596e7,130129.8837832856,1.1948331277838159e8,10.094856098420557,0.07141616650624216
1,15,Kulgam,2018,8.704935026990468e6,7.934323130072549e7,147417.71513552545,1.2479134857307369e8,9.114741357024993,0.06975591758985716
1,15,Kulgam,2019,9.395243595594486e6,8.643301275277035e7,146487.2581956654,1.3227724145218675e8,9.199656387121198,0.07102690903174386
1,15,Kulgam,2020,9.821891827459283e6,9.001105202992602e7,155133.482765403,1.3397140476143153e8,9.164329399177468,0.0733133450750146
1,15,Kulgam,2021,1.036187001121159e7,9.493190326369049e7,161522.65981911,1.3895399777709866e8,9.161657419073366,0.07457050662071239
1,15,Kulgam,2022,1.049883525958266e7,7.820798037792099e7,187613.37823440623,1.37840959205733e8,7.449205406527147,0.07616629570832237
1,15,Kulgam,2023,1.1018002878786677e7,7.90427924771997e7,200112.32826610233,1.4311811671556756e8,7.1739673102993455,0.07698538194632493
1,16,Doda,2016,8.062001329028475e6,6.967927980500059e7,127483.624065857,2.4224993984697843e8,8.642925864339619,0.033279683512495335
1,16,Doda,2017,8.857647874015637e6,7.952834968769108e7,132683.05953890842,2.5073453185463005e8,8.978495286654097,0.035326796865583286
1,16,Doda,2018,9.350988415573714e6,7.406114529501009e7,144972.16787693746,2.605129814858417e8,7.920140845395988,0.03589451996687512
1,16,Doda,2019,1.0087712674502188e7,8.12986574412772e7,144817.79676511578,2.713267176754595e8,8.059176551168886,0.03717920874481793
1,16,Doda,2020,1.0164948704097813e7,8.425456207285032e7,153659.5611466441,2.744735622002565e8,8.288734604128857,0.037034345394189344
1,16,Doda,2021,1.0800268844249733e7,8.784546152906075e7,166862.97207885754,2.808341344185891e8,8.133636559966869,0.038457820900616405
1,16,Doda,2022,1.1251149915457187e7,8.89160338384238e7,186747.53600926558,2.851209083460172e8,7.902839665861009,0.03946097808373636
1,16,Doda,2023,1.118760768463934e7,8.721365658483128e7,189619.40972737354,2.801165869568321e8,7.795559072434781,0.03993911180405546
1,17,Ramban,2016,5.124982974104115e6,4.191820417465662e7,83844.47120421882,1.6231239668748084e8,8.179188962473429,0.03157480931029469
1,17,Ramban,2017,5.677866830328247e6,4.9572132446189776e7,84892.18836870957,1.6947064360009193e8,8.730767016478957,0.03350354202776608
1,17,Ramban,2018,5.9483602631997885e6,4.799756593179992e7,91854.14771554944,1.76354501110275e8,8.069041518675718,0.03372956304347605
1,17,Ramban,2019,6.397648531214507e6,5.18145026436687e7,94781.31156317767,1.8350959428762642e8,8.09899174530496,0.03486274685555165
1,17,Ramban,2020,6.585453695991127e6,5.6059235903297715e7,99125.52827068027,1.851635594856426e8,8.51258523576342,0.03556560326602361
1,17,Ramban,2021,6.837310641749743e6,5.572297600770146e7,106932.14294968154,1.8922593393802848e8,8.14983828107031,0.036133052692391324
1,17,Ramban,2022,7.092143631185457e6,5.6982940314998895e7,118258.54063527525,1.9082632925716528e8,8.03465683695892,0.03716543549725676
1,17,Ramban,2023,7.1257127051852085e6,5.4214435925121866e7,121282.66420967765,1.893143721870941e8,7.608282591251727,0.03763957602829576
1,18,Kishtwar,2016,7.8253733514191955e6,1.4175986674568608e8,97245.3719882885,1.9616561701611513e8,18.115412566223025,0.039891666391140994
1,18,Kishtwar,2017,6.89209913792399e6,8.64769269172122e7,94208.72908496961,1.8257483995218292e8,12.547255224663008,0.037749446417310616
1,18,Kishtwar,2018,8.087586515989348e6,8.133510252575059e7,112294.56634184402,2.162816389823721e8,10.05678299267021,0.03739377301763707
1,18,Kishtwar,2019,7.146042222723877e6,7.947128526267123e7,98874.39411963383,1.9805026793756127e8,11.121020949184784,0.03608196190361524
1,18,Kishtwar,2020,6.694321952862498e6,6.3707988837992564e7,104598.35379433169,1.8537058351539904e8,9.51672018265434,0.03611318379599528
1,18,Kishtwar,2021,6.5606519559373595e6,5.32210523795343e7,109406.56426754459,1.7380433904508272e8,8.112159086776352,0.03774734274174597
1,18,Kishtwar,2022,6.814857708386941e6,4.919056191190265e7,119543.47347370938,1.7367366192454812e8,7.218134848415776,0.0392394427161191
1,18,Kishtwar,2023,6.900757580638101e6,5.0753858799875244e7,121915.85937939385,1.7099396044203812e8,7.354824192387023,0.0403567328506743
1,19,Udhampur,2016,1.4707887262656258e7,1.0186220074333213e8,252959.51806095184,4.263015105686696e8,6.925685445112374,0.03450113803968583
1,19,Udhampur,2017,1.6461505010249533e7,1.1718670258492507e8,271236.48441627115,4.465937706836818e8,7.118832847419501,0.03686013126660708
1,19,Udhampur,2018,1.726404836604749e7,1.1701513278653625e8,290319.8872546725,4.622831664040326e8,6.777965996473064,0.03734518066132397
1,19,Udhampur,2019,1.7805949339316092e7,1.226034836189611e8,294307.3110744507,4.683135201039369e8,6.885534788546701,0.038021429181383154
1,19,Udhampur,2020,1.8210161520690043e7,1.38987001824249e8,280118.14270245197,4.767057293568474e8,7.63238709696971,0.038200005578406776
1,19,Udhampur,2021,1.9044558780586917e7,1.3525890120196825e8,313734.5589052967,4.863442959707223e8,7.102233386464405,0.039158593898124774
1,19,Udhampur,2022,1.8936842380541842e7,1.165731321894822e8,322675.4704896397,4.8038907564733833e8,6.155890715405884,0.03941980228218948
1,19,Udhampur,2023,1.9785512138153717e7,1.2824580628252417e8,344617.2900782289,4.895002615752757e8,6.481803725222723,0.04041981933672795
1,20,Reasi,2016,8.950392803562842e6,7.559731806548007e7,153817.07487637227,3.134484095158893e8,8.446257021858012,0.028554596328583797
1,20,Reasi,2017,1.0091085370628728e7,8.533860745809346e7,162788.20702890042,3.3024987684413683e8,8.4568313837163,0.030555909564778636
1,20,Reasi,2018,1.001475143811431e7,7.67484085893294e7,170768.0815796649,3.3540046263257116e8,7.6635360411681335,0.029859086536458954
1,20,Reasi,2019,1.0744330164490119e7,8.478546209567708e7,176984.25177696912,3.46470336841119e8,7.891181748667032,0.031010822636216472
1,20,Reasi,2020,1.1114539358330881e7,9.286120144344649e7,175304.69679729675,3.5406143946504295e8,8.354930280924558,0.031391555587425776
1,20,Reasi,2021,1.1636918043798596e7,9.435268780518001e7,194117.1379737587,3.644561943069776e8,8.108047805274465,0.0319295383795753
1,20,Reasi,2022,1.0910548043308035e7,7.647664692825101e7,191243.48836893856,3.40098584812837e8,7.009423048657746,0.03208054526105225
1,20,Reasi,2023,1.1734822058989704e7,8.278076191071123e7,209959.8348233984,3.566067069222694e8,7.054283524247844,0.032906902285344784
1,21,Jammu,2016,4.843534474299004e7,3.901354989306577e8,764728.5363627187,5.2559323900397897e8,8.054768702500487,0.09215366779598808
1,21,Jammu,2017,5.108681691331681e7,4.070973617642062e8,792677.7388809308,5.464881485757276e8,7.968736092032542,0.0934820216073499
1,21,Jammu,2018,5.269597171353819e7,3.767575788824702e8,868838.0062751074,5.567603276366957e8,7.14964667376419,0.09464749749181847
1,21,Jammu,2019,5.5969767386991255e7,4.362292220378698e8,862853.1355424413,5.702052566959444e8,7.7940152765269515,0.09815722799770067
1,21,Jammu,2020,5.577428601564826e7,4.4675816362807405e8,860122.5806176362,5.779901625096506e8,8.010109954661361,0.09649694689175096
1,21,Jammu,2021,5.833594441217062e7,4.4442761828789306e8,922418.328184071,5.92940672151505e8,7.618418159956492,0.09838411691425501
1,21,Jammu,2022,5.9885602556934215e7,4.0145896163412803e8,964005.5855455132,5.977455810148784e8,6.703764252057988,0.10018577210601513
1,21,Jammu,2023,6.082320506731865e7,4.3126536855653644e8,1.0211943385688876e6,6.100946777551701e8,7.090474237245724,0.0996946986836802
1,22,Samba,2016,1.2856593474806773e7,1.0131777731645054e8,198399.87363529394,1.5420779226441863e8,7.880608305379531,0.0833718795011454
1,22,Samba,2017,1.3497291410235163e7,1.0420309406052844e8,210618.34666258597,1.5981662679036844e8,7.7202966797849495,0.08445486356021997
1,22,Samba,2018,1.4022012744803485e7,9.82958060648104e7,230011.00556793783,1.6680185627643612e8,7.01010674100539,0.08406388908265619
1,22,Samba,2019,1.4999854349683505e7,1.1459399940337193e8,229976.13431244402,1.704472569686351e8,7.639674141621906,0.08800290844483175
1,22,Samba,2020,1.4858334848788798e7,1.1886145330879617e8,222993.75113611174,1.7332271857339922e8,7.999648313113993,0.08572641238890184
1,22,Samba,2021,1.5777357244799573e7,1.2299811926349801e8,244825.9710849074,1.7926325186220893e8,7.795863233307963,0.08801222269986975
1,22,Samba,2022,1.5997720430749485e7,1.0527168957905e8,268838.6867575807,1.834704856274012e8,6.580418131117327,0.08719506233410348
1,22,Samba,2023,1.6396127024336658e7,1.1213911541058792e8,275098.7066942955,1.8585613400669426e8,6.839366104211111,0.08821945593545003
2,23,Chamba,2016,1.4063698573911775e7,1.534268969188322e8,232012.48452254556,3.5038588449075145e8,10.909427282766128,0.040137742975439386
2,23,Chamba,2017,1.4805202307136852e7,1.4804579855594265e8,252703.00202194756,3.562026607842525e8,9.999579572416726,0.04156398572245416
2,23,Chamba,2018,1.5245171453126607e7,1.47438453760659e8,260599.08052477418,3.642637529445351e8,9.671157468709287,0.04185201335541043
2,23,Chamba,2019,1.5817432948850486e7,1.5065598500741097e8,258725.41541494124,3.708494318490656e8,9.524679857635162,0.0426519001794996
2,23,Chamba,2020,1.5861232607941562e7,1.538039940439054e8,262574.1704482806,3.758032705029565e8,9.696850039693464,0.04220621227354853
2,23,Chamba,2021,1.6833944765829988e7,1.6863954778695193e8,273855.11784574535,3.887119447007047e8,10.017827082886788,0.04330699119316122
2,23,Chamba,2022,1.6362865229214257e7,1.569679732992235e8,291805.9999773789,3.7831058506462544e8,9.592939323302188,0.04325246470811555
2,23,Chamba,2023,1.703728184698112e7,1.656110752409615e8,308430.8916318595,3.884348853092447e8,9.720510391762202,0.04386135872790423
2,24,Kangra,2016,6.12815005620879e7,5.2746448912572646e8,986631.3395857518,9.581136329407396e8,8.607238469810659,0.06396057675747344
2,24,Kangra,2017,6.5086277276854284e7,4.8783353670505637e8,1.0831713031152075e6,9.832252011450292e8,7.4951826577818075,0.06619671383631859
2,24,Kangra,2018,6.489549949195767e7,5.1446420683633935e8,1.0401589586970574e6,9.847806627564453e8,7.927579121262416,0.0658984299207422
2,24,Kangra,2019,6.894833333484998e7,5.69192306261861e8,1.0273468155716484e6,9.987234242626493e8,8.255345397510316,0.06903646360928609
2,24,Kangra,2020,6.836674375132392e7,5.698623386895949e8,1.0457687318821584e6,1.0180636830293275e9,8.335373420188079,0.06715370058962654
2,24,Kangra,2021,7.210574682126445e7,6.276284217374797e8,1.0739582866328415e6,1.036911043012745e9,8.704277389890205,0.069538990164249
2,24,Kangra,2022,7.185877573911723e7,5.144959608251585e8,1.2135008356174987e6,1.0474251495653569e9,7.159820850455793,0.0686051655041279
2,24,Kangra,2023,7.305474294319837e7,5.3229623830293274e8,1.2221349713468438e6,1.0582498072604204e9,7.286265297200546,0.06903355185324463
2,25,Lahul & Spiti,2016,6.099798246532148e6,2.1122888716325942e8,38470.721160163885,1.4358954455249307e8,34.62883174592653,0.04248079667320207
2,25,Lahul & Spiti,2017,6.939881750837241e6,1.8914381068422824e8,49242.46563236898,1.8496659147366726e8,27.254615780940295,0.037519649875935764
2,25,Lahul & Spiti,2018,5.107542374584448e6,1.2364180108831082e8,41121.932282592854,1.2746209915191863e8,24.207689730302118,0.04007106746686249
2,25,Lahul & Spiti,2019,6.625105423665974e6,1.7819546623588008e8,46254.56534178735,1.750805951885072e8,26.897000853652283,0.03784031814909472
2,25,Lahul & Spiti,2020,2.577506437805717e6,4.25621570072836e7,26847.134828249425,7.121128745698145e7,16.512919767338243,0.036195195029478745
2,25,Lahul & Spiti,2021,2.3044368624700885e6,2.905383607561974e7,25600.61957725745,6.295202832349495e7,12.60778134076427,0.036606236905158254
2,25,Lahul & Spiti,2022,2.265362441937242e6,2.6718984817938957e7,29380.56050557465,6.84250049219248e7,11.79457393806265,0.033107230968007904
2,25,Lahul & Spiti,2023,2.2653997195586986e6,2.658468516002018e7,30660.54563159455,6.34457715585095e7,11.735096870762787,0.03570607881203799
2,26,Kullu,2016,1.6675411686785711e7,2.2741980531971887e8,254767.82902256757,4.006689371144148e8,13.638032427105578,0.041618928102788985
2,26,Kullu,2017,1.8785627895816967e7,2.3291679846381634e8,294570.31222436664,4.221819056960938e8,12.398669863767523,0.044496525413241506
2,26,Kullu,2018,1.7862919953898378e7,1.81916381176898e8,308133.4714806608,4.1938197313393074e8,10.184022637194701,0.04259343772078111
2,26,Kullu,2019,1.8517866841052666e7,1.9259434496014857e8,301068.94270096987,4.3452125895934427e8,10.400460626122548,0.04261671082653583
2,26,Kullu,2020,1.792889656191944e7,1.7460767542592528e8,289158.8369425004,4.2052220069237524e8,9.738896915540689,0.042634839569468945
2,26,Kullu,2021,1.823152764787122e7,1.8088277777886623e8,320210.9724200542,4.299776356146064e8,9.921427390643634,0.042401106796662175
2,26,Kullu,2022,1.801707396282982e7,1.5928583303315634e8,331954.4586527547,4.20775941019493e8,8.840826949024656,0.04281868853807674
2,26,Kullu,2023,1.8957813503310405e7,1.6791183732675782e8,340228.6933721142,4.264802971741767e8,8.857130981768394,0.04445179209666499
2,27,Mandi,2016,3.472605440533268e7,3.46284073877871e8,579192.5375546647,8.319333501186924e8,9.971880762379216,0.04174138998079388
2,27,Mandi,2017,3.6382554130412996e7,3.397784732392971e8,652091.651977093,8.522088023601024e8,9.33904948018118,0.04269206564125523
2,27,Mandi,2018,3.6694061497435376e7,3.3074600057017124e8,649135.9621853351,8.582773655866728e8,9.013611115065247,0.042753150634880444
2,27,Mandi,2019,3.843387860792195e7,3.477393049154057e8,661417.9837659057,8.740750754656519e8,9.047728657906777,0.043970912438438786
2,27,Mandi,2020,3.9364769378079265e7,3.689774056795152e8,643952.0604815145,8.952262785285884e8,9.37329016552005,0.04397186535093672
2,27,Mandi,2021,4.036003563465206e7,3.955409953761363e8,681933.2219403512,9.061642820881395e8,9.800313333631827,0.04453942450881813
2,27,Mandi,2022,4.0733564214966595e7,3.627456761282604e8,719558.4092834208,9.050019094561085e8,8.905326187856106,0.045009368255860153
2,27,Mandi,2023,4.1614334213283755e7,3.7619409846240395e8,728329.8710063293,9.12026911559551e8,9.040012427792696,0.0456284060106559
2,28,Hamirpur,2016,1.9088843116185553e7,1.7664596823982236e8,332938.9620776628,2.9134861673885566e8,9.25388548507914,0.06551890765726698
2,28,Hamirpur,2017,2.011529706225585e7,1.8033223666499114e8,337983.0579033076,2.997864817337393e8,8.964930326749428,0.06709874623406671
2,28,Hamirpur,2018,1.9876010844863053e7,1.9002245606899682e8,334012.1654540725,2.98617176437209e8,9.560392050103356,0.06656017273354144
2,28,Hamirpur,2019,2.140847702892735e7,2.116716443476926e8,324779.8259279117,3.0309422622693014e8,9.887281755805411,0.07063307439218118
2,28,Hamirpur,2020,2.0741847975420292e7,2.0018433519857836e8,332980.88274276664,3.065963304209559e8,9.651229506445267,0.0676519772658133
2,28,Hamirpur,2021,2.172894983119296e7,2.2378658423387322e8,344474.9956559011,3.1136595286184514e8,10.2990059792313,0.06978588902054496
2,28,Hamirpur,2022,2.2216136713971555e7,1.9375528142295474e8,381085.7693370117,3.151212422422143e8,8.72137599428363,0.07050028286222411
2,28,Hamirpur,2023,2.2094328514440916e7,1.9957257797382468e8,381230.3977242598,3.1947137437051547e8,9.03275145218301,0.06915902420983869
2,29,Una,2016,2.1234910649182614e7,1.687328107670817e8,342745.1395409121,3.279696426332184e8,7.946009924632137,0.06474657373374787
2,29,Una,2017,2.2797299661659744e7,1.647774215932754e8,362639.1954550798,3.401216991407782e8,7.2279359414832935,0.06702688984340226
2,29,Una,2018,2.300216064124088e7,1.853522338436569e8,354155.3755141019,3.407603092463925e8,8.058035796486719,0.06750246439237963
2,29,Una,2019,2.4375222438132226e7,1.9661462690259752e8,355034.06864957436,3.477514020651157e8,8.066167494538083,0.0700938149878919
2,29,Una,2020,2.396241923799584e7,1.938457213649157e8,361092.4928032492,3.538693773055798e8,8.08957223557568,0.06771543618848763
2,29,Una,2021,2.4916702582941484e7,1.912826610081624e8,397155.21090734564,3.601652552476294e8,7.676885028082275,0.06918130558098992
2,29,Una,2022,2.532828134130268e7,1.695522604049057e8,438935.7140673739,3.671731150678079e8,6.694187344185009,0.0689818516168461
2,29,Una,2023,2.537947848317161e7,1.6595014535267958e8,441701.20618773805,3.691446486166743e8,6.53875316873498,0.06875212353281616
2,30,Bilaspur,2016,1.3728123985990783e7,1.2774906197862138e8,241923.38168397036,2.9328799322262555e8,9.305645994236809,0.046807657671721334
2,30,Bilaspur,2017,1.4548242397440251e7,1.2619379260631555e8,262011.79743245075,3.013418382676662e8,8.674160710198176,0.04827820285783817
2,30,Bilaspur,2018,1.4458552090245273e7,1.2983487645648034e8,257306.8602946985,3.006723735336742e8,8.979797952526368,0.04808739798844861
2,30,Bilaspur,2019,1.5484733355703345e7,1.365527968468671e8,267813.310246193,3.0630137957065713e8,8.81854363973093,0.05055391319950405
2,30,Bilaspur,2020,1.5321706379181193e7,1.378210218841521e8,260672.61379018138,3.0842744317835855e8,8.995148351845481,0.04967685826296884
2,30,Bilaspur,2021,1.5743843499606602e7,1.4467620493221673e8,278509.7994903613,3.143421939731081e8,9.18938281721562,0.050085046810335244
2,30,Bilaspur,2022,1.6217706466762481e7,1.3341522549517909e8,302553.59721649403,3.1740731911240804e8,8.226516232033678,0.0510943052986723
2,30,Bilaspur,2023,1.647123292181912e7,1.3805267475375727e8,298699.1123924918,3.2074293780765545e8,8.381441474905111,0.051353376739651437
2,31,Solan,2016,2.4537164744258594e7,2.584555297392576e8,321181.84153346677,3.8429532044687104e8,10.533227144743083,0.06384976198962294
2,31,Solan,2017,2.5835934695156023e7,2.4774039233688453e8,382600.8056609906,3.957219864721393e8,9.58898508066493,0.0652880951232539
2,31,Solan,2018,2.660926677061033e7,2.4951683182804972e8,364494.745090618,4.0211268686507744e8,9.377065290037928,0.06617365638985334
2,31,Solan,2019,2.7743828436240356e7,2.69004126972272e8,379424.57001210493,4.1080847179225636e8,9.695998790883724,0.06753470373967911
2,31,Solan,2020,2.81311841275533e7,2.8087787690104014e8,360354.8467345096,4.1644935564383036e8,9.984573547543354,0.06755007240691371
2,31,Solan,2021,2.9391847613122918e7,3.0522069966473806e8,387679.8400138156,4.2602821683028114e8,10.384536000671922,0.0689903777543258
2,31,Solan,2022,2.9352385479937177e7,2.8301481397449315e8,425203.13145492855,4.304723221735217e8,9.641969787019125,0.06818646395599239
2,31,Solan,2023,3.0122780093804736e7,2.804506511931334e8,422886.7033227797,4.361749517368873e8,9.310251255687149,0.06906123328231747
2,32,Sirmaur,2016,1.5580830442113249e7,1.4157845209983316e8,258677.68465727763,3.789226070219515e8,9.086707709568701,0.04111876713972527
2,32,Sirmaur,2017,1.6766302367481964e7,1.2984593813390765e8,293947.43219627463,3.942700934948875e8,7.744458813157411,0.04252491539204044
2,32,Sirmaur,2018,1.731025347684158e7,1.3462499377506974e8,294258.0026215345,4.0184968736438036e8,7.7771821166672686,0.04307643883058536
2,32,Sirmaur,2019,1.8301605910675693e7,1.4750010271431258e8,306134.411059399,4.1549338938560057e8,8.059407651668034,0.04404788711016243
2,32,Sirmaur,2020,1.8352391387286454e7,1.54564807746141e8,301705.2053244633,4.2379376624425924e8,8.422052716967181,0.04330500552173957
2,32,Sirmaur,2021,1.9140940842541106e7,1.7242308548771566e8,307370.67978425656,4.302051313405255e8,9.0080778633672,0.044492590738975275
2,32,Sirmaur,2022,1.9257825426057953e7,1.5796470656696463e8,342073.4547826624,4.3699592801726794e8,8.202624287642625,0.04406866103634947
2,32,Sirmaur,2023,1.9970802361749563e7,1.539553355683133e8,341026.9820929517,4.394282881705614e8,7.70902103879345,0.045447238831374505
2,33,Shimla,2016,2.701216649109854e7,2.859734213909357e8,455838.60973776726,7.756852443017887e8,10.586837656475057,0.03482361781345059
2,33,Shimla,2017,2.806679776606313e7,2.845392614085043e8,497317.9648115414,7.90247046813086e8,10.137931080707538,0.03551648548292729
2,33,Shimla,2018,2.941338213486016e7,2.690402355657433e8,510667.0989595943,8.187968428191597e8,9.14686499948206,0.03592268630835015
2,33,Shimla,2019,3.0354353430872295e7,2.772994613847163e8,510748.399477336,8.392401669909121e8,9.13540991792911,0.03616885204590189
2,33,Shimla,2020,3.1575858375299778e7,3.011860857230724e8,505706.6082372956,8.598609202653224e8,9.53849241858379,0.03672205310314207
2,33,Shimla,2021,3.225351093292441e7,3.200425091005112e8,540215.5602365554,8.823066625867723e8,9.922718483767035,0.036555896380021234
2,33,Shimla,2022,3.246991381223934e7,3.099615012950912e8,560325.5467905641,8.917485428495593e8,9.546114076171433,0.03641151316993754
2,33,Shimla,2023,3.406905232235327e7,3.1521308519296724e8,582526.0203083714,9.096720356052389e8,9.252182368047574,0.03745201675863968
2,34,Kinnaur,2016,4.701198018903761e6,8.356240625685799e7,70084.67374059725,1.2385443936104089e8,17.774704643550265,0.037957444587025026
2,34,Kinnaur,2017,5.640305220495561e6,8.829239446800414e7,81399.33253103623,1.4526821065597808e8,15.653832730039158,0.03882683757875179
2,34,Kinnaur,2018,4.582576420281633e6,4.59097302603469e7,72139.9634310665,1.2040060106210172e8,10.018322893025625,0.038061075940293475
2,34,Kinnaur,2019,5.007042886528232e6,5.849020599663858e7,74387.87010539538,1.3448771567868796e8,11.681586781293646,0.03723048503917514
2,34,Kinnaur,2020,4.390777610406125e6,4.449165454281333e7,70421.789515593,1.1837476623185891e8,10.13297836751474,0.03709217555543868
2,34,Kinnaur,2021,4.489372752910287e6,4.931110493473018e7,74621.21937823381,1.220938159055262e8,10.98396316117072,0.036769861926373694
2,34,Kinnaur,2022,4.2924533718629675e6,4.1017078077400535e7,82147.52049778058,1.1527277921495481e8,9.555625774823202,0.03723735474320975
2,34,Kinnaur,2023,4.456064093788404e6,4.519479263424857e7,85334.30892912517,1.1663439337914753e8,10.142312068008293,0.03820540378088065
3,35,Gurdaspur,2016,7.012100729413638e7,5.457809860693296e8,1.124181908961513e6,8.399980357056108e8,7.783416227606996,0.08347758484367608
3,35,Gurdaspur,2017,7.35863912999063e7,5.3316863170864487e8,1.2163969338385907e6,8.726522036498508e8,7.245478712710345,0.0843249933846871
3,35,Gurdaspur,2018,7.668825943074481e7,5.2041723305390805e8,1.2731752528203353e6,8.929270452426507e8,6.786139585341397,0.08588412663646554
3,35,Gurdaspur,2019,7.918313747005206e7,5.887542183962486e8,1.2524265137508253e6,9.108776237430915e8,7.435348449269542,0.08693059902455709
3,35,Gurdaspur,2020,7.927623622919963e7,5.850541186306704e8,1.2520173793129257e6,9.037692163892044e8,7.379943176656245,0.0877173450827735
3,35,Gurdaspur,2021,8.291708348266004e7,6.151397015011808e8,1.3160177635321121e6,9.325037659514095e8,7.418732975935186,0.08891876527497118
3,35,Gurdaspur,2022,8.244908198657772e7,5.402721653941476e8,1.3805563012112242e6,9.260059532897059e8,6.552797828386993,0.0890373130903437
3,35,Gurdaspur,2023,8.319150558057877e7,5.532309024326963e8,1.4140969366397643e6,9.24906774766345e8,6.650088835053482,0.08994582789340587
3,36,Kapurthala,2016,2.936268558182993e7,2.2995846325118873e8,472167.28891890467,3.2675708949664897e8,7.831656358895539,0.08986089828092639
3,36,Kapurthala,2017,3.1039778750747878e7,2.2273715091037488e8,495653.35728992376,3.5837379792261416e8,7.17586142282049,0.08661285766614692
3,36,Kapurthala,2018,3.0898454026138175e7,2.2780544057997915e8,490991.361164074,3.464316887432675e8,7.3727132233628865,0.08919061110785483
3,36,Kapurthala,2019,3.2427528611770596e7,2.5098681513046035e8,484928.2932582251,3.545929921568053e8,7.739930419469486,0.09144999853079655
3,36,Kapurthala,2020,3.2351819171512008e7,2.7549283507914233e8,465891.78548485687,3.4791831414822316e8,8.515528404094587,0.09298682436627699
3,36,Kapurthala,2021,3.3480396589800127e7,2.574328679787159e8,507332.4357889577,3.6608966585781634e8,7.689062681448145,0.0914540881981722
3,36,Kapurthala,2022,3.258927979679953e7,2.4407738677078122e8,517452.3234596596,3.4992938279484534e8,7.489499255357927,0.09313101842581134
3,36,Kapurthala,2023,3.3746265922837146e7,2.4031259627004474e8,533540.1612657809,3.5105978806267613e8,7.121161103262028,0.09612683386230578
3,37,Jalandhar,2016,7.64500596860501e7,6.031860202514571e8,1.1974290971740338e6,7.340580832872204e8,7.889935243065884,0.10414715323846781
3,37,Jalandhar,2017,8.012524249889201e7,5.878508247023873e8,1.2363518418069365e6,7.84998347258498e8,7.33664955473322,0.1020705875097938
3,37,Jalandhar,2018,8.043221451491572e7,6.179546494507163e8,1.2118355996018017e6,7.641233398578162e8,7.682924723353476,0.10526077443188961
3,37,Jalandhar,2019,8.309212170357409e7,6.604085414168377e8,1.2045324054249767e6,7.746070631617916e8,7.947908031194625,0.10727002845082334
3,37,Jalandhar,2020,8.278391789011295e7,7.225206677649246e8,1.1747844287362304e6,7.695095624501071e8,8.72779020587061,0.10758010287296518
3,37,Jalandhar,2021,8.562541097881338e7,6.688429477887278e8,1.2725283994148136e6,7.997677601842906e8,7.8112670075735124,0.1070628440424789
3,37,Jalandhar,2022,8.279300143404768e7,6.420538750349928e8,1.291647852956086e6,7.671102635350032e8,7.754929328736178,0.10792842355220274
3,37,Jalandhar,2023,8.609399510971838e7,6.406595466240997e8,1.338447204502486e6,7.772168070429459e8,7.441396415715658,0.11077217364518621
3,38,Hoshiarpur,2016,6.0829839434393734e7,4.80516925815918e8,994618.0281502069,6.762345677535577e8,7.89936206118324,0.08995375618917213
3,38,Hoshiarpur,2017,6.436527389670354e7,4.530315846386131e8,1.0675621532942262e6,7.23747159470504e8,7.0384472435503,0.08893336996830965
3,38,Hoshiarpur,2018,6.545125681748315e7,4.86537829616221e8,1.0593630746560048e6,7.221816509753025e8,7.4335903277300925,0.09062990831889951
3,38,Hoshiarpur,2019,6.827397251407011e7,5.2245961704157066e8,1.0466263323101985e6,7.415916062879136e8,7.652398092609897,0.09206411174988893
3,38,Hoshiarpur,2020,6.792829546779187e7,5.35684779638852e8,1.0635189113254137e6,7.488888570539792e8,7.88603299920644,0.09070544290779274
3,38,Hoshiarpur,2021,7.064232540478963e7,5.1568750994295007e8,1.1260798266725943e6,7.729346600574485e8,7.299979254476607,0.09139495102928769
3,38,Hoshiarpur,2022,6.994935131636962e7,4.8161972763976735e8,1.1957929657069545e6,7.57871356468363e8,6.885263674018635,0.09229713027066966
3,38,Hoshiarpur,2023,7.116237483546236e7,4.665177937761954e8,1.2171493542607182e6,7.562780027937691e8,6.555680510309719,0.09409552383195226
3,39,Shahid Bhagat Singh Nagar,2016,2.577730979410069e7,1.942262992729202e8,454400.31868354947,2.964827416904604e8,7.534777710487468,0.08694371094629587
3,39,Shahid Bhagat Singh Nagar,2017,2.7161956164804265e7,1.9604424614931065e8,462846.7434845873,3.118616165143382e8,7.217604098902845,0.08709618217333732
3,39,Shahid Bhagat Singh Nagar,2018,2.7164056396635987e7,2.1693596086045474e8,447873.8941096269,3.0321697350079656e8,7.986140129178947,0.08958619988522716
3,39,Shahid Bhagat Singh Nagar,2019,2.856703450088659e7,2.2416221517130303e8,451056.94000513497,3.113094117460555e8,7.846884322709313,0.0917641209132141
3,39,Shahid Bhagat Singh Nagar,2020,2.8072717673094068e7,2.332214136061889e8,433108.0142246119,3.1180003069389164e8,8.307760449916003,0.09003436468758509
3,39,Shahid Bhagat Singh Nagar,2021,2.9019718373465523e7,2.174288011908176e8,485223.2270331848,3.214931429069394e8,7.492450422593551,0.09026543493609032
3,39,Shahid Bhagat Singh Nagar,2022,2.893303897326898e7,1.99195088425451e8,511760.8634453772,3.050813743717372e8,6.884692914888266,0.0948371202039181
3,39,Shahid Bhagat Singh Nagar,2023,2.973836670427095e7,2.046498071505384e8,519537.94070764456,3.0458140844526654e8,6.881676091550351,0.09763684151330909
3,40,Fatehgarh Sahib,2016,2.238430966472387e7,1.737347219860648e8,389924.88457892014,2.7155527829809284e8,7.761450971162124,0.08243002973469021
3,40,Fatehgarh Sahib,2017,2.3251112023318667e7,1.67629422996895e8,390218.24574573047,2.774325060346508e8,7.209522831801702,0.08380817502479196
3,40,Fatehgarh Sahib,2018,2.2526504373967703e7,1.725067101409727e8,389248.7558511733,2.7145131929123014e8,7.657944050135296,0.08298542969982711
3,40,Fatehgarh Sahib,2019,2.3942355238964397e7,1.9746046038922152e8,374513.31944860297,2.782811111613128e8,8.247328152072079,0.0860365805607467
3,40,Fatehgarh Sahib,2020,2.364795331457815e7,1.9952078130613568e8,362229.8490267057,2.725539025228133e8,8.437126826664445,0.08676431742744453
3,40,Fatehgarh Sahib,2021,2.4984191904020917e7,1.9346358206881678e8,399890.7172477722,2.828852560335593e8,7.743439644236845,0.08831917313165655
3,40,Fatehgarh Sahib,2022,2.514175030820889e7,1.752210141485187e8,425696.3286751264,2.567656004067019e8,6.969324410612267,0.09791712857324271
3,40,Fatehgarh Sahib,2023,2.5406866001071583e7,1.914931921497635e8,429638.5804333301,2.6355904792014402e8,7.537064671482382,0.09639914167837497
3,41,Ludhiana,2016,1.1858120271409069e8,9.427123595043806e8,1.7930287553935612e6,1.007121610093907e9,7.949930831595121,0.11774268521855452
3,41,Ludhiana,2017,1.238602967782535e8,9.549494772407333e8,1.8477170265789444e6,1.0704292021882735e9,7.709891725436237,0.11571087235386185
3,41,Ludhiana,2018,1.2515726698067129e8,1.0312269921714329e9,1.8052648767014244e6,1.0432187668586243e9,8.23944959049554,0.11997221575830071
3,41,Ludhiana,2019,1.303655536833259e8,1.0697922492540283e9,1.7864312208502688e6,1.0635683861164752e9,8.206096004874771,0.12257373891992414
3,41,Ludhiana,2020,1.3124252772391014e8,1.2041390139093802e9,1.6855818268179146e6,1.0596376940036844e9,9.174914829760679,0.12385603915997896
3,41,Ludhiana,2021,1.347204379243677e8,1.0877566419944863e9,1.8862568805097614e6,1.091032785566245e9,8.07417685655947,0.12347973379594446
3,41,Ludhiana,2022,1.3477013701066253e8,1.0770676698985023e9,1.9668914513370025e6,1.0445868849889132e9,7.991886732394496,0.1290176422347988
3,41,Ludhiana,2023,1.4078259079704604e8,1.1318095661760337e9,2.0391093562150775e6,1.082546192771404e9,8.03941424694808,0.1300476522268592
3,42,Moga,2016,3.66689069535725e7,2.3229800847760162e8,623397.986628187,4.293306133217372e8,6.335013169924058,0.08540948587351979
3,42,Moga,2017,3.8509101782187924e7,2.4436596077025312e8,659709.378999371,4.838262283068858e8,6.34566763339265,0.07959283628948287
3,42,Moga,2018,3.806485197490764e7,2.4844853554796255e8,669115.0346871465,4.747913262577819e8,6.5269802102932095,0.08017175097727208
3,42,Moga,2019,4.0269861850549735e7,2.6610268521939853e8,652874.8699860012,4.952378475639017e8,6.607986046909319,0.08131418478744927
3,42,Moga,2020,4.076599951176172e7,3.1496085864137274e8,618491.3713587449,4.800228516629671e8,7.726067370199053,0.08492512256559044
3,42,Moga,2021,4.135673682810708e7,2.7879074477276987e8,701140.1175535754,5.0220980456034774e8,6.74112045956432,0.08234952096228434
3,42,Moga,2022,3.9795210227306396e7,2.4492389434165874e8,703555.860677844,4.8018575898107e8,6.154607374673413,0.08287461567321328
3,42,Moga,2023,4.22403349490427e7,2.56800268732539e8,749786.4809999721,4.9453514744503677e8,6.079503608158745,0.08541422215847123
3,43,Firozpur,2016,6.466992931177882e7,3.997087390744192e8,1.1218950274392418e6,8.864828703203049e8,6.180751136241264,0.07295113247750881
3,43,Firozpur,2017,6.6422458121925235e7,4.069877592445762e8,1.1663012172305733e6,9.468148617709864e8,6.127261332266693,0.0701535863069198
3,43,Firozpur,2018,6.6908743262522504e7,4.105114193643838e8,1.189972754973352e6,9.571171845996054e8,6.135392765541943,0.06990653217715728
3,43,Firozpur,2019,7.139399370656528e7,4.5603945639473933e8,1.227370146048295e6,1.018007817144562e9,6.3876445723024835,0.07013108593490003
3,43,Firozpur,2020,7.217702129053919e7,5.438357617865658e8,1.1493610517224763e6,1.006399150304251e9,7.534749315816537,0.07171808647564824
3,43,Firozpur,2021,7.434351810769217e7,4.898053334137533e8,1.2762795150730521e6,1.0325592512792854e9,6.588406708224831,0.07199927560145777
3,43,Firozpur,2022,7.164762389477639e7,4.180407059424197e8,1.3045832335860082e6,9.861269357311888e8,5.834676479381444,0.0726555794175234
3,43,Firozpur,2023,7.409673949502072e7,4.284173564959142e8,1.32956545610997e6,1.0020875762256397e9,5.78186515919103,0.07394237914225611
3,44,Muktsar,2016,3.109066080979916e7,1.8361343263016257e8,560476.3995181572,4.103491659395528e8,5.905742362744868,0.0757663555587171
3,44,Muktsar,2017,3.1768416434592247e7,1.903346674350664e8,572368.4135611157,4.349924728157934e8,5.9913174402930975,0.07303210611657007
3,44,Muktsar,2018,3.1468722836795285e7,1.977817405779501e8,561627.2455836982,4.2564401435833716e8,6.285025979722659,0.07393202247712731
3,44,Muktsar,2019,3.3552260682990834e7,2.044464776842198e8,587337.8082722529,4.454907381318742e8,6.093374142978777,0.07531528225185838
3,44,Muktsar,2020,3.483701401829031e7,2.6733617074870235e8,547028.5939479632,4.584333830820544e8,7.673911736762058,0.07599144238598105
3,44,Muktsar,2021,3.488066934281251e7,2.264785752552348e8,610220.8533625533,4.611221568531251e8,6.492953820047689,0.07564301308107077
3,44,Muktsar,2022,3.406573001780138e7,1.9998105548330477e8,627607.8225803372,4.3005789008026963e8,5.870446791505795,0.0792119637926956
3,44,Muktsar,2023,3.4864676791096196e7,2.0086058143412295e8,630961.1107017612,4.496220177400353e8,5.7611485297181675,0.0775421919200906
3,45,Faridkot,2016,2.2223586605396427e7,1.3947243017831984e8,379434.83312602644,2.675681132594593e8,6.2758740366621355,0.08305767953689736
3,45,Faridkot,2017,2.2882107908480432e7,1.475221719521575e8,391588.4272073549,2.832781379466452e8,6.447053415803694,0.08077611662637456
3,45,Faridkot,2018,2.2704702516053364e7,1.4851984949219218e8,400469.60052942595,2.8244605387999773e8,6.541369541714153,0.08038597885916957
3,45,Faridkot,2019,2.379366766922672e7,1.524354540237957e8,401235.0186780878,2.900365882441942e8,6.406555565241689,0.08203677961207369
3,45,Faridkot,2020,2.46552813841409e7,1.937681259705295e8,376057.1392134534,2.937360938872319e8,7.8590920521867424,0.08393684636388711
3,45,Faridkot,2021,2.484548306707698e7,1.6753509302337173e8,423192.06190679484,2.984215523514361e8,6.74308052578677,0.08325632941489998
3,45,Faridkot,2022,2.4022801815943044e7,1.501681835291118e8,418632.63093295804,2.891342025700828e8,6.2510686588377355,0.083085299499011
3,45,Faridkot,2023,2.4804145644113753e7,1.5338419614426783e8,440515.41190465045,3.0062278725658697e8,6.1838129135750854,0.08250919988624471
3,46,Bathinda,2016,5.278470604074336e7,3.470822435548139e8,884325.8298099544,6.260269111326365e8,6.575431968625699,0.08431699197282566
3,46,Bathinda,2017,5.446054755950208e7,3.6952269891100746e8,909567.5494533739,6.797648860221661e8,6.785144760200533,0.08011674136066835
3,46,Bathinda,2018,5.452383772277046e7,4.152358328168934e8,901472.8099493629,6.761738729748888e8,7.615675091107554,0.08063582445575404
3,46,Bathinda,2019,5.6958425373850495e7,3.893562942287662e8,911563.6557979952,6.894169716281135e8,6.835798069788617,0.0826182524044028
3,46,Bathinda,2020,6.0040990208095334e7,4.989488549822918e8,857390.0731223283,7.025228441662645e8,8.310137012280961,0.08546482254160773
3,46,Bathinda,2021,6.0685389929562405e7,4.458985652119436e8,982338.671826074,7.30686907799981e8,7.347708661499886,0.08305252123960935
3,46,Bathinda,2022,5.9173735416090705e7,3.791008334394725e8,1.0261457283750825e6,7.127295632786227e8,6.40657262506342,0.08302410684900732
3,46,Bathinda,2023,6.185280714639764e7,4.0164027933913684e8,1.0604897590751129e6,7.301068710662147e8,6.493485063475065,0.08471747027400335
3,47,Mansa,2016,2.831304606359314e7,1.860711069672124e8,512551.9821302278,3.6422756519755286e8,6.571921175463894,0.07773449559820238
3,47,Mansa,2017,2.981511291987968e7,1.8965385383358952e8,545157.7838615226,3.942206900966299e8,6.360997335251914,0.07563051272770972
3,47,Mansa,2018,2.921895723303947e7,2.104284222545353e8,527034.5346794662,3.7992057380569845e8,7.201777276862995,0.07690806775834895
3,47,Mansa,2019,3.12679254244281e7,2.23994541283215e8,522549.7867870726,4.02069536982307e8,7.1637161162031875,0.07776745699041616
3,47,Mansa,2020,3.251291675389776e7,2.5793021532663032e8,493388.7427752483,3.959348706397021e8,7.933161373339683,0.08211683073372004
3,47,Mansa,2021,3.2554274711202864e7,2.3103563035734865e8,561944.1335104811,4.070052337332912e8,7.09693680497949,0.07998490440183269
3,47,Mansa,2022,3.103509349870506e7,1.7889997302015802e8,589539.4307096342,3.876341892380284e8,5.764441245444375,0.08006283852234672
3,47,Mansa,2023,3.3210560957707364e7,1.9731107078497273e8,624343.0097389321,4.1050587488922334e8,5.941214634592964,0.08090154852636243
3,48,Patiala,2016,6.0314167837827615e7,4.640196948204578e8,1.0172451631744822e6,6.859598029437002e8,7.693378047892682,0.0879266796377832
3,48,Patiala,2017,6.218343140286758e7,4.475108050667164e8,1.0494488981301854e6,6.943978046428384e8,7.1966244861501725,0.08955015552627137
3,48,Patiala,2018,6.226516253200194e7,4.798666039143479e8,1.077288164170463e6,6.971332084604782e8,7.706823276462413,0.08931601848304702
3,48,Patiala,2019,6.574647500888959e7,5.413353264804753e8,1.0179664276365223e6,7.216192393018115e8,8.233678328872859,0.09110964817470957
3,48,Patiala,2020,6.557287449401743e7,5.575424107550883e8,967884.6840179579,6.982323188664905e8,8.502637943772863,0.09391268883180366
3,48,Patiala,2021,6.842098160901119e7,5.449620663060839e8,1.0802732471981207e6,7.239704938827933e8,7.964838467536854,0.09450796985116931
3,48,Patiala,2022,6.888939258976783e7,4.85457845678035e8,1.1612578102211598e6,6.838310347839267e8,7.046917202027127,0.10074037164975283
3,48,Patiala,2023,7.023563545163168e7,5.141064964226591e8,1.192474789119619e6,6.982955452055032e8,7.319738664238363,0.10058153160774046
3,49,Amritsar,2016,6.4387816778544374e7,5.0283233652308106e8,1.0271604639899748e6,6.259275897105854e8,7.809432928165959,0.1028678362113992
3,49,Amritsar,2017,6.676664269189586e7,4.985758800410846e8,1.1193056715131481e6,6.605508078863549e8,7.46743972647889,0.10107722508967514
3,49,Amritsar,2018,6.851871566434948e7,5.026805267834047e8,1.139169501667415e6,6.684027807584481e8,7.336397390252764,0.102511117004331
3,49,Amritsar,2019,7.167574420808835e7,5.919723428358226e8,1.1281221294686918e6,6.816873749535462e8,8.259033085407722,0.10514459683659642
3,49,Amritsar,2020,7.157803421696332e7,6.039427781536877e8,1.1099265730442344e6,6.699147150676432e8,8.437543511226506,0.10684648748122495
3,49,Amritsar,2021,7.505009546996251e7,5.9769514197664e8,1.154711903506746e6,6.828921426414866e8,7.963949122701077,0.10990036461638314
3,49,Amritsar,2022,7.335028893155107e7,5.48062226728113e8,1.187063396998932e6,6.640968397069968e8,7.471848232793644,0.1104511940817451
3,49,Amritsar,2023,7.480738806739423e7,5.500256957643487e8,1.220784347789861e6,6.79720072427696e8,7.352558483512735,0.11005617032937001
3,50,Tarn Taran,2016,3.539355243176665e7,2.2896900958217612e8,615905.8773327976,4.9554894582751614e8,6.469229389267814,0.07142291943061857
3,50,Tarn Taran,2017,3.733651026881539e7,2.2785351490949923e8,656553.6534959256,5.280508347635761e8,6.102699831050079,0.07070628017382465
3,50,Tarn Taran,2018,3.805496145174295e7,2.3524981072463933e8,671072.5034809863,5.3457426026310515e8,6.181843358925928,0.07118741825132614
3,50,Tarn Taran,2019,3.9801857909507886e7,2.819307678142472e8,666170.2814892485,5.436102524598498e8,7.083356974321027,0.07321763658688094
3,50,Tarn Taran,2020,4.022950844568194e7,3.000523951588104e8,637909.5041550258,5.372973197298177e8,7.45851507392745,0.07487383050023684
3,50,Tarn Taran,2021,4.206536627607216e7,2.8237580356518346e8,705132.3583810476,5.508554273450749e8,6.712786041418732,0.07636371393999347
3,50,Tarn Taran,2022,3.924192918557386e7,2.3264283004832238e8,693383.6876940257,5.322783992520795e8,5.9284248984845185,0.07372444427711868
3,50,Tarn Taran,2023,4.125738136610884e7,2.431497914652955e8,724475.5443176947,5.452638350883808e8,5.893485805791653,0.07566498768329558
3,51,Rupnagar,2016,2.4768277162145145e7,1.9938398564253113e8,424910.4243473842,2.8836785474659914e8,8.049973937923374,0.08589125575009067
3,51,Rupnagar,2017,2.619867774008846e7,1.9577661137405577e8,436994.6491211014,3.0127721958041507e8,7.472766882218795,0.08695870791882314
3,51,Rupnagar,2018,2.5838030660516266e7,1.9981691943774047e8,444927.42769537837,3.0217327416214764e8,7.733442306928045,0.08550733261291485
3,51,Rupnagar,2019,2.7818358197782844e7,2.1898844115933976e8,439967.5390790324,3.106905437924479e8,7.872083593229215,0.08953718982952527
3,51,Rupnagar,2020,2.7394971163112763e7,2.285957119699129e8,430582.28382222966,3.106105024148437e8,8.344440686169301,0.08819718248459198
3,51,Rupnagar,2021,2.8686371608783796e7,2.1257902813838813e8,482352.2786245676,3.2026901805861664e8,7.410453682936193,0.08956961176785926
3,51,Rupnagar,2022,2.9419679498325646e7,1.9723605732448122e8,520246.6061100516,3.097373129756434e8,6.704221823208728,0.09498267811420932
3,51,Rupnagar,2023,2.953721020269514e7,2.0383693375085884e8,521908.02334941056,3.131800915242111e8,6.90102187552769,0.09431381815791984
3,52,Sahibzada Ajit Singh Nagar,2016,3.762628351788553e7,3.739314507108903e8,486883.96071957744,3.2253393704661846e8,9.938038406932835,0.11665837047233604
3,52,Sahibzada Ajit Singh Nagar,2017,3.9189037238178074e7,3.5533203309154755e8,545111.6485549323,3.309669265130017e8,9.06712841481551,0.11840771418179326
3,52,Sahibzada Ajit Singh Nagar,2018,4.084730605879667e7,3.768974611950991e8,548810.4282584187,3.407607542810164e8,9.226984532409142,0.11987092276803382
3,52,Sahibzada Ajit Singh Nagar,2019,4.3433150796006165e7,4.214284943568175e8,559934.8181986368,3.5384948698136103e8,9.702922459762448,0.12274470472326557
3,52,Sahibzada Ajit Singh Nagar,2020,4.483072068391242e7,4.509834622840094e8,551043.3298503427,3.595932852103362e8,10.059696908817386,0.12467062797818838
3,52,Sahibzada Ajit Singh Nagar,2021,4.72418655306666e7,4.658713425983791e8,618690.9764084389,3.697510539836091e8,9.861408675657891,0.12776668253327228
3,52,Sahibzada Ajit Singh Nagar,2022,4.828719701887181e7,4.619212541040888e8,676702.7224325963,3.7708550431551015e8,9.566122753481814,0.12805370788920478
3,52,Sahibzada Ajit Singh Nagar,2023,5.0371780446355e7,4.8089092664110625e8,696298.7014644957,3.819293535799823e8,9.546832023403383,0.13188769067943953
3,53,Sangrur,2016,5.888032778589517e7,4.092868159601249e8,1.0686673140745726e6,7.519143274123734e8,6.951164019473579,0.07830722947988641
3,53,Sangrur,2017,6.152411745684362e7,4.173105447232869e8,1.1047225222497685e6,7.971787050347463e8,6.782877381638369,0.0771773218078649
3,53,Sangrur,2018,6.159424427369519e7,4.635183078365971e8,1.1152362457971154e6,7.749038771174939e8,7.525351001579704,0.07948630287257685
3,53,Sangrur,2019,6.599345106324239e7,5.194320824819788e8,1.0490605214292067e6,8.018084884025583e8,7.870964074665533,0.08230575258029636
3,53,Sangrur,2020,6.445820667511344e7,5.3652520927746105e8,988882.6024783517,7.762313597787838e8,8.323613655305232,0.08303994145957105
3,53,Sangrur,2021,6.714243575979105e7,5.1952778547780156e8,1.1249960308432558e6,8.195437851322765e8,7.737696429966668,0.08192659986916268
3,53,Sangrur,2022,6.649070483774707e7,4.288801400385452e8,1.2263165764701853e6,7.545959484279909e8,6.4502270066938445,0.0881143146557619
3,53,Sangrur,2023,6.971321825753789e7,4.716153381417772e8,1.2841148283429462e6,8.008073318867913e8,6.765077698744497,0.08705367131602776
3,54,Barnala,2016,2.304464841856519e7,1.4894603570562991e8,393978.2562365001,2.7533175099128366e8,6.463367676533362,0.08369775129674285
3,54,Barnala,2017,2.383141878223679e7,1.5683091948646322e8,411305.59141519136,2.9817610068309206e8,6.580846944931378,0.07992397354328988
3,54,Barnala,2018,2.3487628465025682e7,1.677586573122675e8,405357.0666015594,2.820812786790939e8,7.142426386813339,0.08326546368128909
3,54,Barnala,2019,2.4915443322938643e7,1.8143442790527686e8,392419.5034767151,2.947548840928691e8,7.2820068081324285,0.08452936547469889
3,54,Barnala,2020,2.5344865813940622e7,2.071844407734796e8,358919.1453635626,2.922993294114737e8,8.174611863974455,0.08670860061489336
3,54,Barnala,2021,2.6065115310325112e7,1.8505077504568118e8,428830.9249317706,3.033013545825789e8,7.099557122326539,0.08593801154036207
3,54,Barnala,2022,2.5082444542888984e7,1.53491559251257e8,450256.0991017278,2.9307933351202124e8,6.119481655338603,0.08558244022982323
3,54,Barnala,2023,2.6518421408474375e7,1.6557101929778254e8,475206.4925232155,3.0679802938059133e8,6.243622753685925,0.08643608781325499
4,55,Chandigarh,2016,1.4743238071355801e7,1.6271812677120638e8,161149.5498347977,7.878687228762256e7,11.036797071556933,0.18712810450875036
4,55,Chandigarh,2017,1.4892395734795012e7,1.579914358936503e8,175945.027045185,7.966797722377451e7,10.608866344084227,0.1869307625693153
4,55,Chandigarh,2018,1.5322423720152251e7,1.5091940551563466e8,187364.946987764,8.098161338057216e7,9.849577865226602,0.1892086744202625
4,55,Chandigarh,2019,1.5465748005189765e7,1.6082953734817916e8,184648.0766112439,8.143974507605699e7,10.399079132429312,0.18990417996453973
4,55,Chandigarh,2020,1.5335783731537301e7,1.7191587954984182e8,184379.04820407345,8.226733190720358e7,11.210113715695213,0.18641401606212116
4,55,Chandigarh,2021,1.5585689312882062e7,1.6990784479109028e8,193890.7216742279,8.283169438088235e7,10.901529048872808,0.1881609380246996
4,55,Chandigarh,2022,1.5368553668345261e7,1.6857395494576377e8,205387.09447830354,8.279022007583104e7,10.968758582206531,0.18563247753501028
4,55,Chandigarh,2023,1.5438087663820157e7,1.6311381672218484e8,206301.96132106276,8.288052364022288e7,10.565674989943819,0.1862691858805761
5,56,Uttarkashi,2016,8.99135594213394e6,9.555517713422787e7,174086.64850931455,2.237253942656288e8,10.627449046528296,0.04018925062864575
5,56,Uttarkashi,2017,9.758636696754094e6,9.001122522014293e7,189633.04330138562,2.356717762134345e8,9.223749998817187,0.04140774450613999
5,56,Uttarkashi,2018,9.329609589819334e6,7.381354943599617e7,190834.6130759463,2.2954271602577358e8,7.911751153718487,0.04064432865197859
5,56,Uttarkashi,2019,1.007499073614456e7,8.946512526317927e7,191443.3218221663,2.397476091386604e8,8.87992134248009,0.042023320993026414
5,56,Uttarkashi,2020,9.808327670512332e6,8.355893922344688e7,185399.32031599738,2.4073376321878833e8,8.519183089147575,0.04074346506018824
5,56,Uttarkashi,2021,9.923184599543583e6,8.484307905718209e7,200442.3472735198,2.434561733009115e8,8.549984957559335,0.04075963433171415
5,56,Uttarkashi,2022,1.021076287279683e7,8.456455601112e7,216562.67569771307,2.4445271599331728e8,8.281903817041334,0.041769889245476685
5,56,Uttarkashi,2023,1.0740328310640888e7,7.98019308737762e7,223962.38263577223,2.4269682413628983e8,7.430120250114991,0.0442540949963544
5,57,Chamoli,2016,1.2461942362175995e7,2.2760999554381344e8,221011.16472280797,3.011812926441291e8,18.264407660449987,0.04137688052524837
5,57,Chamoli,2017,1.4612348482849635e7,2.549827472641736e8,255881.31958217197,3.369524150100221e8,17.44981291429261,0.043366207903317786
5,57,Chamoli,2018,1.3268270979926702e7,1.526183159070721e8,253544.77906524384,3.15582469961466e8,11.50250218268569,0.04204375161125653
5,57,Chamoli,2019,1.4010448109601893e7,1.5617911066595954e8,255849.73348031414,3.298223991388939e8,11.1473315802743,0.042478764772133776
5,57,Chamoli,2020,1.2930967480121048e7,1.3850858002882785e8,262111.88547194673,3.1118541071652895e8,10.711385690340569,0.041553900134156274
5,57,Chamoli,2021,1.2468735540242136e7,1.1761057211391361e8,256146.49446464673,2.962733169998277e8,9.43243777481142,0.04208524637488494
5,57,Chamoli,2022,1.2049809694867488e7,9.597333697888015e7,254183.33087198075,2.83076315466908e8,7.964718066855377,0.042567353877672354
5,57,Chamoli,2023,1.2308695833055612e7,9.468541252797198e7,260711.81160234805,2.8354487366932064e8,7.6925625437659795,0.04341004537930888
5,58,Rudraprayag,2016,5.505576452331577e6,5.679930101471195e7,127440.34526333268,1.3526037187010187e8,10.31668554718876,0.040703543663319894
5,58,Rudraprayag,2017,6.006756246908207e6,5.485006535024924e7,139928.25972539853,1.3962548628928846e8,9.131395231574714,0.043020485776234844
5,58,Rudraprayag,2018,6.208559004309304e6,5.225976806176328e7,146125.09118973275,1.4331807617583483e8,8.417374792683818,0.04332013916159546
5,58,Rudraprayag,2019,6.624742114601096e6,5.75245422349433e7,145448.22060879314,1.4733762847588465e8,8.683287777822745,0.04496300220880367
5,58,Rudraprayag,2020,6.53754258457704e6,5.7357026117897466e7,149425.40214627094,1.4946888697086397e8,8.77348413044537,0.04373848442352692
5,58,Rudraprayag,2021,6.868645585666692e6,6.310354842510493e7,150618.1746530224,1.5107702148712087e8,9.187189473975444,0.04546452874206443
5,58,Rudraprayag,2022,6.768571052640637e6,5.577083304448155e7,149046.63028544854,1.4860283271102557e8,8.239676086834246,0.04554806210055809
5,58,Rudraprayag,2023,6.847407703364205e6,5.448187226563908e7,152469.129169385,1.4932350809418273e8,7.956569058809154,0.04585619364799107
5,59,Tehri Garhwal,2016,1.395056102677891e7,1.1371351156887016e8,294673.3571867224,3.509601904105277e8,8.1511783899293,0.039749696426995204
5,59,Tehri Garhwal,2017,1.4698180929885928e7,1.1771103750921595e8,306450.33607003145,3.5970770919870174e8,8.008544599547905,0.04086145654934152
5,59,Tehri Garhwal,2018,1.5420349757339658e7,1.2395149924467461e8,312147.12231944833,3.709445009747434e8,8.038176902289596,0.04157050371907141
5,59,Tehri Garhwal,2019,1.5745117115880849e7,1.3108472098747855e8,307884.531505473,3.7468120875004584e8,8.325420511179546,0.042022702895635734
5,59,Tehri Garhwal,2020,1.6220257950099701e7,1.3710828130048692e8,313770.1214536047,3.8486646862687653e8,8.452903876269376,0.042145157534690426
5,59,Tehri Garhwal,2021,1.6949969742929477e7,1.4790425638460633e8,327428.9368248373,3.933413971481504e8,8.725930407415813,0.04309225997014838
5,59,Tehri Garhwal,2022,1.7031090729858376e7,1.3869293353784853e8,331656.68970972486,3.9246232906742126e8,8.143514454696458,0.043395478924889624
5,59,Tehri Garhwal,2023,1.7199763132193226e7,1.3384553022991654e8,331717.1887261917,3.907220532430147e8,7.78182404032033,0.04402045645858543
5,60,Dehradun,2016,5.181541167123443e7,4.7422133892877764e8,724783.8811642608,4.897079116699295e8,9.152129137517667,0.10580881059189176
5,60,Dehradun,2017,5.500126378055724e7,4.308286826682318e8,811693.3584611625,5.0494667957728237e8,7.8330687888762345,0.10892489445935502
5,60,Dehradun,2018,5.84206394630918e7,4.59265260552007e8,872295.7526225018,5.20767555499123e8,7.861352850171307,0.11218179559419612
5,60,Dehradun,2019,6.112803768384705e7,5.109531321063632e8,883566.6429916611,5.3205651753689486e8,8.358736047589197,0.1148901210097632
5,60,Dehradun,2020,6.179904473607941e7,5.3493849854800963e8,911267.2594758255,5.43929486091816e8,8.656096559947354,0.11361591220235422
5,60,Dehradun,2021,6.4176290972926676e7,5.639747562411304e8,931658.2828387537,5.5507761750679e8,8.78789889055832,0.11561678754258477
5,60,Dehradun,2022,6.540466134792052e7,5.562829205024568e8,1.0044900478178211e6,5.664327511119753e8,8.505248846765006,0.11546765475605593
5,60,Dehradun,2023,6.798836741378194e7,5.515811642684993e8,1.0457591802020279e6,5.744305352999998e8,8.1128755587193,0.11835785745316377
5,61,Garhwal,2016,1.818746435527242e7,1.6357428759010434e8,367081.93209915265,3.6753501464631975e8,8.993792889149239,0.0494849840981118
5,61,Garhwal,2017,1.9288416439630583e7,1.682505211440195e8,388146.0747628545,3.727110140526349e8,8.722878919097099,0.05175166741089825
5,61,Garhwal,2018,1.9750981737271503e7,1.5808401027878347e8,399287.15195823944,3.788736614283625e8,8.003855827605154,0.05213078592692309
5,61,Garhwal,2019,2.0310931947084922e7,1.7316348316918528e8,401865.57447640615,3.8399194085834867e8,8.52562962744987,0.05289416205372251
5,61,Garhwal,2020,2.0272518514794648e7,1.6844560237505633e8,410125.4920117487,3.9059043664054835e8,8.30906146427375,0.05190223982224888
5,61,Garhwal,2021,2.110977320304464e7,1.8648602338900486e8,413668.9317365148,4.014240689580538e8,8.834108334338152,0.05258721346190747
5,61,Garhwal,2022,2.1011827555093043e7,1.6596761806320658e8,420093.36341316666,3.9841890434750307e8,7.898771186277788,0.0527380285569141
5,61,Garhwal,2023,2.122175278868467e7,1.6412130978968945e8,417415.3636871301,4.013668566143881e8,7.733635926491336,0.05287370503806546
5,62,Pithoragarh,2016,1.2693186486199377e7,1.5076543813440862e8,213182.28661773205,3.2178938919784385e8,11.877666675608037,0.03944563404604774
5,62,Pithoragarh,2017,1.3890225769252727e7,1.4944587320319805e8,239207.87761387337,3.3735704664221036e8,10.759067252456761,0.04117366424536031
5,62,Pithoragarh,2018,1.357506522390036e7,1.178667356614517e8,226776.55628444153,3.264648148800436e8,8.682590743942406,0.04158201620866367
5,62,Pithoragarh,2019,1.3956436427217744e7,1.1751350559162357e8,228364.72207011815,3.312313357873086e8,8.420022274629472,0.042135012359396755
5,62,Pithoragarh,2020,1.3546272486298965e7,1.1181083945774959e8,243565.01100242283,3.297457664980392e8,8.253993087090034,0.04108095952273436
5,62,Pithoragarh,2021,1.4075133169293916e7,1.1784506231128776e8,250488.22570966338,3.359457639536688e8,8.372571747198574,0.041897040175910824
5,62,Pithoragarh,2022,1.374432000223289e7,9.971154898887487e7,257474.38067536426,3.222789500846125e8,7.25474588576778,0.04264727807579241
5,62,Pithoragarh,2023,1.380229620045074e7,9.802035504508819e7,270513.11479819444,3.218131728632698e8,7.101742610181568,0.0428891585687668
5,63,Bageshwar,2016,6.782546247411143e6,7.005240899209358e7,128203.4811480514,1.865978528691828e8,10.328334881436623,0.036348468876360264
5,63,Bageshwar,2017,7.423989139897066e6,8.74933088372839e7,138730.1773021087,1.912808139629749e8,11.785215089700008,0.03881199052893033
5,63,Bageshwar,2018,7.613056358346683e6,7.163166086168317e7,135999.7559808677,1.9413036613141465e8,9.409054325881717,0.03921620563571749
5,63,Bageshwar,2019,7.644761996477577e6,6.370400941977436e7,139976.71261774268,1.9409384437436432e8,8.333027169338536,0.039386936876434436
5,63,Bageshwar,2020,7.685516079775778e6,7.122405290109152e7,147832.2976741489,1.9837093413952208e8,9.267309073559241,0.03874315616404898
5,63,Bageshwar,2021,8.058986516576446e6,6.615496700891431e7,150218.30459967963,2.0248462607893687e8,8.20884448346462,0.03980048595607807
5,63,Bageshwar,2022,7.825063983721067e6,5.309839174246688e7,153808.74622518406,1.9393615336312813e8,6.785681478506826,0.04034866036075973
5,63,Bageshwar,2023,7.899291109203034e6,5.3257479328256555e7,158730.14024573838,1.9432667218158317e8,6.74205806470522,0.04064954656261371
5,64,Almora,2016,1.428964575924467e7,1.2793441228506832e8,288599.8793497439,3.485370994324871e8,8.95294498131987,0.04099892316345115
5,64,Almora,2017,1.5076438748751326e7,1.290766147521622e8,308526.3465271719,3.55516550260884e8,8.561479066988065,0.04240713614510487
5,64,Almora,2018,1.5766987376388766e7,1.276030345200893e8,308524.3291554683,3.627550293143267e8,8.093051099360695,0.04346455900609084
5,64,Almora,2019,1.5962948478690762e7,1.2973315002471736e8,317436.2973807153,3.6810443546308213e8,8.127142062627124,0.04336527067001809
5,64,Almora,2020,1.6033068615024833e7,1.2542825607336804e8,329091.12263367366,3.752442592888289e8,7.823097317492131,0.04272701904996776
5,64,Almora,2021,1.6888157788962796e7,1.4327622067449906e8,333811.9904831811,3.862008283534429e8,8.4838276894912,0.043728952785950806
5,64,Almora,2022,1.685408785243683e7,1.2431273595886986e8,336659.13009652635,3.782478481262715e8,7.375821049900143,0.044558317875242434
5,64,Almora,2023,1.7354296638997726e7,1.2574706486546227e8,347683.2724640856,3.834005229943398e8,7.245875040702579,0.045264144408206586
5,65,Champawat,2016,5.8714872408507e6,5.023519548726117e7,108201.63842687214,1.5578970747494256e8,8.555787218228334,0.037688543973901985
5,65,Champawat,2017,6.145846522888887e6,5.1036838426816225e7,113420.21898583013,1.5737325358630514e8,8.304281312060182,0.03905267498024015
5,65,Champawat,2018,6.577762804311459e6,5.137537537396949e7,113615.3533893431,1.6303783154974723e8,7.81046336001885,0.04034500914166297
5,65,Champawat,2019,6.676352562853231e6,5.26712122839886e7,117321.68549541416,1.64905951207801e8,7.889219718120883,0.04048581942588741
5,65,Champawat,2020,6.779036329248077e6,5.189552825651519e7,123874.70594764358,1.6539251140636107e8,7.6552957877821814,0.04098756510560703
5,65,Champawat,2021,7.129735955913857e6,5.81786382953186e7,128016.82673067939,1.7212034582963768e8,8.159999003478038,0.04142297019883268
5,65,Champawat,2022,7.116099484758755e6,4.8145006288887925e7,133089.41779588992,1.69844027098426e8,6.765645476430562,0.04189784949361167
5,65,Champawat,2023,7.406624341651455e6,5.174859810236055e7,139789.2510697134,1.7109934026109073e8,6.986799345465679,0.04328844477336524
5,66,Nainital,2016,2.440839916955709e7,1.8892444750482824e8,377553.794942644,4.1420495542908245e8,7.740140850386479,0.05892831278242914
5,66,Nainital,2017,2.624796664672453e7,1.9873857303058556e8,415910.652790055,4.3231999850214845e8,7.57157976103212,0.060714208775132776
5,66,Nainital,2018,2.7884107021231405e7,2.020209986526475e8,425258.2607025308,4.405361990471354e8,7.245023069909518,0.06329583603241633
5,66,Nainital,2019,2.903726549316086e7,2.157915838685635e8,449786.8156170952,4.4559600102699137e8,7.431539444352597,0.06516500468190235
5,66,Nainital,2020,2.945227689289181e7,2.2021773087819389e8,465240.73537097545,4.5204237489305675e8,7.477103779753699,0.06515379647728727
5,66,Nainital,2021,3.089046885765876e7,2.4953780287191138e8,478661.7750588492,4.6340651975296026e8,8.078148765619748,0.06665954737565262
5,66,Nainital,2022,3.0513049666242246e7,2.082920032490051e8,497418.84188779176,4.610412000731464e8,6.82632531088646,0.06618291307024449
5,66,Nainital,2023,3.253953973925705e7,2.270748392583625e8,514405.15280507016,4.713850892069163e8,6.978428123997403,0.0690296330628602
5,67,Udham Singh Nagar,2016,4.369706743857561e7,3.384663478948578e8,662711.0019140014,4.573195340205576e8,7.745745143438641,0.09555040663671131
5,67,Udham Singh Nagar,2017,4.7219812755749926e7,3.563879176570416e8,723663.259570845,4.87252054534735e8,7.547423355965012,0.09691044361185704
5,67,Udham Singh Nagar,2018,4.9924273014008395e7,3.748133833765708e8,738083.0748667876,5.08884334470569e8,7.507638283914537,0.09810534463779162
5,67,Udham Singh Nagar,2019,5.2138183166368574e7,3.96366280201195e8,775169.9874590122,5.1943893792967224e8,7.602226547411969,0.10037403698339545
5,67,Udham Singh Nagar,2020,5.267304961005585e7,4.170175096463706e8,778454.2511661237,5.3049952946479017e8,7.91709446735276,0.09928953125217016
5,67,Udham Singh Nagar,2021,5.484771018349215e7,4.371186386776712e8,831690.2094571972,5.423869621501418e8,7.969678902096327,0.10112284035380145
5,67,Udham Singh Nagar,2022,5.479628496142143e7,3.8755185626438904e8,911864.0751245966,5.462201502626686e8,7.072593635448819,0.10031904706384553
5,67,Udham Singh Nagar,2023,5.800091503477113e7,4.164528588532675e8,909660.1889761301,5.560442928926357e8,7.180108427661994,0.10430988282073832
5,68,Hardwar,2016,4.1332913487880886e7,3.982150601642115e8,663821.2860364332,2.922970069349074e8,9.634333187786801,0.14140724163174703
5,68,Hardwar,2017,4.364786667030587e7,3.695580549512141e8,747051.721376609,3.0932135445746785e8,8.466806814240673,0.1411084816528809
5,68,Hardwar,2018,4.618427811079371e7,3.791447617133941e8,811676.1903878194,3.27813667964074e8,8.20939023456955,0.14088576110211234
5,68,Hardwar,2019,4.83058562744217e7,4.3462267291833615e8,766236.9910781818,3.4062187594921875e8,8.997308120350452,0.14181665854492365
5,68,Hardwar,2020,4.8193179100320004e7,4.271541573093031e8,815970.3766016094,3.491900506033587e8,8.863373723906642,0.13801418172438748
5,68,Hardwar,2021,5.026477904977939e7,4.4656685865489674e8,859954.9191295753,3.628118111818858e8,8.884289697416996,0.13854228969569163
5,68,Hardwar,2022,5.119670207405828e7,4.4579886369391334e8,927184.8494789518,3.732591536427925e8,8.707569933880619,0.13716127675479142
5,68,Hardwar,2023,5.392194835585231e7,4.424361635683484e8,921422.2006852232,3.742399847655293e8,8.205121978318305,0.14408387812872472
6,69,Panchkula,2016,1.693551497059337e7,1.6388391668581235e8,224178.0193030439,1.5963692999307212e8,9.67693731016615,0.1060877014568517
6,69,Panchkula,2017,1.749690105762162e7,1.480363373493192e8,258646.71806142773,1.6475469417458642e8,8.46071752145131,0.10619971191279438
6,69,Panchkula,2018,1.8080424995733537e7,1.5913560049825543e8,257809.02519281083,1.6723038550608534e8,8.801540922616967,0.10811686489280747
6,69,Panchkula,2019,1.8829972967155315e7,1.6945292846717194e8,266185.26228548004,1.7370043421441865e8,8.999106305821297,0.10840486986872634
6,69,Panchkula,2020,1.915742373911044e7,1.8467478066728556e8,261284.19231274747,1.7652601305144e8,9.639854668468109,0.10852464975531925
6,69,Panchkula,2021,1.977199314000403e7,1.852534910207681e8,281287.4428221013,1.8001927949344745e8,9.369489950203894,0.10983264234608668
6,69,Panchkula,2022,1.9853929335890725e7,1.7671888138094747e8,311052.2302029366,1.8405874628161383e8,8.900952470979426,0.1078673507072236
6,69,Panchkula,2023,2.0068311093725756e7,1.7062060866584557e8,310601.7736404351,1.827393873994179e8,8.501991416666305,0.1098192971932316
6,70,Ambala,2016,3.4207676772952676e7,2.9548104016279e8,506995.675783429,3.384682494553921e8,8.63785758161808,0.10106613198725165
6,70,Ambala,2017,3.547059438187612e7,2.5460334754327384e8,572675.9519640933,3.426981789790977e8,7.177870909131557,0.10350388930441205
6,70,Ambala,2018,3.6129429324293606e7,2.803374417421668e8,574651.7420460455,3.4796154457748926e8,7.7592546294017035,0.10383167303204037
6,70,Ambala,2019,3.782273058480974e7,3.15083487658289e8,548020.294636804,3.627642161131357e8,8.33053253391578,0.10426257305658264
6,70,Ambala,2020,3.813765298428904e7,3.0291623688725716e8,564752.9542645584,3.6312262335018384e8,7.9427078801111515,0.1050269262554603
6,70,Ambala,2021,4.041526910222321e7,3.268557789547581e8,601845.311302809,3.7061401977285916e8,8.087432948374902,0.10904948800100116
6,70,Ambala,2022,3.968183384539095e7,2.9959652894719565e8,649116.8573092583,3.7706001131043965e8,7.549966821455097,0.10524010145621157
6,70,Ambala,2023,3.9715596249499016e7,2.876988968312909e8,664340.5450585114,3.6820700745062417e8,7.243977782026123,0.10786214125711553
6,71,Yamunanagar,2016,3.382888143710865e7,2.917584285396817e8,514482.3215187584,3.1908432900678617e8,8.624536672372406,0.1060186237989431
6,71,Yamunanagar,2017,3.54460217504674e7,2.5777997966549495e8,578607.9487994032,3.3878039059490275e8,7.272465764429426,0.10462831596664648
6,71,Yamunanagar,2018,3.733159402310086e7,2.772962106328243e8,601829.5344441895,3.520957558641736e8,7.427923127558734,0.10602682196914098
6,71,Yamunanagar,2019,3.900712762787171e7,3.1864098739356065e8,572457.7220445987,3.66830677868953e8,8.168788802738773,0.10633551112594421
6,71,Yamunanagar,2020,3.893785060158244e7,3.04921236877101e8,589652.8889303303,3.740483162073913e8,7.830972489907006,0.1040984517625614
6,71,Yamunanagar,2021,4.0900114776084535e7,3.2436294420320415e8,613404.6251755755,3.805562536276846e8,7.9306120772274316,0.10747455701016799
6,71,Yamunanagar,2022,4.063122703977226e7,3.10865180260697e8,666275.0750100132,3.8498228750104165e8,7.650893239241919,0.10554051019727062
6,71,Yamunanagar,2023,4.194533341988283e7,3.0788476414176863e8,674849.5562236487,3.785027846468062e8,7.34014344479679,0.11081908805247878
6,72,Kurukshetra,2016,2.9223846674548145e7,2.4803957090418714e8,439174.1698185933,3.968493537728592e8,8.487574331554773,0.07363964788329909
6,72,Kurukshetra,2017,3.038927714918637e7,2.1949008609210554e8,496239.7294575952,3.9980202029770225e8,7.222616221326676,0.07601081436896637
6,72,Kurukshetra,2018,3.09792665088491e7,2.3254333044797373e8,500812.8633046813,4.059358993810355e8,7.506418216246297,0.07631566105901395
6,72,Kurukshetra,2019,3.2799090379830763e7,2.674854577216157e8,481443.2108822467,4.2243528258064115e8,8.155270607324564,0.07764287627553826
6,72,Kurukshetra,2020,3.262022514529065e7,2.438076176592194e8,486318.7976760473,4.1490013418392694e8,7.474124307030348,0.07862187176548362
6,72,Kurukshetra,2021,3.476208337950982e7,2.6462712422651845e8,523224.59137670347,4.268388341019685e8,7.612521992352748,0.08144077015074365
6,72,Kurukshetra,2022,3.403799509823203e7,2.4289658280351514e8,536749.2802249476,4.175483634489239e8,7.136042593064814,0.08151868879829938
6,72,Kurukshetra,2023,3.461408871621626e7,2.3730027914071837e8,573019.4469943088,4.078868365086666e8,6.8555980510197925,0.0848619901845761
6,73,Kaithal,2016,2.9338305125375845e7,2.263896082019321e8,520609.2475238687,4.5096166885858226e8,7.716519656962696,0.06505720364135004
6,73,Kaithal,2017,3.0165516320869364e7,2.1233046804157862e8,561323.5204366404,4.621135164731312e8,7.038847463541751,0.06527728630639024
6,73,Kaithal,2018,3.0006768962377954e7,2.1437166131633648e8,567771.3430783402,4.7629520042031634e8,7.14411010346074,0.06300035972627453
6,73,Kaithal,2019,3.265678426321805e7,2.4764585619478488e8,553032.6937912914,5.06619615592647e8,7.583289713975698,0.06446016549322893
6,73,Kaithal,2020,3.2611363611492068e7,2.4136588197093496e8,532889.9414496372,4.9051095999461544e8,7.401281493358926,0.06648447490724786
6,73,Kaithal,2021,3.441392336350446e7,2.58121889698889e8,575802.4010408964,4.958105319071499e8,7.500507482754031,0.06940942386021992
6,73,Kaithal,2022,3.389560280058235e7,2.302540104834493e8,605182.7118697029,4.816328777518114e8,6.793034832219989,0.0703764306099738
6,73,Kaithal,2023,3.5936616116549544e7,2.3751005162982813e8,643445.0496272319,4.981341599343061e8,6.609137901563578,0.07214244476084287
6,74,Karnal,2016,4.335155211615506e7,3.635803969050285e8,660426.4942755409,5.456447141039331e8,8.386790764281296,0.07945014584691379
6,74,Karnal,2017,4.492376370459125e7,3.3265066332582766e8,744904.4859277029,5.526324624776156e8,7.404781698908065,0.08129049007216237
6,74,Karnal,2018,4.541562543610395e7,3.3444287938148934e8,736694.2669424438,5.612300375588503e8,7.364048742475714,0.08092158722231914
6,74,Karnal,2019,4.825655529769899e7,3.8136981219787645e8,751031.834806268,5.910804868671262e8,7.902963853204442,0.08164125930373839
6,74,Karnal,2020,4.872407591996856e7,3.77568568481562e8,735184.2767453084,5.900721785437999e8,7.749117071029423,0.08257307782280379
6,74,Karnal,2021,5.180542961319006e7,4.0402615674589956e8,782475.5235526632,6.004004079982996e8,7.798915282868948,0.08628480081468695
6,74,Karnal,2022,5.1563324036072e7,3.924344266822293e8,811502.7021585054,5.920529323469362e8,7.610727857802478,0.08709242234756213
6,74,Karnal,2023,5.282134293301422e7,3.6417626340168464e8,867608.0065823682,5.962749051442401e8,6.894490809586524,0.08858555420882022
6,75,Panipat,2016,3.395206826380067e7,3.13664810493293e8,469709.38683317235,3.0265140497827053e8,9.23845958532426,0.11218209367386987
6,75,Panipat,2017,3.524853242821399e7,2.909946914404077e8,535849.6678813653,3.153066875019684e8,8.255512255241774,0.11179126173146563
6,75,Panipat,2018,3.516563509436167e7,2.835198817885338e8,531808.7608389206,3.14867264871649e8,8.062413234618145,0.11168399836260025
6,75,Panipat,2019,3.779240083951283e7,3.1268664699447286e8,550883.2821584622,3.354284774796799e8,8.273796849327226,0.11266902894910669
6,75,Panipat,2020,3.876160201639539e7,3.2916297936090946e8,535703.8664183307,3.402301882395067e8,8.491985940665714,0.11392758008031012
6,75,Panipat,2021,4.107745190666348e7,3.4826097074294007e8,565448.5547170638,3.383491892347541e8,8.47815418381504,0.12140549826517551
6,75,Panipat,2022,4.163979152615104e7,3.553877251683176e8,591831.27063598,3.3594040381200594e8,8.534810385520865,0.12394993592212532
6,75,Panipat,2023,4.294817811210844e7,3.209378804032089e8,624374.2469019307,3.533261761332721e8,7.472677410563463,0.12155390971063716
6,76,Sonipat,2016,4.279884556217888e7,3.797492822533759e8,658037.641857725,4.022884060723805e8,8.87288610861407,0.10638846388846322
6,76,Sonipat,2017,4.405965318851037e7,3.591322676302937e8,750075.3648502069,4.2002726877437955e8,8.151046175822968,0.10489712564870951
6,76,Sonipat,2018,4.4314079191695005e7,3.4026508552696854e8,756118.480308557,4.1332804266802233e8,7.678487102373061,0.10721285423957376
6,76,Sonipat,2019,4.7470443483457536e7,3.8717790461907524e8,770603.811830863,4.466940982752222e8,8.156188908452028,0.10627058576943525
6,76,Sonipat,2020,4.889520004776037e7,4.087794007023042e8,748843.4629395696,4.543982127179764e8,8.36031758338267,0.10760429658227401
6,76,Sonipat,2021,5.088091055132201e7,4.4455492401218617e8,783987.9600536105,4.4372886201200974e8,8.737165258938855,0.11466666901181852
6,76,Sonipat,2022,5.098461722695612e7,4.366287380248897e8,850663.3922539989,4.468743133341338e8,8.563930882941676,0.11409162644986097
6,76,Sonipat,2023,5.319169993125181e7,4.0680161035440534e8,892068.8858416346,4.8084970264612055e8,7.647839999100997,0.11062022007820192
6,77,Jind,2016,3.597187570980559e7,2.8719327119000244e8,627178.7457998188,4.8645527464496005e8,7.983828074656565,0.0739469332222982
6,77,Jind,2017,3.695305398572155e7,2.6270064345038086e8,699515.7590255598,4.942552052759038e8,7.109037416823164,0.07476512860414604
6,77,Jind,2018,3.5890982412644975e7,2.6803794752492067e8,673252.3513115438,4.9898131641603494e8,7.468113980365345,0.0719285096092059
6,77,Jind,2019,3.9154895550974645e7,3.047192515796516e8,673730.3851185549,5.40106152819964e8,7.782404914934488,0.07249481485545364
6,77,Jind,2020,3.968541522973531e7,3.078640270822151e8,651290.6749657165,5.2524981916637945e8,7.7576113365582255,0.07555531440776081
6,77,Jind,2021,4.1260611885274835e7,3.228534847934463e8,697387.8822256286,5.2804762546631813e8,7.824738171385841,0.07813805023521816
6,77,Jind,2022,3.947919269540585e7,2.644182352146161e8,736461.5133006627,4.870199232415135e8,6.697660645056356,0.08106278780678977
6,77,Jind,2023,4.221848553996878e7,2.820403042355532e8,795503.8850810908,5.2952564878509516e8,6.680493168532586,0.07972887741478016
6,78,Fatehabad,2016,3.0069388602935847e7,2.281741974083148e8,524637.307339311,4.9106680421542585e8,7.588255299146216,0.061232786139917374
6,78,Fatehabad,2017,3.170255301947326e7,2.1025029424561757e8,568354.4986267225,5.32367760028374e8,6.6319672777290695,0.0595500993857772
6,78,Fatehabad,2018,3.0985120147674996e7,2.3565536471229354e8,543602.0555819612,5.1988125315861285e8,7.605436531766239,0.05960037981639167
6,78,Fatehabad,2019,3.3803380771824576e7,2.5593560549977368e8,543803.794470612,5.53901210319355e8,7.571302031218674,0.061027815325290655
6,78,Fatehabad,2020,3.4947270982465e7,2.822451749131081e8,527812.0871602744,5.706959164496018e8,8.076315173643353,0.06123623803001436
6,78,Fatehabad,2021,3.527248686178293e7,2.631165379405428e8,582672.9346185072,5.663062636002299e8,7.459540320238224,0.0622851787609446
6,78,Fatehabad,2022,3.494497996555369e7,2.0792503287606138e8,627087.3591347156,5.394563227539023e8,5.950068738943885,0.06477814512797071
6,78,Fatehabad,2023,3.712699090561766e7,2.3079492764190406e8,660917.3424147404,5.483918367881778e8,6.216365022110709,0.06770157470443594
6,79,Sirsa,2016,4.5002461825454906e7,2.895873781199459e8,771985.9323206671,6.724107587722424e8,6.434923032502758,0.06692704011402953
6,79,Sirsa,2017,4.700686875379685e7,3.146175538984434e8,813652.5185687068,7.207711375919158e8,6.6930123669007635,0.06521746821167951
6,79,Sirsa,2018,4.634615420268468e7,3.3579291805517405e8,791128.3218702823,6.898479818440717e8,7.245324317238014,0.06718314095635121
6,79,Sirsa,2019,4.9798087589832306e7,3.431578717875871e8,810972.015438257,7.405194779321691e8,6.890984943318436,0.06724750539835735
6,79,Sirsa,2020,5.151930490356968e7,3.9733753018435955e8,761423.0368735665,7.740468284542394e8,7.712400835532793,0.06655838252893952
6,79,Sirsa,2021,5.136795505897978e7,3.5334298945780313e8,844272.3850294146,7.640919176148132e8,6.87866567886732,0.0672274550676178
6,79,Sirsa,2022,5.183716842444887e7,3.0482720778166634e8,934066.8535990152,7.721001856011449e8,5.8804756711575195,0.06713787846597818
6,79,Sirsa,2023,5.435656381506679e7,3.1863111082235444e8,917345.6304582863,7.813417464493757e8,5.86187000168754,0.06956823190630405
6,80,Hisar,2016,5.212012970009428e7,3.9043144295278805e8,951064.731790754,7.611259136628753e8,7.490991392373335,0.06847767073028577
6,80,Hisar,2017,5.4986419875513636e7,4.3256745267657095e8,980673.2508727987,8.556926648643843e8,7.866805179458509,0.06425954333058148
6,80,Hisar,2018,5.225246221291257e7,4.194268328326416e8,935998.5659909878,7.993284616279144e8,8.026929546852882,0.06537045122413765
6,80,Hisar,2019,5.726073455702081e7,4.6533813256581557e8,925652.051065624,8.910906227697612e8,8.126653214733514,0.06425915961166585
6,80,Hisar,2020,5.96389111291271e7,5.0820103501659364e8,914453.4670226567,9.057528476514055e8,8.521299691677182,0.06584457480180085
6,80,Hisar,2021,5.9746113361335166e7,4.7658081079171515e8,999559.2167717055,9.163483509042661e8,7.976766754841923,0.0652002192205364
6,80,Hisar,2022,6.092663263812952e7,4.046039264262351e8,1.105152711988895e6,8.562975942110791e8,6.6408384791156685,0.0711512364977064
6,80,Hisar,2023,6.3711447570622265e7,4.347218458414918e8,1.1600610175598634e6,9.086373223908471e8,6.8232925544442455,0.07011757716817295
6,81,Bhiwani,2016,5.167521038239614e7,4.0938558143010044e8,912631.3252033704,6.828194961917741e8,7.922281852374677,0.07567916655953659
6,81,Bhiwani,2017,5.3203709286401175e7,3.8623285081454283e8,1.02788582566836e6,7.539407334210708e8,7.259509834838971,0.07056749546477582
6,81,Bhiwani,2018,5.226716243773523e7,3.884848784625287e8,996727.97332816,7.099426741059166e8,7.432675897133742,0.07362166600783526
6,81,Bhiwani,2019,5.584496891143616e7,4.2031851102502215e8,1.0018039686034808e6,7.768782719551164e8,7.52652421906797,0.07188380847734993
6,81,Bhiwani,2020,5.8489659446640916e7,4.494638819638454e8,1.002001195640423e6,8.073272551180302e8,7.6845016062007225,0.07244851338270476
6,81,Bhiwani,2021,5.935575576957219e7,4.5098719667865384e8,1.0495236651380444e6,8.068479258804075e8,7.5980364638848625,0.07356498525394985
6,81,Bhiwani,2022,5.885060583622946e7,3.6261393208574736e8,1.1507037623099978e6,7.690200143755054e8,6.1616006655026805,0.07652675448768391
6,81,Bhiwani,2023,6.1876559821417175e7,3.752244289132277e8,1.219227412452267e6,8.334989046589036e8,6.064080323731123,0.0742371219392774
6,82,Rohtak,2016,2.9996887933179177e7,2.4535869422211558e8,498058.2042142958,2.458776636419156e8,8.179471642814235,0.12199923933255362
6,82,Rohtak,2017,3.0626451204603285e7,2.3242542821390453e8,567076.6672876988,2.5722712529590997e8,7.589042121176939,0.11906384744365939
6,82,Rohtak,2018,3.113328936190611e7,2.2556827174566245e8,570644.1051288233,2.5532999490917206e8,7.245243800729323,0.12193353692338843
6,82,Rohtak,2019,3.274644584324062e7,2.4722698455345455e8,589648.8010320971,2.7626691522409236e8,7.549734885335231,0.11853191257693134
6,82,Rohtak,2020,3.375476486801244e7,2.6392934678341806e8,571276.7805878241,2.797562489336512e8,7.819024893683367,0.1206577690281297
6,82,Rohtak,2021,3.4708718762050696e7,2.6712806583937788e8,603085.1153040123,2.806769516806947e8,7.6962813773306555,0.12366073720772137
6,82,Rohtak,2022,3.466311405697014e7,2.5816552373825744e8,622191.3295690127,2.735024336232498e8,7.447845664239878,0.12673786334464085
6,82,Rohtak,2023,3.569037665774245e7,2.666287701395045e8,669737.7893962932,3.010399206737324e8,7.470606788389377,0.1185569560936197
6,83,Jhajjar,2016,3.085289266790145e7,2.5452302826624978e8,521368.2060644285,2.990063331194317e8,8.249567747371998,0.10318474644340701
6,83,Jhajjar,2017,3.1605341956377596e7,2.3689611146692896e8,585968.3989144352,3.176927845794731e8,7.495445288771066,0.09948397788830264
6,83,Jhajjar,2018,3.2399056677102827e7,2.4512304140687492e8,593670.0481694201,3.102890961939108e8,7.565746245325381,0.10441571126577873
6,83,Jhajjar,2019,3.426838165037701e7,2.716377535486589e8,603764.7543087616,3.320379378399625e8,7.926775075637995,0.1032062235818784
6,83,Jhajjar,2020,3.631687196704639e7,2.9557907001229507e8,593417.5444397888,3.486371175557445e8,8.138891209587129,0.10416811675606968
6,83,Jhajjar,2021,3.731335852012789e7,3.0411120125547594e8,624170.6447240701,3.479408311739966e8,8.150196426071634,0.10724052820770667
6,83,Jhajjar,2022,3.785320528287901e7,2.874815659439852e8,662963.7833619695,3.44551408235815e8,7.594642614690625,0.10986228579559842
6,83,Jhajjar,2023,3.972001463928116e7,3.0008673509627604e8,710956.678740919,3.7932644165951294e8,7.555050969178266,0.10471195855872929
6,84,Mahendragarh,2016,2.8116527650393464e7,2.3416389502382928e8,479006.3638052339,3.7858156370929825e8,8.328336199102182,0.07426808472898412
6,84,Mahendragarh,2017,2.900306750845837e7,2.0658687672754693e8,568191.9979675574,3.986229444653493e8,7.12293196805126,0.07275814879988547
6,84,Mahendragarh,2018,2.9632659707716092e7,2.3074677589820316e8,572670.8885109127,3.947530918206916e8,7.786907357428961,0.07506631441705366
6,84,Mahendragarh,2019,3.0739269498384204e7,2.3763868480284145e8,557743.4407001745,4.0836056806654793e8,7.730785040787414,0.0752748230416185
6,84,Mahendragarh,2020,3.202945268074302e7,2.52266507058206e8,571750.1583364566,4.2899064987581944e8,7.876079231596595,0.07466235613763292
6,84,Mahendragarh,2021,3.3372580199579958e7,2.682026000733689e8,587501.5467332172,4.247964549649242e8,8.036615642824783,0.07856134346115379
6,84,Mahendragarh,2022,3.2533252587539125e7,2.078855471618778e8,650207.4794629791,4.20833195992019e8,6.389940464836955,0.0773067640513704
6,84,Mahendragarh,2023,3.42566112750247e7,2.1705472899368605e8,702704.9051681373,4.555906522430453e8,6.336141285286239,0.07519164650628021
6,85,Rewari,2016,3.040343187823497e7,2.719653952312365e8,491144.0986659545,3.33214462127045e8,8.945220273831307,0.09124283407195882
6,85,Rewari,2017,3.1818474116468694e7,2.3836647717589298e8,578764.8321621834,3.519733853559475e8,7.491449033771189,0.09040022751802941
6,85,Rewari,2018,3.2398077293539513e7,2.6575277355493018e8,573240.9857495545,3.372397292429419e8,8.202732870444871,0.09606838840212825
6,85,Rewari,2019,3.3468462583761275e7,2.8042983351572984e8,555792.0756566656,3.544499914155522e8,8.378927858245659,0.09442365183900743
6,85,Rewari,2020,3.485936461332028e7,2.8602280524737275e8,587330.6800947171,3.6941278773954505e8,8.205049300814828,0.0943642607139467
6,85,Rewari,2021,3.592658938877743e7,3.0492819974109364e8,594764.4885016861,3.672362119792432e8,8.487535413989105,0.09782964810346115
6,85,Rewari,2022,3.5534608092110015e7,2.527606733307783e8,657359.8161661691,3.6647802544757575e8,7.113084592788866,0.09696245238363739
6,85,Rewari,2023,3.700085924307295e7,2.657406978634429e8,706864.3381032099,3.9106455955209863e8,7.182014236958378,0.0946157311863071
6,86,Gurgaon,2016,5.519095182366073e7,7.016705315994833e8,665695.5311276547,4.3541410199451214e8,12.713506624081674,0.1267550857237884
6,86,Gurgaon,2017,5.832714182263767e7,6.85093341252729e8,763672.0127820687,4.5185588691599655e8,11.74570396979119,0.12908350540861965
6,86,Gurgaon,2018,6.089040653281666e7,6.733108503020926e8,793149.4056019404,4.541338006536037e8,11.057749301430828,0.1340803226828333
6,86,Gurgaon,2019,6.474942061463448e7,7.438851152564504e8,748862.8922500114,4.69393656513044e8,11.48867600968648,0.13794268353695818
6,86,Gurgaon,2020,6.715987852930166e7,8.030213900173911e8,787530.5196753809,4.842759352668658e8,11.956861858632386,0.1386810155914364
6,86,Gurgaon,2021,6.843620866303058e7,8.346482230570401e8,823338.5065209931,4.884033757206648e8,12.196003246858988,0.14012230886416246
6,86,Gurgaon,2022,7.021337772885132e7,8.426785530396365e8,879194.070771257,4.99274023303891e8,12.00168088044242,0.1406309450353976
6,86,Gurgaon,2023,7.283873561391686e7,8.377847248117766e8,967051.8381592331,5.1667316404270446e8,11.50191196690276,0.1409764251040074
6,87,Mewat,2016,2.013580809635845e7,1.5556940145611903e8,406135.51434431993,2.709823790264093e8,7.726007355237642,0.0743067064681577
6,87,Mewat,2017,2.1160791141757317e7,1.4739381275777864e8,459601.6222841358,2.8678229422015166e8,6.965420705226912,0.0737869511759781
6,87,Mewat,2018,2.201012280394779e7,1.666267554528879e8,473766.88026315946,2.854372430720283e8,7.57046005318068,0.07711019966092399
6,87,Mewat,2019,2.3400176434817858e7,1.8711984160486218e8,466343.87894288346,2.994154479916935e8,7.996514134245616,0.078152869505474
6,87,Mewat,2020,2.443701573983008e7,1.93745004305847e8,476933.9337337549,3.111135760214538e8,7.928341429598563,0.07854692827080278
6,87,Mewat,2021,2.5966583219037604e7,2.0766405653276998e8,515077.7071997342,3.159847043370825e8,7.997357787932586,0.08217670938697486
6,87,Mewat,2022,2.558838397342004e7,1.647804020232983e8,572087.1908695409,3.2214915820190334e8,6.439656454837637,0.07943023696303689
6,87,Mewat,2023,2.758696353690313e7,1.8038718330659255e8,613425.4960053102,3.373826032602406e8,6.5388560457292915,0.0817675934393804
6,88,Faridabad,2016,4.475519273180554e7,4.5036796844838965e8,576452.8513017984,2.7721188956807214e8,10.062920992145186,0.16144759447922402
6,88,Faridabad,2017,4.637939397390409e7,4.390471297535759e8,644492.6934534413,2.883119746309589e8,9.466426620421366,0.16086530583153888
6,88,Faridabad,2018,4.840776596492818e7,4.104023467345449e8,647537.5254846745,2.93932269855036e8,8.4780269974013,0.1646902056341154
6,88,Faridabad,2019,5.059524820917093e7,4.7583177501172733e8,651137.4221301044,3.036456676280867e8,9.404673202600828,0.16662595124242424
6,88,Faridabad,2020,5.190776976232597e7,5.103469768351585e8,647653.6917167583,3.123240435209635e8,9.831803199635099,0.1661984430566002
6,88,Faridabad,2021,5.380557378461084e7,5.413921162655654e8,676974.7294454528,3.1381804139655334e8,10.062008044609149,0.17145468611417375
6,88,Faridabad,2022,5.401713753846167e7,5.158186900911944e8,748369.6512394861,3.1900751051548713e8,9.549167423466626,0.16932873289150743
6,88,Faridabad,2023,5.633488849543396e7,5.1597918321276027e8,785719.1058205164,3.2632219050987667e8,9.159140933678804,0.17263578798429552
6,89,Palwal,2016,2.4594400988422904e7,2.1163140689159653e8,445554.3782305682,2.878371135907553e8,8.604861203621745,0.08544555176227568
6,89,Palwal,2017,2.535687958813959e7,1.9296019660871232e8,514331.1482303296,3.042759609657897e8,7.609776902476888,0.08333513928492862
6,89,Palwal,2018,2.6324578253330804e7,2.0760983620876133e8,522457.96517823316,3.0438048753937656e8,7.886539879608245,0.08648576150902344
6,89,Palwal,2019,2.8385755978423435e7,2.394721974378459e8,508808.99089823366,3.145277641748239e8,8.436350880345529,0.09024880856828203
6,89,Palwal,2020,2.9292251178432815e7,2.5277692664341938e8,514150.7145875834,3.252206862958028e8,8.629481056393951,0.09006884375057926
6,89,Palwal,2021,3.0293763260489833e7,2.6331701986054316e8,551589.1450317604,3.2339851621568626e8,8.692119813452504,0.09367316713440274
6,89,Palwal,2022,2.9807379026045978e7,2.1454520237707546e8,623399.4833485279,3.224137967611673e8,7.197721147827314,0.09245069325654891
6,89,Palwal,2023,3.175017994670798e7,2.2510479021393389e8,665547.2547639739,3.3783979091011024e8,7.089874469743719,0.09397998933511008
7,90,North West,2016,4.7606026039906584e7,5.45893453764857e8,593054.8923771611,2.2056700666241574e8,11.466898188629573,0.2158347558878967
7,90,North West,2017,4.860710406973596e7,5.47053683786896e8,642116.0992630746,2.2511799872656253e8,11.254603504089555,0.21591833769265212
7,90,North West,2018,5.00548050311159e7,4.9503787481798035e8,664961.016162734,2.238170771512293e8,9.889917152014611,0.22364158118861832
7,90,North West,2019,5.094255685767417e7,5.568190827605433e8,674271.5692625183,2.2945480460135573e8,10.930332458895066,0.22201564681192634
7,90,North West,2020,5.202428849415775e7,5.901168130028844e8,652942.1801894112,2.3343193335196462e8,11.343102041062103,0.2228670591341778
7,90,North West,2021,5.276532638429596e7,6.175933943838872e8,680697.0756793391,2.332787155597427e8,11.704530924074708,0.2261900587787777
7,90,North West,2022,5.276428717650225e7,6.102614663984854e8,703021.1843538068,2.3460499003224954e8,11.565805188594604,0.22490692618792596
7,90,North West,2023,5.4478138876321696e7,6.03140801543279e8,724482.5440069534,2.399968365159505e8,11.071244612679441,0.22699523738389363
7,91,North,2016,1.1138774549817182e7,1.4449528499128175e8,150280.29330985542,4.1563439581927836e7,12.97227844454876,0.26799453225859643
7,91,North,2017,1.135416853045582e7,1.411769100767535e8,162523.12793085244,4.192859653194316e7,12.43392765380116,0.27079772445532935
7,91,North,2018,1.1712807328937259e7,1.2753748637822235e8,169242.21622282433,4.193606009336701e7,10.888720594176652,0.2793015677405008
7,91,North,2019,1.182063875561814e7,1.4143661789784306e8,166107.9738909783,4.2638022278301135e7,11.965226314916421,0.2772323415580597
7,91,North,2020,1.1872479504928768e7,1.5017804839691865e8,163920.05310823472,4.336017286213999e7,12.6492573294882,0.2738107051066497
7,91,North,2021,1.2051404362139061e7,1.5464752397103527e8,171106.31840727088,4.353791424977404e7,12.832323878939711,0.27680251959248614
7,91,North,2022,1.2013276030772582e7,1.5092312697840962e8,176969.42899655522,4.4084918068332545e7,12.563028318987493,0.27250308171497
7,91,North,2023,1.2154605467038183e7,1.447314555455496e8,177801.7971513879,4.3959125387530625e7,11.907540391832855,0.27649789116336554
7,92,North East,2016,1.4234106914282802e7,1.8688191146384883e8,224721.29416092095,3.931205327071079e7,13.129163114289073,0.3620799660669935
7,92,North East,2017,1.4425599639540272e7,1.8012458555422422e8,236152.50645357775,3.958306597300477e7,12.486453946809007,0.36443866297215016
7,92,North East,2018,1.4915578100827878e7,1.5710872187823433e8,247674.04790292002,3.961328349806604e7,10.533196957985432,0.3765297088173989
7,92,North East,2019,1.4990451852363579e7,1.752604481285353e8,237525.1482772191,3.9936987355434306e7,11.691472001953136,0.3753525953009522
7,92,North East,2020,1.5179193584725542e7,1.9456453643586898e8,225515.77436254872,4.06065945131434e7,12.817844067266828,0.3738110463760362
7,92,North East,2021,1.519124942061065e7,1.9607709263293323e8,238825.28224339202,4.050281965754828e7,12.907239372089213,0.3750664657189995
7,92,North East,2022,1.5057394756620312e7,1.806577744677098e8,241355.02198986977,4.067319198630901e7,11.997943693963371,0.370204402980931
7,92,North East,2023,1.5127275561361682e7,1.744008875407998e8,234689.0268638199,4.096538182931606e7,11.528902665477794,0.36926973180404116
7,93,East,2016,1.5244706712941457e7,2.316949547468176e8,189877.58729165798,5.364984532552467e7,15.198387158877141,0.2841519229075684
7,93,East,2017,1.5475572760718666e7,2.2656138167952108e8,196400.74113070098,5.396876063676855e7,14.639935153456632,0.28675056788640174
7,93,East,2018,1.5933178262402378e7,1.922905910470968e8,200689.01086942118,5.4008748349371955e7,12.068564593973452,0.29501106301026986
7,93,East,2019,1.5808304373524038e7,2.2057391803742564e8,198719.02559582004,5.437287717834331e7,13.95304093504461,0.29073878731251834
7,93,East,2020,1.5945427960265562e7,2.3240117511058939e8,194991.61385091738,5.488347876546417e7,14.574784426589883,0.29053238458891817
7,93,East,2021,1.6012629606603978e7,2.320046899485706e8,201092.37078962213,5.469818636912149e7,14.488856337055752,0.29274516523354993
7,93,East,2022,1.574517659876655e7,2.20663784132006e8,203658.71989514085,5.506308733959101e7,14.014690959343854,0.2859479437043041
7,93,East,2023,1.582735479060745e7,2.198083813269084e8,201387.1328187762,5.404922625178847e7,13.887878564354354,0.29283221774305657
7,94,New Delhi,2016,3.935597105959381e6,6.022725211353929e7,29785.737474486872,2.62376972528799e7,15.303205712378857,0.1499978091837843
7,94,New Delhi,2017,4.0588063405597243e6,5.490734648805045e7,35104.01344359963,2.665512234775965e7,13.527954250825017,0.15227115777620376
7,94,New Delhi,2018,4.0051459019795856e6,4.9958080191670954e7,34834.1532609107,2.683621196943168e7,12.473473230270749,0.1492440850646778
7,94,New Delhi,2019,4.0769432768834704e6,5.137280846740551e7,35009.33552315527,2.679296562717907e7,12.600815115258687,0.15216468880726572
7,94,New Delhi,2020,4.122713358805479e6,5.603214938193932e7,35510.381390700626,2.731590207005208e7,13.59108541035561,0.15092722723315938
7,94,New Delhi,2021,4.1481308133691647e6,5.634759051429106e7,36728.754067083166,2.7529543977669265e7,13.583850907663356,0.15067924178961856
7,94,New Delhi,2022,4.049300686927968e6,5.932656407088183e7,37414.3416524349,2.7251485836439174e7,14.651064136185541,0.1485900883067986
7,94,New Delhi,2023,4.1226769130032854e6,5.9908114015932165e7,39232.15285461344,2.763495552803308e7,14.531362820835342,0.14918341043904393
7,95,Central,2016,3.7359906159836547e6,5.9517467894900285e7,46054.06475672599,1.3583002472384345e7,15.930839772527062,0.2750489535417012
7,95,Central,2017,3.7700266422168943e6,5.795141079355448e7,49385.31701441036,1.3577826592888327e7,15.371618371237085,0.2776605384098457
7,95,Central,2018,3.8461568421196677e6,5.021042174580636e7,52340.406710354204,1.3613830377167586e7,13.054699484936952,0.28251834609091675
7,95,Central,2019,3.809584052910079e6,5.6204735208184004e7,49561.53760094879,1.3607424371760111e7,14.753509681785372,0.2799636396154603
7,95,Central,2020,3.8028243977129054e6,5.88231207997017e7,49398.35268850133,1.3733960366076902e7,15.468271644380714,0.2768920468931847
7,95,Central,2021,3.8562178864521077e6,5.82200634187415e7,51719.19844110978,1.3666881189449295e7,15.097711056028153,0.2821578554022312
7,95,Central,2022,3.759084919798244e6,5.822500120032287e7,52764.03947183181,1.3560916392283242e7,15.489142289301594,0.2771999185790518
7,95,Central,2023,3.7531068454647213e6,5.505989210132501e7,52908.857497856574,1.335970406540671e7,14.670483513641436,0.28092739383224247
7,96,West,2016,3.104704314521085e7,3.8820924552969503e8,353235.87943008996,1.0480722820193014e8,12.503903953558234,0.2962299802967128
7,96,West,2017,3.1609665448767625e7,3.718735261981788e8,374040.51654548815,1.0570736312975256e8,11.764551156066638,0.29902993048807514
7,96,West,2018,3.2544875773648642e7,3.364653291242776e8,381387.05791429733,1.0592561902038139e8,10.338504023318817,0.3072427244195439
7,96,West,2019,3.2808193961989067e7,3.7226255850809836e8,384374.6230626778,1.066712542600107e8,11.346633677531731,0.307563590487267
7,96,West,2020,3.33492917718472e7,3.9906222056961405e8,367030.1652041376,1.0781004588045341e8,11.966137790862904,0.3093338055789996
7,96,West,2021,3.349202306644869e7,4.0329823628428113e8,384610.84111385513,1.0713992005467981e8,12.041620641551907,0.31260078455682755
7,96,West,2022,3.348788353866386e7,4.038486922367212e8,383596.16342198616,1.0709586983607532e8,12.059546604981847,0.31269070964101214
7,96,West,2023,3.434567478003401e7,3.9666539623486143e8,403932.89641939284,1.0923467111667046e8,11.549209580982023,0.31442100231482706
7,97,South West,2016,3.454878010077514e7,4.10022851026941e8,430195.2605278011,1.930298408793428e8,11.86794004971949,0.1789815499167849
7,97,South West,2017,3.562097923431405e7,3.898066454937469e8,466178.1570058902,1.9799937575195697e8,10.943176012360778,0.17990450272397882
7,97,South West,2018,3.635554722061465e7,3.588199720055154e8,484354.0768095442,1.9599595590317094e8,9.869744769019844,0.18549131308900882
7,97,South West,2019,3.7088877183544196e7,3.894680698423367e8,478093.58040414687,1.9964367746514624e8,10.500939888661232,0.18577536566375444
7,97,South West,2020,3.77613335719296e7,4.187535088772321e8,469092.2967841082,2.0601133526788828e8,11.08947882043335,0.18329735848188344
7,97,South West,2021,3.779069682575095e7,4.2454822207336754e8,494650.8870963199,2.0542378804163215e8,11.234199359459184,0.18396456021973515
7,97,South West,2022,3.812982429462079e7,4.194087956130276e8,505796.6616722539,2.046388701646676e8,10.999494578636078,0.18632737887938253
7,97,South West,2023,3.9201403583089046e7,4.159183657710708e8,542248.2823475676,2.114633967474188e8,10.609782501524826,0.18538150898007627
7,98,South,2016,3.421941076586081e7,4.6470125395297563e8,423167.023057539,1.691632892265817e8,13.580048386355836,0.20228626980660352
7,98,South,2017,3.505485018609143e7,4.4839753980836374e8,455171.64539895207,1.7198188145279562e8,12.791312398370271,0.20382873992289147
7,98,South,2018,3.6256032649570584e7,3.933795623714038e8,463096.4654747301,1.732987023463657e8,10.850044354647915,0.2092112183108388
7,98,South,2019,3.615995186535233e7,4.421136885638684e8,455809.95995877456,1.7355509389924943e8,12.22661164511925,0.20834854830791408
7,98,South,2020,3.6227441772617936e7,4.6111008386286426e8,444032.9070201864,1.7513071335885802e8,12.72819888185946,0.20685944274311704
7,98,South,2021,3.638248429270049e7,4.712378832752385e8,465956.50130643527,1.743156991520757e8,12.952328364497752,0.20871605064647591
7,98,South,2022,3.611957159539211e7,4.7207639022550714e8,481059.9233874345,1.7597235308483842e8,13.069822519316133,0.20525708136651682
7,98,South,2023,3.6785738625153385e7,4.514581869746944e8,492375.30417500436,1.7700927941738287e8,12.27264162275094,0.2078181366888323
8,99,Ganganagar,2016,6.360317262681428e7,4.1461098342610705e8,1.156226766997154e6,9.869748205568169e8,6.518715439853898,0.06444254838328255
8,99,Ganganagar,2017,6.3583182901259966e7,4.338541933320505e8,1.1481760867750386e6,1.0104742842958565e9,6.82341105832645,0.06292409800964659
8,99,Ganganagar,2018,5.999041823519364e7,4.2386370187948644e8,1.0901899490955137e6,9.486897997227253e8,7.065523367710495,0.06323501976381227
8,99,Ganganagar,2019,6.812930847272389e7,4.839641601431563e8,1.1521009197497056e6,1.1010803793695161e9,7.1036118080798545,0.06187496367134891
8,99,Ganganagar,2020,7.110235283677137e7,5.294298488127431e8,1.1658196549907452e6,1.1567549870435011e9,7.446024325357383,0.06146708130344761
8,99,Ganganagar,2021,7.043355466876511e7,4.965948767239367e8,1.152781058997278e6,1.1660277535450525e9,7.050544006465708,0.060404698305531135
8,99,Ganganagar,2022,6.807962313737364e7,3.6512713451495004e8,1.2256143577547593e6,1.1068694229037762e9,5.363236717368172,0.061506462938304536
8,99,Ganganagar,2023,7.338707797256002e7,4.26525116409699e8,1.2756919107056626e6,1.2200758742437115e9,5.811992086252296,0.06014960177624238
8,100,Hanumangarh,2016,5.8118356240689404e7,3.389362909152288e8,1.1430133892882315e6,1.0058990367416437e9,5.831828579452066,0.05777752450081786
8,100,Hanumangarh,2017,6.009763655738652e7,3.839268060572262e8,1.194927973086731e6,1.0875243993316636e9,6.388384436559648,0.0552609546915172
8,100,Hanumangarh,2018,5.9308851867441095e7,4.128707888356233e8,1.1676394844138664e6,1.0222822715977136e9,6.961368764285216,0.05801612090440339
8,100,Hanumangarh,2019,6.417399364850658e7,4.303303561048094e8,1.1772851824830843e6,1.1652892587671258e9,6.705681408294648,0.055071299392566754
8,100,Hanumangarh,2020,6.635306813816153e7,4.729509389916672e8,1.1824256870843708e6,1.2328943188018725e9,7.1277930661304225,0.05381894224530411
8,100,Hanumangarh,2021,6.582774687392139e7,4.361399713378166e8,1.1958407412571374e6,1.2228886092285314e9,6.625473178857953,0.05382971627763327
8,100,Hanumangarh,2022,6.5699597496651195e7,3.4721615942122656e8,1.3214341436675831e6,1.2011293179990273e9,5.284905427905014,0.0546981882068292
8,100,Hanumangarh,2023,6.869089195199661e7,3.66118968721661e8,1.3244009573118656e6,1.2275434981463087e9,5.329949259903578,0.055958010494720135
8,101,Bikaner,2016,7.101056590746517e7,4.3915423520870054e8,1.5767641512599194e6,2.2351260257816668e9,6.1843505906003955,0.031770273840658
8,101,Bikaner,2017,7.296971423007987e7,4.4478095944487226e8,1.6536390867943568e6,2.4148487250519404e9,6.095418683461458,0.03021709537043998
8,101,Bikaner,2018,7.053003046873242e7,4.4542812675982326e8,1.4905392136980204e6,2.2244339946833253e9,6.315439307194001,0.031706955853627476
8,101,Bikaner,2019,7.594163609426385e7,4.802758911162109e8,1.5931808567467874e6,2.39453378098002e9,6.324276323465829,0.031714581225570734
8,101,Bikaner,2020,8.044606882667617e7,5.155577258021968e8,1.695526298168507e6,2.557906665987411e9,6.408737348160339,0.03144996254021729
8,101,Bikaner,2021,8.19557804082372e7,5.068072083732469e8,1.7333172850305866e6,2.6180264377840533e9,6.1839104679223915,0.03130441282999652
8,101,Bikaner,2022,8.398788779018867e7,4.250415883547795e8,1.8961925032752717e6,2.5448774065564446e9,5.060748633381302,0.03300272444315319
8,101,Bikaner,2023,9.257049350073452e7,5.3241746509132826e8,1.8587396283363618e6,2.720305494548308e9,5.751481330140081,0.03402944768014202
8,102,Churu,2016,5.902617588887672e7,3.5522644042319274e8,1.3586644505750758e6,1.6842119940795114e9,6.018117133184194,0.03504676139130387
8,102,Churu,2017,6.170968198274473e7,3.7809443820167136e8,1.4726643907324683e6,1.9410834584490805e9,6.126987306584956,0.03179135946686732
8,102,Churu,2018,6.074352231438382e7,4.031013096939313e8,1.379597424808293e6,1.663644893527689e9,6.636120105245832,0.03651231254380238
8,102,Churu,2019,6.514533406974986e7,4.29704319413495e8,1.4226195317021785e6,1.8217900521480932e9,6.59608743357458,0.03575896903868602
8,102,Churu,2020,6.702389845260218e7,4.5056844968813986e8,1.4765235020579637e6,1.8728397780149364e9,6.722504361735567,0.03578731039322662
8,102,Churu,2021,6.922153556486115e7,4.442246286151904e8,1.5513806075805898e6,1.9354850538151078e9,6.417433895249958,0.03576443818484465
8,102,Churu,2022,7.013075924068692e7,3.55432359413465e8,1.716144973615038e6,1.8712175778159704e9,5.068137907841986,0.037478677024048404
8,102,Churu,2023,7.395719870043164e7,4.0095444922836167e8,1.7431251576666182e6,1.9846978195363126e9,5.4214391063194975,0.037263707337427496
8,103,Jhunjhunun,2016,6.989116850527644e7,4.9176891040133333e8,1.323315800627382e6,1.2813589190688498e9,7.036209594409732,0.05454456785306152
8,103,Jhunjhunun,2017,7.24944628092056e7,5.2702199938606215e8,1.3851778549488448e6,1.3728106323824563e9,7.269824190202,0.05280732906576813
8,103,Jhunjhunun,2018,7.130171553356352e7,5.292252494511312e8,1.3645524608318368e6,1.3156001617894146e9,7.422335430372801,0.05419710152405457
8,103,Jhunjhunun,2019,7.617199939178196e7,5.742167625173863e8,1.3547100030776348e6,1.3907003063049016e9,7.5384231358293246,0.05477240426743802
8,103,Jhunjhunun,2020,7.870742383791581e7,5.997976800747194e8,1.4060485137161086e6,1.4333053589396749e9,7.620598551286572,0.05491322790849096
8,103,Jhunjhunun,2021,8.025379668903077e7,5.904565280352566e8,1.4525539153299716e6,1.46663223819205e9,7.357365662376958,0.054719782232498446
8,103,Jhunjhunun,2022,7.963633935749024e7,4.3814156741316736e8,1.6579825019729398e6,1.4354336473095937e9,5.501779350333206,0.05547894150785105
8,103,Jhunjhunun,2023,8.547692703151537e7,4.8734882229621685e8,1.7273632131110243e6,1.5355484905654604e9,5.701524835076619,0.05566540396261846
8,104,Alwar,2016,9.378198391735074e7,7.611650928701661e8,1.674416376134764e6,1.481056126809616e9,8.116325343905865,0.0633210195209611
8,104,Alwar,2017,9.835399948327458e7,6.944494739575205e8,1.9467651533332157e6,1.5542005335654333e9,7.060714130650212,0.06328269573916845
8,104,Alwar,2018,1.0118543310107313e8,7.93870931601839e8,1.9424580108969552e6,1.5482310253094978e9,7.845703746791785,0.06535551312882762
8,104,Alwar,2019,1.0610045115466589e8,8.52545328812581e8,1.897160949120823e6,1.6132312268980966e9,8.035265821535475,0.06576890490687728
8,104,Alwar,2020,1.0875604157552741e8,8.734571651397256e8,1.9458967205888568e6,1.6566564347164752e9,8.031343845234924,0.065647915461808
8,104,Alwar,2021,1.1379355145056108e8,9.289424124006668e8,2.0153931838540758e6,1.6436611068145912e9,8.163401181869753,0.06923176011087379
8,104,Alwar,2022,1.1165266843986364e8,7.386279086952215e8,2.271058218311438e6,1.638302998215782e9,6.615407576157018,0.06815141555711039
8,104,Alwar,2023,1.1827316405244981e8,7.889046170001203e8,2.436286848284259e6,1.7365549852950597e9,6.6701911910488,0.06810792923574137
8,105,Bharatpur,2016,4.722673921448961e7,3.8054026460355073e8,1.0159457781376058e6,6.532694834894302e8,8.057728967381204,0.07229289046570585
8,105,Bharatpur,2017,4.871424187988235e7,3.453204976972134e8,1.1433388803983126e6,6.948196806282208e8,7.088696947161592,0.07011062472473059
8,105,Bharatpur,2018,5.046821716196263e7,4.0505490673991865e8,1.1406441973621664e6,6.59487931169539e8,8.025940473387761,0.0765263695917256
8,105,Bharatpur,2019,5.339271377005803e7,4.339902079501198e8,1.1358017629801142e6,7.089038572933861e8,8.128266523764824,0.07531728487684189
8,105,Bharatpur,2020,5.465512597302595e7,4.436193041933449e8,1.1518741349210255e6,7.356687204330652e8,8.116700790558697,0.07429312196507713
8,105,Bharatpur,2021,5.713353915729803e7,4.7443840019007015e8,1.2092547612144265e6,7.295903761824028e8,8.304026097243218,0.07830906358202049
8,105,Bharatpur,2022,5.535864794257344e7,3.661982391650549e8,1.3779303367003063e6,7.2232089292932e8,6.615014144581934,0.07663996498574265
8,105,Bharatpur,2023,5.8359818860805176e7,3.6991703073548657e8,1.4701141112730273e6,7.588640133109146e8,6.338556869372416,0.07690418551563934
8,106,Dhaulpur,2016,1.83688948499466e7,1.373143152940554e8,435093.2242429449,2.846262420017502e8,7.475371622286498,0.06453689835750862
8,106,Dhaulpur,2017,1.9462564777201556e7,1.5284847556123126e8,436214.7242970345,3.0729165413689107e8,7.853460081493367,0.06333580660323254
8,106,Dhaulpur,2018,2.0085974434580397e7,1.6400458936657768e8,442241.9959491305,3.0594931339495635e8,8.16512984723431,0.06565131397647882
8,106,Dhaulpur,2019,2.1389588773905527e7,1.7790138671576282e8,442383.35898687836,3.198651129534391e8,8.317195276460652,0.06687065237095452
8,106,Dhaulpur,2020,2.18511807005131e7,1.802707073249793e8,455867.97103303316,3.3593329098327196e8,8.249929822819427,0.06504619008302215
8,106,Dhaulpur,2021,2.2649667306084145e7,1.8949333543458465e8,464438.871166052,3.285318120762715e8,8.366274562615011,0.06894208254275794
8,106,Dhaulpur,2022,2.2035009575988743e7,1.355353697846691e8,551178.5252322721,3.199830212288488e8,6.150910409966882,0.06886305870657279
8,106,Dhaulpur,2023,2.2940830769347806e7,1.4724352220191252e8,543232.295299032,3.3153575631966144e8,6.418404097145893,0.06919564581513382
8,107,Karauli,2016,2.7566416680823106e7,1.820179893418844e8,629791.0566227268,4.980897586734759e8,6.602888995308096,0.055344275205012484
8,107,Karauli,2017,2.9502637767409362e7,2.1046116753140736e8,665627.2032286662,5.2147467291837084e8,7.133639005116255,0.056575399150837695
8,107,Karauli,2018,2.9783451992454894e7,2.2197744977406728e8,657468.2448483965,4.9579170648632056e8,7.453046404100549,0.06007250948897559
8,107,Karauli,2019,3.2238029109645564e7,2.435207000309351e8,662955.1038676987,5.194881120967716e8,7.553833368742573,0.06205729901984779
8,107,Karauli,2020,3.2748781718777917e7,2.4306279541468006e8,671816.2868401186,5.394914308700868e8,7.422040841150118,0.060703061892866374
8,107,Karauli,2021,3.4223088569151364e7,2.5989996425311553e8,711314.3906555409,5.432893716478208e8,7.594287223023726,0.06299237635617869
8,107,Karauli,2022,3.311310876008585e7,1.961919825046082e8,792597.9676600089,5.424605597892654e8,5.924903757181981,0.061042426334090724
8,107,Karauli,2023,3.451328741733424e7,1.9910746399434736e8,833065.006922505,5.588616084381281e8,5.7690089497051495,0.061756411419617546
8,108,Sawai Madhopur,2016,2.8645998298998233e7,2.0167574076881152e8,612811.1141919928,5.382746982645146e8,7.040276225104162,0.05321817724548006
8,108,Sawai Madhopur,2017,3.0426683144566067e7,2.062119890136879e8,678324.4545383577,5.787857971823072e8,6.777340403287288,0.05256985104453453
8,108,Sawai Madhopur,2018,3.1001882926628575e7,2.3118329356296435e8,650718.7855413368,5.450722607272902e8,7.457072659428474,0.05687664766734368
8,108,Sawai Madhopur,2019,3.265067733756912e7,2.4567706030267686e8,653200.7278574371,5.565664082861675e8,7.524409302835241,0.05866447714318622
8,108,Sawai Madhopur,2020,3.3453261574170813e7,2.496114926860734e8,673937.0177975673,5.871780855597006e8,7.4614994455069175,0.056972939550840054
8,108,Sawai Madhopur,2021,3.49575769773176e7,2.5953630075399774e8,714401.6867431777,5.911014820982422e8,7.424321797886598,0.05913972141167392
8,108,Sawai Madhopur,2022,3.43733646543638e7,2.0311185715204534e8,800983.8415961685,5.847568135057675e8,5.908989684146608,0.058782324310659405
8,108,Sawai Madhopur,2023,3.607319296193162e7,2.1856598032811132e8,832044.3248389328,6.078353101024396e8,6.058958533522831,0.059346984886172766
8,109,Dausa,2016,3.747431604208432e7,2.5130974010941026e8,707434.3708657314,7.304747325483036e8,6.7061861736765245,0.05130131731093968
8,109,Dausa,2017,3.969846649264942e7,2.6400597468151876e8,790834.2469548597,7.698367868402498e8,6.6502814341808945,0.05156738047760677
8,109,Dausa,2018,4.066210613677873e7,2.961877419217427e8,776314.868858096,7.534676217806641e8,7.284122001094329,0.05396662704720117
8,109,Dausa,2019,4.2419210624728456e7,3.136561189228116e8,776045.1547359069,7.770249961239892e8,7.394199804839473,0.05459182244628802
8,109,Dausa,2020,4.3559396028459914e7,3.182397889891087e8,795807.6939795914,8.058802444706651e8,7.305881577907644,0.05405194670961502
8,109,Dausa,2021,4.547262886525686e7,3.3549538683863163e8,824425.5674748353,8.140254892863322e8,7.377963298158142,0.05586143120054307
8,109,Dausa,2022,4.545201713377222e7,2.692011238710984e8,942660.5487428359,8.23003719714438e8,5.922754166856851,0.055226988706129965
8,109,Dausa,2023,4.7173895686773114e7,2.6582412753188944e8,1.0077346525781977e6,8.559318557405176e8,5.6349835785646745,0.05511407873230769
8,110,Jaipur,2016,1.843621046989936e8,1.5405752627240427e9,2.6946184075116897e6,2.357549576149751e9,8.356246882944445,0.07820073289830277
8,110,Jaipur,2017,1.9378465747477055e8,1.6176787369309094e9,2.9100377547671366e6,2.4711470413564873e9,8.347816375202564,0.07841891001694351
8,110,Jaipur,2018,1.9724014025402972e8,1.62974954650192e9,2.871215102377325e6,2.4568909007010837e9,8.262768138386695,0.08028038208686697
8,110,Jaipur,2019,2.0633406772738647e8,1.769839352049189e9,2.8779557843306214e6,2.525305135794027e9,8.577543066652199,0.0817065885634091
8,110,Jaipur,2020,2.131421330488543e8,1.8377912766386485e9,2.9357900373905976e6,2.590028328295443e9,8.62237442381891,0.08229335977538439
8,110,Jaipur,2021,2.207984993110005e8,1.880498450961983e9,3.1105365624250984e6,2.644606931900743e9,8.516808116133305,0.08349010079630521
8,110,Jaipur,2022,2.2024324783861333e8,1.6377395091900868e9,3.5667192501265714e6,2.6528366776590333e9,7.436048665565293,0.08302178935228104
8,110,Jaipur,2023,2.295139311621667e8,1.694282512969077e9,3.729818064771273e6,2.7679632484005704e9,7.382046503190061,0.08291798357322418
8,111,Sikar,2016,8.458605347145894e7,5.893586490700982e8,1.5059163423821304e6,1.635364055816192e9,6.967562912353628,0.05172307240741144
8,111,Sikar,2017,8.88178864088729e7,6.198562696843219e8,1.629744623719195e6,1.7596474493867722e9,6.978957671102589,0.05047481894161553
8,111,Sikar,2018,8.799097470848602e7,6.442855151183003e8,1.5954318921808598e6,1.687614584129638e9,7.32217727162152,0.05213925948255896
8,111,Sikar,2019,9.153863410442293e7,6.72672004458103e8,1.5935258442150715e6,1.734084236855584e9,7.3485038425497,0.052787882018009685
8,111,Sikar,2020,9.610957347289486e7,7.131949951357709e8,1.6363896112632614e6,1.8031536078329196e9,7.420644680489697,0.05330082420898241
8,111,Sikar,2021,1.001540491764653e8,7.226636925046294e8,1.7361263669066601e6,1.8663875570498614e9,7.215521473638477,0.053661978616475335
8,111,Sikar,2022,1.0079785596240781e8,5.72150259049976e8,1.98968945888238e6,1.8652119430600796e9,5.67621457408139,0.054040966409982426
8,111,Sikar,2023,1.063710699217744e8,6.34850229172921e8,2.0175091161282856e6,1.9640517271456075e9,5.968260257603799,0.054158996146382275
8,112,Nagaur,2016,9.413644200038983e7,5.931901983807933e8,1.944877231866341e6,2.419914882500471e9,6.301387494317417,0.03890072443503455
8,112,Nagaur,2017,9.824504614457995e7,5.678722278826629e8,2.1895629717409196e6,2.690539149928275e9,5.780161444954359,0.036515003376627685
8,112,Nagaur,2018,9.816514894934928e7,6.453060463098527e8,2.0841539627442658e6,2.5499284277873573e9,6.573677656647923,0.0384972173648536
8,112,Nagaur,2019,1.0241975545288503e8,6.792517327727369e8,2.0872854900039847e6,2.5907617802600446e9,6.632038221231696,0.03953267962853951
8,112,Nagaur,2020,1.0679469882747605e8,7.13981805501498e8,2.1654476913233115e6,2.6787707693841367e9,6.685554745136893,0.03986705396670754
8,112,Nagaur,2021,1.1181094488399695e8,7.124275385469793e8,2.3323694125060067e6,2.8176751620362554e9,6.371715571191333,0.03968198548593312
8,112,Nagaur,2022,1.1400494394255385e8,5.852524511249135e8,2.6249337716169846e6,2.795617852835486e9,5.133570798647271,0.04077987405428932
8,112,Nagaur,2023,1.1910052095353775e8,6.906258567075135e8,2.519769759977934e6,2.871637967331132e9,5.798680401884499,0.0414747688630919
8,113,Jodhpur,2016,1.080371365762332e8,7.188909081528751e8,2.235993737102999e6,3.1206662278495593e9,6.6541092344261745,0.03461989481992159
8,113,Jodhpur,2017,1.1227895086914645e8,7.0277343458599e8,2.4180291268777843e6,3.2833828356787114e9,6.259173506216896,0.034196119212500285
8,113,Jodhpur,2018,1.1240112770088875e8,7.641062910528488e8,2.2784164319407493e6,3.1500890267161107e9,6.7980304707103665,0.03568188922522743
8,113,Jodhpur,2019,1.2307155138716994e8,8.256812999516498e8,2.3767111883517606e6,3.3889470495515113e9,6.7089533742379235,0.036315572237535274
8,113,Jodhpur,2020,1.3113194294881594e8,8.993542267531303e8,2.497248320301313e6,3.5352244031007185e9,6.858391681912092,0.037092961576583684
8,113,Jodhpur,2021,1.356361214424678e8,8.794586089918183e8,2.651485310035914e6,3.599256464179035e9,6.483955745998344,0.037684483668324935
8,113,Jodhpur,2022,1.383056726445724e8,7.844337886211318e8,2.839675705306536e6,3.5855195583426003e9,5.671739803739103,0.03857339791182284
8,113,Jodhpur,2023,1.4904378809433284e8,9.287869938776551e8,2.749901578870788e6,3.649154485722521e9,6.2316384047472475,0.040843375822392086
8,114,Jaisalmer,2016,2.4511578422523152e7,1.4677063049272957e8,575522.4848521934,1.0645169399850221e9,5.987808208950969,0.0230260106737879
8,114,Jaisalmer,2017,2.4759224496425916e7,1.406226475024079e8,608994.016782688,1.098660755971074e9,5.679606302802711,0.022535823148194606
8,114,Jaisalmer,2018,2.3876394431067634e7,1.3897226897408321e8,566253.77986472,9.962213079738126e8,5.82048807140053,0.023966958184852706
8,114,Jaisalmer,2019,2.6369206668875787e7,1.5592837305144057e8,587135.1885107872,1.0825504899110372e9,5.913275094297266,0.024358408143201504
8,114,Jaisalmer,2020,2.8803695766506534e7,1.70611287026951e8,637688.7896236383,1.1860728465597694e9,5.923242920283199,0.02428492975794218
8,114,Jaisalmer,2021,3.0748808635280132e7,1.8017730172936317e8,635350.4555161025,1.194668505152477e9,5.859651470289288,0.02573836047628595
8,114,Jaisalmer,2022,3.190597581349532e7,1.6671355888056326e8,657114.07082678,1.1705919135585368e9,5.225151547004187,0.027256275602060894
8,114,Jaisalmer,2023,3.6042742991160475e7,1.8887103083345932e8,686024.247190526,1.2609206467126954e9,5.2401958108399285,0.02858446571172129
8,115,Barmer,2016,7.635641298249485e7,4.4022010884373474e8,2.183388545167111e6,3.6451556703354893e9,5.765332493351381,0.020947366830966433
8,115,Barmer,2017,7.826049875172861e7,4.2404412964058197e8,2.393355924235128e6,3.841996780309344e9,5.418367329676847,0.020369746053099855
8,115,Barmer,2018,7.842204592616278e7,4.3786098031633186e8,2.391852392644343e6,3.87753748201662e9,5.583391444908157,0.020224703510893526
8,115,Barmer,2019,8.47217691737975e7,4.819681952277663e8,2.4968752162221014e6,4.0875837856398826e9,5.688835348079912,0.020726613475529017
8,115,Barmer,2020,9.13463236028292e7,5.2349380530593884e8,2.6614227297065305e6,4.348896235255071e9,5.730868902639942,0.021004484508578204
8,115,Barmer,2021,9.601558183111982e7,5.474079753282344e8,2.754385556515184e6,4.401613665182737e9,5.701241037012732,0.021813723133089564
8,115,Barmer,2022,9.387812109634651e7,4.72565644240133e8,2.7774469127653637e6,4.25097232472001e9,5.03382085965634,0.022083917260630435
8,115,Barmer,2023,1.0364812818001804e8,5.615221929425024e8,2.898476367929345e6,4.364108019357461e9,5.417581608104297,0.023750128942793314
8,116,Jalor,2016,5.0099344989874944e7,3.3564552579122543e8,1.084909498070925e6,1.3914249857006626e9,6.699599083761659,0.0360057822051018
8,116,Jalor,2017,5.135411315263996e7,3.324055957076025e8,1.1485442026146252e6,1.4391677658111289e9,6.472813476879495,0.035683201342198136
8,116,Jalor,2018,5.20702573885753e7,3.5523610942888385e8,1.1330792210898132e6,1.4538089999927156e9,6.822246081441993,0.03581643626421091
8,116,Jalor,2019,5.6476171504807666e7,3.9431067160784847e8,1.168015519277569e6,1.5493961022237012e9,6.981894507036155,0.03645044119044367
8,116,Jalor,2020,5.985004122670249e7,4.1940869538532114e8,1.2224691953595462e6,1.624384745589663e9,7.007659256184425,0.03684474468822748
8,116,Jalor,2021,6.200717296613962e7,4.2731591615855914e8,1.288429264659942e6,1.6747209952067516e9,6.891394909938958,0.03702537505865839
8,116,Jalor,2022,6.134349868074262e7,3.264560102284599e8,1.4547206609936554e6,1.671057389403458e9,5.321770313875874,0.036709390754461946
8,116,Jalor,2023,6.471986825646075e7,3.703472713205238e8,1.4391336090480483e6,1.708662676768682e9,5.722311885014589,0.03787749866395806
8,117,Sirohi,2016,2.8486823406713165e7,2.1846371962540123e8,472533.0480844859,6.114397114994907e8,7.66893930243968,0.04658975017643566
8,117,Sirohi,2017,2.957779760596539e7,2.0455560136747807e8,550461.5677206061,6.254229530536035e8,6.915849654952751,0.047292472176713264
8,117,Sirohi,2018,3.0544347209143814e7,2.22701488960295e8,530263.6353199538,6.554696561709025e8,7.29108687232401,0.04659917804216386
8,117,Sirohi,2019,3.2492553505703267e7,2.4600691320307317e8,531318.3582889732,6.79351673377294e8,7.571178213491061,0.04782876789597273
8,117,Sirohi,2020,3.3123218994532637e7,2.52646285159928e8,533035.9859711152,6.900386679496974e8,7.627467765183997,0.04800197515445216
8,117,Sirohi,2021,3.3927983063114025e7,2.4787457344587496e8,576939.9612556249,7.134426817477672e8,7.305903595411786,0.04755530322351675
8,117,Sirohi,2022,3.34304681755428e7,1.956939085896459e8,634740.5600806592,6.847442958855927e8,5.853759138581626,0.0488218279092147
8,117,Sirohi,2023,3.435716327742003e7,2.1286512742450815e8,656415.56389023,7.214915500127641e8,6.195654912069119,0.04761963362815851
8,118,Pali,2016,6.604616806731167e7,4.708195799356894e8,1.201582091894766e6,1.0441493493952168e9,7.128643397688848,0.06325356435414757
8,118,Pali,2017,6.905977220084223e7,4.4277263423542404e8,1.3919152281395814e6,1.0952135132911458e9,6.411440700205844,0.06305598987115835
8,118,Pali,2018,7.027912860005872e7,4.97934457354468e8,1.3096585375742055e6,1.0998421298707147e9,7.085097201305538,0.0638992876262341
8,118,Pali,2019,7.387601149288759e7,5.497690241238545e8,1.2941737947246581e6,1.1403569813651621e9,7.441779990745488,0.06478323253166562
8,118,Pali,2020,7.563024470218396e7,5.777253165575545e8,1.2946566397865296e6,1.1554898752597039e9,7.638813266207396,0.06545297048594699
8,118,Pali,2021,7.705821677346395e7,5.349892574262151e8,1.452541257662444e6,1.2023190989842143e9,6.94266335021713,0.06409131888411902
8,118,Pali,2022,7.760140730954228e7,4.5701712049003553e8,1.5514390663474125e6,1.1922722771483e9,5.889289077800504,0.06508698457297929
8,118,Pali,2023,8.032299907123852e7,4.977189478002404e8,1.5900638663119623e6,1.2529591795861633e9,6.196468677157002,0.06410663681618758
8,119,Ajmer,2016,7.108036109606805e7,5.497275615419503e8,1.3120506641090552e6,1.0516147849395028e9,7.7338881382295,0.06759163347076483
8,119,Ajmer,2017,7.346131178470093e7,4.9893937167721725e8,1.4615927329491384e6,1.1091982942813e9,6.791865807399406,0.06622919649574457
8,119,Ajmer,2018,7.617649846165109e7,5.987478434160298e8,1.3827307067962883e6,1.0868773385026808e9,7.860007423647236,0.07008748435825742
8,119,Ajmer,2019,7.9379440865707e7,6.193230103699521e8,1.3864932624889445e6,1.099109774168164e9,7.802058109954616,0.0722215767080986
8,119,Ajmer,2020,8.289419615182196e7,6.602441247901176e8,1.4116831965937533e6,1.1273498669755552e9,7.964901711343828,0.07353014230995548
8,119,Ajmer,2021,8.492917052739972e7,6.527703433448938e8,1.5218928139313483e6,1.178675556000203e9,7.686055795567885,0.07205474831055637
8,119,Ajmer,2022,8.495418591640864e7,5.074676774076618e8,1.7403359186443365e6,1.164340536689901e9,5.973427582567723,0.07296334984430289
8,119,Ajmer,2023,8.956425610832743e7,6.137475805348212e8,1.7221443654451102e6,1.2329550791575525e9,6.8525950775775675,0.0726419458602859
8,120,Tonk,2016,3.6467094838852674e7,2.705393015790709e8,719265.905233134,6.336352141653225e8,7.418723722703397,0.057552190950893076
8,120,Tonk,2017,3.765448433981625e7,2.512165264557481e8,807246.8016896916,6.701921983592334e8,6.671623071202415,0.05618460559821806
8,120,Tonk,2018,3.913384843497289e7,2.8950080221353394e8,775477.4512325356,6.607369054972236e8,7.397708474661917,0.05922758076533282
8,120,Tonk,2019,4.034422943201325e7,3.065943203874522e8,778375.1732560584,6.623309875548255e8,7.599459072681378,0.06091248966163416
8,120,Tonk,2020,4.151238397234752e7,3.092677290526226e8,797453.6266421191,6.906987746084902e8,7.450011284792362,0.060102009006571706
8,120,Tonk,2021,4.2793562236903325e7,3.232771717872299e8,834300.657343733,7.006287685994141e8,7.554341234730153,0.061078796867632804
8,120,Tonk,2022,4.1261412535469495e7,2.462992278607476e8,921791.0093858159,6.701631259795462e8,5.969238877826146,0.06156920745998911
8,120,Tonk,2023,4.302438268020128e7,2.5393193513295805e8,962092.1025113818,6.978168514655521e8,5.90204714894866,0.061655694599294424
8,121,Bundi,2016,2.871105048542259e7,2.140345221204697e8,560422.8514898545,5.782587222551585e8,7.454778508684002,0.049650873182598955
8,121,Bundi,2017,2.9598266176528677e7,1.870501904544843e8,662877.7762285637,6.015626076882086e8,6.319633364295321,0.04920230379722926
8,121,Bundi,2018,3.0994576570888568e7,2.2077105970986417e8,642508.4523308176,5.96191745679856e8,7.122893232786467,0.05198759760678084
8,121,Bundi,2019,3.176338235291133e7,2.31729552084961e8,627706.2816624604,5.894345277690293e8,7.295493581580786,0.05388788891131579
8,121,Bundi,2020,3.2973243325419683e7,2.3918321417015e8,653972.0958816621,6.265152393827859e8,7.253857675133803,0.05262959502454148
8,121,Bundi,2021,3.4143995368543155e7,2.5465854753153425e8,682656.3917357964,6.258234122368604e8,7.458369906122675,0.05455851395284714
8,121,Bundi,2022,3.3026402929168243e7,1.9289806706044385e8,736423.5777549753,5.979285427983723e8,5.840722874790588,0.05523469873941959
8,121,Bundi,2023,3.39077856369588e7,1.9740086943568474e8,770876.2239746797,6.247428330677924e8,5.821697457604597,0.054274789308834503
8,122,Bhilwara,2016,6.599847797105921e7,4.8673420168316376e8,1.3358019835070972e6,1.1329851450035121e9,7.374930705168687,0.05825184757462519
8,122,Bhilwara,2017,6.93153474821338e7,4.816961104211136e8,1.4576257598811535e6,1.2047479061933746e9,6.9493427923054405,0.057535146669105704
8,122,Bhilwara,2018,7.199199799461778e7,5.647117603747656e8,1.3863624549003802e6,1.1704493338920186e9,7.844090678202656,0.06150800031234799
8,122,Bhilwara,2019,7.470245414368096e7,5.88073830991502e8,1.377917986712271e6,1.167373469308226e9,7.872215681969625,0.06399190670998278
8,122,Bhilwara,2020,7.744867778379e7,6.13883687828266e8,1.423173957117509e6,1.207373575116456e9,7.9263288334246,0.06414640785584509
8,122,Bhilwara,2021,8.009541149793628e7,6.301408619500669e8,1.5081504765388442e6,1.2573658212715342e9,7.86737779562195,0.06370096128184742
8,122,Bhilwara,2022,7.906051046548058e7,4.795828592756797e8,1.7396910287769688e6,1.2263104768733914e9,6.066022802687004,0.06447022345193831
8,122,Bhilwara,2023,8.313781335145919e7,5.533238755064738e8,1.7463583773922597e6,1.2932151739140549e9,6.6555019094300265,0.06428768779431628
8,123,Rajsamand,2016,3.481190893352891e7,2.687811582139085e8,678207.8174759671,6.649880643522096e8,7.720954306962274,0.05234967482828511
8,123,Rajsamand,2017,3.589288533806244e7,2.4428060806241342e8,761530.1536053126,6.844816026196003e8,6.805822540083374,0.05243805706493161
8,123,Rajsamand,2018,3.740956887435348e7,2.8670702731524074e8,700956.6851716473,6.837310985259572e8,7.664002444887722,0.054713861860319145
8,123,Rajsamand,2019,3.9328068480908714e7,3.0774562066082513e8,692785.5028859085,6.938182691584865e8,7.825088608412491,0.05668352972113097
8,123,Rajsamand,2020,3.964822133996696e7,3.137128072803513e8,704324.4534585587,6.948074427456113e8,7.912405567715001,0.0570636105786266
8,123,Rajsamand,2021,4.1122119955298014e7,3.196265975218927e8,776129.6465406873,7.356604152461742e8,7.772619647755132,0.05589823660898936
8,123,Rajsamand,2022,4.125016788648186e7,2.609514441199466e8,873599.8816893437,7.187965232275196e8,6.326069868080787,0.05738782333178454
8,123,Rajsamand,2023,4.341292184024456e7,2.9042144853705174e8,888601.5627251411,7.663390823219365e8,6.689746652063069,0.05664975575656069
8,124,Dungarpur,2016,4.208560525472883e7,3.012937106235858e8,584662.8612042846,9.909108641644571e8,7.159068018624534,0.04247163572095428
8,124,Dungarpur,2017,4.315682761624506e7,2.5896102863993952e8,688209.1187388872,1.0201445239635721e9,6.000464884551931,0.04230462116148763
8,124,Dungarpur,2018,4.458277315090194e7,3.132814292954941e8,611878.0140903943,1.0366175604227365e9,7.026961473103343,0.043007927757582
8,124,Dungarpur,2019,4.6681456631894924e7,3.265541736837127e8,617478.6315085671,1.0452537546333565e9,6.995372407908023,0.04466040559526081
8,124,Dungarpur,2020,4.74709698352293e7,3.295700131630522e8,634308.643072755,1.0558286979848803e9,6.942559090471135,0.044960863372847146
8,124,Dungarpur,2021,4.888737033669417e7,3.3843000211715055e8,683557.6638333099,1.08578994429542e9,6.9226468878635865,0.04502470352902161
8,124,Dungarpur,2022,4.592109800690474e7,2.711963573223431e8,781620.6046165208,1.0627981956962011e9,5.905702805311096,0.04320773049188654
8,124,Dungarpur,2023,4.73823528367654e7,2.769911611670082e8,840328.5201215845,1.0969207028835325e9,5.845871819013648,0.043195786816867386
8,125,Banswara,2016,4.218432158381366e7,2.891540825335797e8,700910.3086252704,1.0408658945744448e9,6.854539119683973,0.04052810434437436
8,125,Banswara,2017,4.414498862290408e7,2.9886044147470343e8,725091.6777633256,1.0897745719524431e9,6.769974368498159,0.04050836728903831
8,125,Banswara,2018,4.6172605954821505e7,3.4564710279068714e8,718608.196526103,1.105517232222974e9,7.485977792305948,0.041765613966937114
8,125,Banswara,2019,4.790437467169317e7,3.5828545724676985e8,735503.1451170217,1.1221978173039103e9,7.479180340046934,0.042687994873117675
8,125,Banswara,2020,4.9733382288089424e7,3.7256575982475245e8,777980.8223749269,1.1601657805356696e9,7.491261255198758,0.04286747904693984
8,125,Banswara,2021,5.100673019680872e7,3.798250571350544e8,820691.7906873149,1.1738904350031903e9,7.4465674562847886,0.043451014401246144
8,125,Banswara,2022,4.465744075143639e7,2.601413743955266e8,890583.4413378806,1.1143827727666512e9,5.825263831025947,0.04007369984782378
8,125,Banswara,2023,4.639945690124877e7,2.730494976432965e8,935801.7263830381,1.1606941301803885e9,5.884756328601505,0.03997561088211726
8,126,Chittaurgarh,2016,4.6411551383750945e7,3.5853171667995673e8,841745.6148129542,7.088385247603018e8,7.72505348324731,0.06547549231955939
8,126,Chittaurgarh,2017,4.9653666543913014e7,3.744891089165687e8,889171.778699733,7.663067599199293e8,7.542023278087142,0.06479607011309842
8,126,Chittaurgarh,2018,5.123659167115809e7,4.164539477286751e8,852525.4309248928,7.459419358243374e8,8.128057197901082,0.06868710446549267
8,126,Chittaurgarh,2019,5.35899201646967e7,4.3864289149096864e8,866102.3196583628,7.732410854884573e8,8.185175311754474,0.06930557774338114
8,126,Chittaurgarh,2020,5.507825771185923e7,4.5239685391967946e8,881717.3092254556,7.925694317907244e8,8.213710322617397,0.06949329043313707
8,126,Chittaurgarh,2021,5.728650333242991e7,4.716731813550583e8,934743.8864568927,8.398506293239274e8,8.233583024224206,0.06821034756923985
8,126,Chittaurgarh,2022,5.558014723387939e7,3.566013948205718e8,1.0713681498313455e6,7.721978891529411e8,6.41598506963296,0.07197655939573698
8,126,Chittaurgarh,2023,5.77154846493004e7,3.895914522707776e8,1.1002331071068363e6,8.329008356903378e8,6.750206719012626,0.06929454525215328
8,127,Kota,2016,4.1964809156126246e7,3.825998240565938e8,669809.8996345027,4.370513876696308e8,9.117158680101845,0.09601802062655306
8,127,Kota,2017,4.377741203117436e7,3.477876663579725e8,817315.7849304329,4.6145383510235894e8,7.944454690704631,0.09486845422243316
8,127,Kota,2018,4.527366798686524e7,3.7645061146107733e8,774475.4834317436,4.6738066186246186e8,8.31500137276911,0.0968667976258464
8,127,Kota,2019,4.6682403977556795e7,4.080769344304662e8,774458.8808764238,4.7396479804630065e8,8.74155783893766,0.09849339902453365
8,127,Kota,2020,4.7854526211763084e7,4.1136035029924417e8,792801.1787771732,4.8912082560617334e8,8.596059408861684,0.09783784232138631
8,127,Kota,2021,4.918304638329344e7,4.218509627055138e8,835084.0228515984,4.884397420804995e8,8.577162126517008,0.10069419448507451
8,127,Kota,2022,4.847607828128774e7,3.527441205399647e8,910624.538780875,4.800435813674593e8,7.276663728718491,0.10098266108089199
8,127,Kota,2023,4.9865717646699674e7,3.8204396655192083e8,976532.4972035256,4.945269006994637e8,7.661455295975393,0.10083519739000874
8,128,Baran,2016,2.7019592912837975e7,2.162617659378421e8,522647.96437218523,4.018850879112094e8,8.003886906641306,0.06723213606474385
8,128,Baran,2017,2.76260229612213e7,1.8972099318373582e8,606919.4498844348,4.16430792993524e8,6.867473955626821,0.0663400099753212
8,128,Baran,2018,2.8812262506338365e7,2.222646247504593e8,593437.6460820856,4.130908099973959e8,7.714237113505531,0.06974801135498511
8,128,Baran,2019,3.039784455952153e7,2.4285652089299533e8,585443.2289204912,4.2608282216582036e8,7.989267805401856,0.07134257233137524
8,128,Baran,2020,3.1148100510453977e7,2.4352431571458173e8,604304.3294338323,4.365899219941598e8,7.818271795830686,0.07134406668890227
8,128,Baran,2021,3.2327583695608977e7,2.5633486415685815e8,637683.4571149524,4.426343044245865e8,7.929292413886035,0.07303451940453198
8,128,Baran,2022,3.125847014329201e7,1.9979966870470864e8,699243.1143192047,4.237418440800398e8,6.391856920342122,0.07376772103108056
8,128,Baran,2023,3.2471016603736218e7,2.078029197337385e8,751269.3268376433,4.439834265645298e8,6.399643173162248,0.07313565025386548
8,129,Jhalawar,2016,2.913733066225734e7,2.230907748716987e8,595036.058313135,5.014011314714652e8,7.656527547345867,0.05811181673393481
8,129,Jhalawar,2017,3.0897219888873726e7,1.9344028153372526e8,697104.1143468365,5.310199056458715e8,6.260766574774719,0.058184673607091814
8,129,Jhalawar,2018,3.265648405061136e7,2.367946222635594e8,680419.8486472832,5.57137055402294e8,7.251075219750314,0.058614812520468546
8,129,Jhalawar,2019,3.455115493312284e7,2.6087721328844145e8,692922.8834840494,5.755817511982422e8,7.55046289460931,0.06002823206467975
8,129,Jhalawar,2020,3.5580921446655445e7,2.6531385699834907e8,721194.8218132316,6.242939069091873e8,7.456632549444224,0.05699386307134215
8,129,Jhalawar,2021,3.759461412879298e7,2.785959106565139e8,760820.5142928873,6.065756346275814e8,7.410527202170238,0.061978444208157006
8,129,Jhalawar,2022,3.589741497784512e7,2.163260972227443e8,813617.1666244211,5.670520615342255e8,6.026230505908426,0.06330532487743802
8,129,Jhalawar,2023,3.793767506696435e7,2.3460363957280204e8,901432.9303234024,6.241482295699031e8,6.18392242431039,0.06078311732632324
8,130,Udaipur,2016,8.600014570730661e7,6.662574731005933e8,1.3833271658747853e6,1.9063617059123623e9,7.747166793974255,0.04511218696881448
8,130,Udaipur,2017,9.02604673146957e7,6.064558768052295e8,1.610513896712368e6,1.9798281616327472e9,6.718953433852761,0.04559005122962726
8,130,Udaipur,2018,9.26940516919436e7,6.990609117961141e8,1.4636586709846254e6,2.020019209174762e9,7.541594083289728,0.045887708033138894
8,130,Udaipur,2019,9.773182420535748e7,7.567075696579163e8,1.4632512088095516e6,2.046517600543253e9,7.742693598636778,0.04775518382026831
8,130,Udaipur,2020,9.997022188803916e7,7.760825582258095e8,1.4804496119238022e6,2.0905674063435822e9,7.763137297974359,0.04781965966975818
8,130,Udaipur,2021,1.0252429475128281e8,7.928381130883497e8,1.6081480770665284e6,2.1546099811055837e9,7.733173049487663,0.04758369062166651
8,130,Udaipur,2022,1.0087244168170756e8,6.530836644325533e8,1.8143575610123498e6,2.1103551064200635e9,6.4743517014616385,0.04779880000993019
8,130,Udaipur,2023,1.0357960099097525e8,6.897992309331565e8,1.907987608862592e6,2.1945712471603475e9,6.659605021970086,0.04719810355895324
8,131,Pratapgarh,2016,2.3706870559626225e7,1.5572540230530897e8,418774.55773019296,6.29523939596829e8,6.5687878083122335,0.0376584099006767
8,131,Pratapgarh,2017,2.4938394071367916e7,1.648129045920336e8,437200.59745524626,6.670305934722924e8,6.608801838657982,0.037387181810580365
8,131,Pratapgarh,2018,2.5354685939044368e7,1.8114833025630906e8,422302.266301112,6.726770329368565e8,7.144570068499797,0.037692212900963404
8,131,Pratapgarh,2019,2.6683397901351556e7,1.9460035200634387e8,442838.7408742747,6.86494722239411e8,7.292937455933491,0.0388690503173976
8,131,Pratapgarh,2020,2.7425784963580538e7,1.986094599256389e8,468686.08173141803,7.282033536385033e8,7.241705577046488,0.03766226127158887
8,131,Pratapgarh,2021,2.8236327107219834e7,2.022319636277703e8,494119.381974649,7.22714483470148e8,7.162120018650053,0.039069823219318595
8,131,Pratapgarh,2022,2.475062171926088e7,1.381290561365686e8,508430.7335510215,6.431014038381357e8,5.580831774786364,0.03848634378893448
8,131,Pratapgarh,2023,2.486248339673561e7,1.3979880758681598e8,520397.877856091,6.836415763094783e8,5.622881888185445,0.03636771702937006
9,132,Saharanpur,2016,6.014643170969625e7,5.473896370872787e8,1.1774100769687705e6,4.580827253346507e8,9.100949491556182,0.1313003708353256
9,132,Saharanpur,2017,6.242174152079444e7,4.681094640382014e8,1.3302168696691864e6,4.8959166731262267e8,7.499141366990874,0.1274975570222191
9,132,Saharanpur,2018,6.480043186181898e7,4.768065847204988e8,1.3982293710672378e6,5.178842066106655e8,7.358077269257178,0.1251253292428255
9,132,Saharanpur,2019,6.851066824598773e7,5.596032102062095e8,1.3588690915416735e6,5.452164439876531e8,8.168117820672144,0.12565774382171643
9,132,Saharanpur,2020,6.808803167955267e7,5.638028963290517e8,1.3671177863448504e6,5.593272108125079e8,8.280499265752248,0.12173202083382365
9,132,Saharanpur,2021,7.138289866081339e7,5.655372388724145e8,1.4585685899190383e6,5.792525192374617e8,7.922587195003805,0.12323278067876703
9,132,Saharanpur,2022,7.231935549324547e7,5.619487879045651e8,1.5603349122925564e6,6.031594941420956e8,7.770378815904276,0.11990088226350307
9,132,Saharanpur,2023,7.659366742370747e7,5.564870001567476e8,1.6014272308962517e6,5.962439823331418e8,7.265443983486581,0.1284602774924309
9,133,Muzaffarnagar,2016,6.6006195344010524e7,6.05726424219258e8,1.3592869175358494e6,5.304797882268726e8,9.17681167748479,0.12442735201021715
9,133,Muzaffarnagar,2017,6.894899738564014e7,5.2629556565014654e8,1.5382201361890896e6,5.833324553844324e8,7.633114122117125,0.11819845912773844
9,133,Muzaffarnagar,2018,7.057061137567674e7,5.333098867900367e8,1.5736755363829564e6,6.136549643266697e8,7.557110196353638,0.11500047335738584
9,133,Muzaffarnagar,2019,7.454334132521196e7,6.22477619716995e8,1.5372373442985734e6,6.586846758205577e8,8.350546254712377,0.11316999478141714
9,133,Muzaffarnagar,2020,7.484062067032768e7,6.288203218292714e8,1.5533849861151078e6,6.714208319831839e8,8.402125960435574,0.1114660390403289
9,133,Muzaffarnagar,2021,7.79260813532129e7,6.38668376195e8,1.6467440074633309e6,6.766448924530598e8,8.195823081365143,0.11516540244722054
9,133,Muzaffarnagar,2022,7.911345883597738e7,6.28568045309959e8,1.781157588731438e6,7.025537890700482e8,7.945146812669926,0.11260840104598648
9,133,Muzaffarnagar,2023,8.140262681830408e7,5.752201281220254e8,1.8344028799356886e6,7.060580716553233e8,7.066358305684089,0.11529168787414194
9,134,Bijnor,2016,5.701711655501632e7,4.5815966411665386e8,1.3273362045175869e6,4.811579344867992e8,8.035475867576915,0.11849979490794536
9,134,Bijnor,2017,6.2413783542914875e7,5.072717084171167e8,1.3458063633848906e6,5.055596851150889e8,8.127559004147274,0.1234548271559798
9,134,Bijnor,2018,6.363090809854333e7,4.745152328252902e8,1.435280088482198e6,5.310993342104895e8,7.4573072584540565,0.11980980581181565
9,134,Bijnor,2019,6.750991027550393e7,5.720848223541473e8,1.3745941720963637e6,5.501753227081802e8,8.4740865455087,0.12270617653876859
9,134,Bijnor,2020,6.80852862168465e7,5.596506212113305e8,1.46971252171239e6,5.660487755136528e8,8.21984678787845,0.12028165974754293
9,134,Bijnor,2021,7.006917427353054e7,5.717288878231583e8,1.5171408537132943e6,5.778618652295114e8,8.15949229815793,0.12125592375904738
9,134,Bijnor,2022,7.259934464342633e7,5.33797854296377e8,1.7424300140911662e6,6.09140861691525e8,7.35265389678295,0.11918317947317637
9,134,Bijnor,2023,7.580523265238889e7,5.632251342243145e8,1.6931126290982163e6,6.02130863269853e8,7.429897838412152,0.1258949462260262
9,135,Moradabad,2016,6.6112268552828506e7,5.530114726828856e8,1.4622462691609254e6,5.000915114880858e8,8.364732972988051,0.13220034140572204
9,135,Moradabad,2017,7.162393540808478e7,6.055667220108122e8,1.5610560309441923e6,5.393314725722961e8,8.454809395218696,0.13280132729225022
9,135,Moradabad,2018,7.626162327507712e7,6.027550799094234e8,1.6289182827495886e6,5.711620194542048e8,7.9037798308498415,0.13352012332324156
9,135,Moradabad,2019,7.843921381895728e7,6.329325263034413e8,1.6679877813569044e6,6.036972090738013e8,8.069082994180564,0.12993138387917938
9,135,Moradabad,2020,8.205264773904641e7,6.875430751416475e8,1.7166261962718514e6,6.30534635799747e8,8.379291760678507,0.13013186442164884
9,135,Moradabad,2021,8.592961054215743e7,7.32116146891374e8,1.8264273869372816e6,6.490980823661648e8,8.519951880058793,0.13238309105600377
9,135,Moradabad,2022,8.359352910083582e7,5.938564659968797e8,2.0300571850788048e6,6.593031567428805e8,7.104096123044791,0.12679073085863624
9,135,Moradabad,2023,8.63485274469663e7,6.379381439248747e8,1.965937643886072e6,6.796941201815984e8,7.387944679388825,0.12704027426910208
9,136,Rampur,2016,3.466973724245573e7,2.5197874331495154e8,762767.9388405185,2.921853989131242e8,7.267973839916629,0.11865663846113035
9,136,Rampur,2017,3.741316901424997e7,2.772342130875087e8,834354.1959817491,3.037909703635111e8,7.410070314597392,0.12315431551333476
9,136,Rampur,2018,3.949390917226405e7,2.781706412214382e8,867201.5165241485,3.2281555344352025e8,7.043380790899096,0.12234202705221851
9,136,Rampur,2019,4.115339357453215e7,2.9873400293404347e8,890634.728550144,3.415895556655292e8,7.2590369101156105,0.12047614715371423
9,136,Rampur,2020,4.254048862085683e7,3.150437566348059e8,904565.3091531127,3.4999725184344363e8,7.405739022949202,0.12154520756033109
9,136,Rampur,2021,4.380243265409641e7,3.331239256974032e8,956149.4109013426,3.613244957536879e8,7.6051466896382385,0.12122740962449495
9,136,Rampur,2022,4.3094189373214796e7,2.892302343701923e8,1.0451223988476057e6,3.625628162269455e8,6.711583129347908,0.11885992563076317
9,136,Rampur,2023,4.5112668611556366e7,3.1337505663238966e8,1.0215764085132065e6,3.8009896233313435e8,6.946497874703724,0.1186866397494076
9,137,Jyotiba Phule Nagar,2016,3.0996623154616747e7,2.4554758807486317e8,716343.5435032336,2.9413623327577746e8,7.921752858368717,0.10538185931535611
9,137,Jyotiba Phule Nagar,2017,3.361158456927104e7,2.5159732976273426e8,752457.7533088765,3.124695107079886e8,7.485434947115046,0.10756756553019983
9,137,Jyotiba Phule Nagar,2018,3.4738416267678365e7,2.5020376469270703e8,775017.5979950815,3.2673502076590836e8,7.2025092555962,0.1063198434812623
9,137,Jyotiba Phule Nagar,2019,3.75948035675708e7,3.156175034278482e8,742190.8811800239,3.469363418939875e8,8.395242785630598,0.10836225274738889
9,137,Jyotiba Phule Nagar,2020,3.790583988446533e7,3.267963420169563e8,765447.9003980393,3.575453881368605e8,8.621266354023852,0.10601686147313921
9,137,Jyotiba Phule Nagar,2021,3.928643487161245e7,3.282822124915017e8,822820.1886079785,3.6310992214198834e8,8.356121230249668,0.10819433035556136
9,137,Jyotiba Phule Nagar,2022,4.034076715811059e7,2.823668252673591e8,957674.4432091404,3.7446856530681294e8,6.999540295321049,0.10772804687907042
9,137,Jyotiba Phule Nagar,2023,4.155442978786394e7,2.861486836444363e8,947714.8510263052,3.811293062605124e8,6.88611743934955,0.10902974162648185
9,138,Meerut,2016,6.096350815442209e7,5.778863922233738e8,1.118742840385583e6,4.3927348704750687e8,9.479218137505688,0.1387825806746879
9,138,Meerut,2017,6.305855031467713e7,5.1705156522647256e8,1.2365488696010457e6,4.664034079055454e8,8.19954728813559,0.13520173576314767
9,138,Meerut,2018,6.532325827889042e7,5.206565999702926e8,1.2825738781669321e6,4.891528323280752e8,7.970462798218161,0.13354365744544655
9,138,Meerut,2019,6.823683220229839e7,6.048578576663955e8,1.2369177482754e6,5.073663175396063e8,8.864096385265997,0.13449223932168428
9,138,Meerut,2020,6.924821016373454e7,6.036827460548062e8,1.2746766937417926e6,5.3094880257313126e8,8.717665693126555,0.13042351697214066
9,138,Meerut,2021,7.161916113297075e7,6.293546496365476e8,1.3455474263468196e6,5.325958431469746e8,8.787517749168616,0.1344718740382786
9,138,Meerut,2022,7.241533109487548e7,6.152084287074672e8,1.440555816866326e6,5.432591714340763e8,8.4955550075639,0.13329794489012686
9,138,Meerut,2023,7.479851139641662e7,5.854035098069518e8,1.4872000857345588e6,5.486539524920343e8,7.8264058853315195,0.13633094422572775
9,139,Baghpat,2016,2.3358484377432175e7,1.9714730817030692e8,492157.8500223158,2.3438749415435815e8,8.440072779755393,0.09965755409309175
9,139,Baghpat,2017,2.3744171278033856e7,1.7588503650977764e8,540787.424114467,2.4373476676634118e8,7.407503696391035,0.09741807290379895
9,139,Baghpat,2018,2.353115891304744e7,1.6895799960359558e8,530275.8120556464,2.4432675288125005e8,7.180181827335015,0.09631020195518365
9,139,Baghpat,2019,2.4892477438486923e7,1.9147095202599117e8,542657.6107511655,2.6456924080479857e8,7.691920279897606,0.09408681584739778
9,139,Baghpat,2020,2.540197242690863e7,1.9884123764886135e8,534971.5501519281,2.7512914715605474e8,7.82778731931172,0.09232744945231301
9,139,Baghpat,2021,2.6463731398676362e7,2.1340255049525318e8,565801.7720671461,2.6925631646845514e8,8.063962986940192,0.09828453328699063
9,139,Baghpat,2022,2.63671869137002e7,2.03758278382251e8,615184.0935109173,2.739967842534199e8,7.727721544552773,0.0962317385787753
9,139,Baghpat,2023,2.682765420022734e7,1.781820412554604e8,637922.8918577262,2.736947125273936e8,6.64173020591381,0.09802035981072235
9,140,Ghaziabad,2016,7.91036941205779e7,8.467471831620349e8,1.2962576448454189e6,5.039057239020641e8,10.704268524695403,0.1569811382733013
9,140,Ghaziabad,2017,8.163783506354198e7,7.921376158519509e8,1.4301084185558227e6,5.229213796483225e8,9.703069847888527,0.1561187555927536
9,140,Ghaziabad,2018,8.353795291171984e7,7.727923100034984e8,1.445748807094214e6,5.3340701129034543e8,9.250792999681952,0.15661202635795174
9,140,Ghaziabad,2019,8.725778604517277e7,8.694457888539206e8,1.4340635094631354e6,5.577466964030026e8,9.964105534419753,0.15644697961980258
9,140,Ghaziabad,2020,8.961102224298877e7,9.307599140503867e8,1.423947331538416e6,5.805809584177005e8,10.386667741905043,0.15434716027754716
9,140,Ghaziabad,2021,9.230309590690173e7,9.598924105597986e8,1.5095258151106187e6,5.844693262666628e8,10.39935227663393,0.1579263303627822
9,140,Ghaziabad,2022,9.213014119672708e7,9.114952167876337e8,1.6317650897439793e6,5.912331193157898e8,9.893561487562492,0.15582709795308078
9,140,Ghaziabad,2023,9.506866039354068e7,8.70591602706206e8,1.7062452755288626e6,6.057751309015892e8,9.157503630558754,0.15693721241419697
9,141,Gautam Buddha Nagar,2016,5.830174919737471e7,8.287069390056554e8,729970.1505592599,4.246365226698605e8,14.21410078452623,0.13729800920280757
9,141,Gautam Buddha Nagar,2017,6.075040119977773e7,8.175813056412965e8,831131.8846376429,4.4430390714934886e8,13.458039609527514,0.13673163846240274
9,141,Gautam Buddha Nagar,2018,6.3223717306256e7,7.841236074368399e8,837586.8390863165,4.4905932511642915e8,12.402364822026222,0.14079145843339022
9,141,Gautam Buddha Nagar,2019,6.6605476607703246e7,8.9321350191413e8,843346.1398828934,4.6649421729761404e8,13.410511378441596,0.14277878296872923
9,141,Gautam Buddha Nagar,2020,6.895674882111862e7,9.429915598317566e8,837777.5498219603,4.8320454941114414e8,13.675116300479598,0.14270715974249948
9,141,Gautam Buddha Nagar,2021,7.179514512112066e7,9.840145239742109e8,905083.4245417288,4.8621771683255196e8,13.705864405095184,0.1476604875462531
9,141,Gautam Buddha Nagar,2022,7.124220047873019e7,9.720089365608217e8,1.0076085453521669e6,4.9689602061877674e8,13.643724225657813,0.14337446371579593
9,141,Gautam Buddha Nagar,2023,7.598572001144946e7,1.0027331379003452e9,1.0849132866070787e6,5.106018525275007e8,13.196336597840414,0.1488159896704584
9,142,Bulandshahr,2016,5.830703451672749e7,4.788454869144395e8,1.3483415139112712e6,6.440965380206226e8,8.2124822653614,0.09052530338994094
9,142,Bulandshahr,2017,6.127991930098036e7,4.716990060057554e8,1.4562917146974695e6,6.987186195695885e8,7.697448224253931,0.0877032865371884
9,142,Bulandshahr,2018,6.1762777346252404e7,4.849777517142088e8,1.4581221355880548e6,7.141785464815792e8,7.852265920545361,0.08648086343468096
9,142,Bulandshahr,2019,6.696320025357446e7,5.775077546436962e8,1.4363234317124703e6,7.687719621509188e8,8.624255597952386,0.0871041135087973
9,142,Bulandshahr,2020,6.859398790870737e7,6.035715141858923e8,1.434619347783815e6,8.326436453275162e8,8.799189733496666,0.08238096608751067
9,142,Bulandshahr,2021,7.105172596445505e7,6.2096162117054e8,1.528821681308628e6,8.074200189388596e8,8.739571245337341,0.08799846956709569
9,142,Bulandshahr,2022,6.948688533600044e7,5.011723829626273e8,1.7467104161369463e6,7.937738089317516e8,7.212474419298443,0.08753990690309474
9,142,Bulandshahr,2023,7.263702578666541e7,5.1118552692674965e8,1.7680201084187785e6,8.112538407599651e8,7.037533838845482,0.08953674193840563
9,143,Aligarh,2016,5.754279907836041e7,4.6460435227568567e8,1.3240787324767185e6,6.058877461438992e8,8.074065907760215,0.09497270648661363
9,143,Aligarh,2017,6.0654594067471676e7,4.750040918184737e8,1.4335810606208504e6,6.568062956866959e8,7.831296196460948,0.09234776594834074
9,143,Aligarh,2018,6.164524564972599e7,4.8409152683675855e8,1.4344906715811978e6,6.702823132080959e8,7.852860698899824,0.09196907696203466
9,143,Aligarh,2019,6.560329469072111e7,5.68025829809441e8,1.4265666887968646e6,7.005183046992571e8,8.658495468670147,0.09364965090938712
9,143,Aligarh,2020,6.768419967316109e7,6.12713288053201e8,1.4105261057807975e6,7.639770895378065e8,9.052530590771852,0.08859454111917009
9,143,Aligarh,2021,6.973182805964789e7,6.284729757905474e8,1.5009086087294647e6,7.388225748613893e8,9.012713323003064,0.09438237329541574
9,143,Aligarh,2022,6.701006164531584e7,4.804410113416411e8,1.6902827987036274e6,7.137052340355583e8,7.169684664440614,0.0938903884260673
9,143,Aligarh,2023,7.017256443912861e7,5.2158204620410657e8,1.6651598854336548e6,7.443209197885572e8,7.432848583673387,0.09427729702809222
9,144,Mahamaya Nagar,2016,2.4129564809402853e7,1.8863788898038247e8,573955.8447446354,2.567893524529642e8,7.817707881199486,0.09396637585985049
9,144,Mahamaya Nagar,2017,2.5534254856519755e7,1.9587695217224407e8,611233.10968904,2.7488795071249235e8,7.671144244188904,0.09288968392516501
9,144,Mahamaya Nagar,2018,2.6001373180138517e7,2.0752008259450063e8,612059.8604014951,2.784362904498545e8,7.9811201184181115,0.09338356411130712
9,144,Mahamaya Nagar,2019,2.744887215999208e7,2.360381382328303e8,599885.295691397,2.86773825776731e8,8.599192595492724,0.09571609991130263
9,144,Mahamaya Nagar,2020,2.7829886111174677e7,2.3976071467036885e8,615450.7424573826,3.0715447471144307e8,8.615224428607938,0.09060550440399581
9,144,Mahamaya Nagar,2021,2.9102703548076164e7,2.5599369570309323e8,640774.0520064335,3.0382307220778954e8,8.796217000259267,0.09578832620115287
9,144,Mahamaya Nagar,2022,2.8139944928394057e7,2.0096433020781052e8,719800.8974754027,2.9698250074498695e8,7.141603536154451,0.09475287216520975
9,144,Mahamaya Nagar,2023,2.8722624924526982e7,2.0314016348532897e8,693415.1591190504,3.0673010155670947e8,7.0724790655140435,0.09364136346173585
9,145,Mathura,2016,4.918142640298776e7,4.309609402690819e8,979334.4814951567,5.0327313423069084e8,8.762676721448264,0.09772313095585176
9,145,Mathura,2017,5.168088338469912e7,4.233022770270863e8,1.0889511561651584e6,5.316158269269263e8,8.190693527355826,0.09721471928976817
9,145,Mathura,2018,5.3450713300191544e7,4.694929133797335e8,1.068436338029773e6,5.405895023287339e8,8.783660392761327,0.0988748635886163
9,145,Mathura,2019,5.654861148800821e7,5.040774608188763e8,1.0697642606439895e6,5.66053164159804e8,8.914055492339928,0.09989982402438054
9,145,Mathura,2020,5.854591383804497e7,5.441426982354573e8,1.0790317006085806e6,6.043826833796377e8,9.294289943798884,0.09686894652683135
9,145,Mathura,2021,6.007518645585699e7,5.45092714366071e8,1.1585484950759262e6,5.931493504422756e8,9.073508490341565,0.10128172004413821
9,145,Mathura,2022,5.8471294614578426e7,4.341469110482483e8,1.3418943433835888e6,5.751070021809666e8,7.424958074042782,0.10167028812523395
9,145,Mathura,2023,6.10464947913145e7,4.534402310464177e8,1.3797304195758419e6,6.008790103097732e8,7.427784880958174,0.10159531909733872
9,146,Agra,2016,7.413447659540549e7,6.202134984535664e8,1.5000761721955114e6,6.703169786809589e8,8.366060258824358,0.11059614921478844
9,146,Agra,2017,7.78136276185866e7,6.399025735875477e8,1.5776446806852021e6,7.016100960341146e8,8.223528360920424,0.11090722334018843
9,146,Agra,2018,8.084894832046968e7,7.188168806529927e8,1.5519721146917029e6,7.126886953343328e8,8.890862473606223,0.11344216465022254
9,146,Agra,2019,8.317700517662048e7,7.411910708036988e8,1.5625263038127937e6,7.343241389296377e8,8.911009349637343,0.1132701497432191
9,146,Agra,2020,8.423010234450375e7,7.591373017549261e8,1.5826491628973088e6,7.562743408853669e8,9.012660327183633,0.11137506297767018
9,146,Agra,2021,8.738699414040197e7,7.904204676552136e8,1.6350130055119614e6,7.57491678104048e8,9.045058425802695,0.11536363588722967
9,146,Agra,2022,8.580537566077554e7,6.275383701735418e8,1.916059185313579e6,7.559141924825635e8,7.313508802227763,0.1135120580008885
9,146,Agra,2023,8.780683140522344e7,6.53866410907426e8,1.855194543187833e6,7.765857952137944e8,7.446646239742673,0.11306777943453136
9,147,Firozabad,2016,3.483757649319041e7,2.690575138169657e8,785584.2938586865,3.8052261663864124e8,7.723198365120419,0.09155192088430711
9,147,Firozabad,2017,3.6229898171064354e7,2.6796863173491946e8,847972.0962778567,3.8828574243231857e8,7.396339632799115,0.09330731008589513
9,147,Firozabad,2018,3.761723847329571e7,2.936883478250244e8,845795.9590408553,4.064212363664714e8,7.807280910147413,0.09255726597754876
9,147,Firozabad,2019,3.882953934859784e7,3.138972570198683e8,878844.8976034515,4.155016111093175e8,8.083980966186852,0.09345219924642333
9,147,Firozabad,2020,4.020587078703916e7,3.244645211862361e8,901585.6362530623,4.3108180808221513e8,8.070078195914391,0.09326737995719636
9,147,Firozabad,2021,4.253532022907346e7,3.590262789231286e8,936735.978484787,4.390953346655637e8,8.440662418658114,0.09687035336294433
9,147,Firozabad,2022,4.162639388356431e7,2.842855987398814e8,1.0766512275025516e6,4.4260836094858694e8,6.8294553579412565,0.09404791584675826
9,147,Firozabad,2023,4.207139003176025e7,3.021247323960417e8,1.0181486268232991e6,4.540285499305263e8,7.181239606487062,0.09266243287607763
9,148,Mainpuri,2016,3.0266127822541017e7,2.151736380374367e8,672794.1980168428,3.615402462842027e8,7.109387738631827,0.08371440837806245
9,148,Mainpuri,2017,3.1167193183787394e7,2.179658179066595e8,722593.8327198697,3.717237966895259e8,6.99343751044099,0.08384503080339273
9,148,Mainpuri,2018,3.2814077810493264e7,2.461548019967642e8,728069.5321844821,3.905323367921225e8,7.501499917759352,0.08402397117747501
9,148,Mainpuri,2019,3.4344443191582836e7,2.697490294293056e8,758753.6278664109,4.0541360836238897e8,7.854226313251627,0.08471457909445212
9,148,Mainpuri,2020,3.475910521669582e7,2.4697674401304966e8,797138.7422105887,4.2282224938062197e8,7.105382675225467,0.08220737027820381
9,148,Mainpuri,2021,3.715409521790989e7,2.977075700514372e8,812999.6950455841,4.2968424652759266e8,8.012779434013218,0.08646836722119389
9,148,Mainpuri,2022,3.547206833963548e7,2.235914430882277e8,940144.1747145379,4.256306799575752e8,6.303310000065403,0.08334001755505774
9,148,Mainpuri,2023,3.612238046911111e7,2.3820881929839385e8,902570.7122090345,4.4492404810011107e8,6.5944939454389075,0.08118774569133498
9,149,Budaun,2016,4.9498674619272746e7,3.5704361162691915e8,1.235729274249611e6,4.996622150984451e8,7.213195391051967,0.09906427407067463
9,149,Budaun,2017,5.214576727780351e7,3.784613654492453e8,1.3378770655495892e6,5.274397987357423e8,7.2577581116606185,0.09886581824654754
9,149,Budaun,2018,5.49529196202402e7,3.9666461634884703e8,1.3803425548540135e6,5.735949258416859e8,7.218262816426372,0.09580440332452904
9,149,Budaun,2019,5.606749390199962e7,4.056602779424976e8,1.422137604669921e6,6.1125386915342e8,7.235213306511456,0.09172538078106973
9,149,Budaun,2020,5.8987168415698245e7,4.2840946159366065e8,1.467406716906252e6,6.655512165096049e8,7.2627568520418775,0.08862904454603603
9,149,Budaun,2021,6.320492007082685e7,4.819387619216223e8,1.5743573306620484e6,6.967842207144265e8,7.625019719692172,0.09070945953113234
9,149,Budaun,2022,6.124145486556682e7,3.808510364909465e8,1.7482104078460613e6,6.886502696654947e8,6.218843711779307,0.0889296898051231
9,149,Budaun,2023,6.298890899307024e7,4.066129195815213e8,1.7227088791844225e6,7.307663609801546e8,6.455309769315977,0.0861956876457547
9,150,Bareilly,2016,6.499341806308597e7,4.856817183382375e8,1.3893594983078954e6,4.876266056920227e8,7.472783134236912,0.13328521722240644
9,150,Bareilly,2017,6.813573203409414e7,5.00308124801349e8,1.514760827656866e6,5.0661469674575275e8,7.342815727744761,0.13449221365223918
9,150,Bareilly,2018,7.199021493466811e7,5.2892151349176973e8,1.555665738614025e6,5.3503051466778105e8,7.34713063395868,0.1345534749160416
9,150,Bareilly,2019,7.431966343169983e7,5.655605147093934e8,1.6033073373633283e6,5.621853434676049e8,7.609836866782188,0.1321977961454671
9,150,Bareilly,2020,7.652381623584746e7,5.737752172878033e8,1.6422858833807597e6,5.84536401381185e8,7.497995336764442,0.13091368827506966
9,150,Bareilly,2021,8.002801304670039e7,6.426788582043983e8,1.7088318554757282e6,6.043494712636069e8,8.030673682093827,0.13242009276416417
9,150,Bareilly,2022,7.921104009554952e7,5.506084138156409e8,1.893063317012108e6,6.143981594163221e8,6.951157479455656,0.1289246051303278
9,150,Bareilly,2023,8.247424278960401e7,5.949920672926776e8,1.8732921943115294e6,6.38474351999349e8,7.214277417623981,0.1291739324083109
9,151,Pilibhit,2016,3.0750250372934595e7,2.3016243396987742e8,690857.2390777261,3.115177665243067e8,7.484896258680846,0.09871106459199415
9,151,Pilibhit,2017,3.2033825210750323e7,2.169690437381356e8,753871.3270181635,3.2101649928730077e8,6.773123169359192,0.09978871890345097
9,151,Pilibhit,2018,3.375055885919195e7,2.275160510413138e8,777653.0357860049,3.3835379564505965e8,6.741104702607019,0.09974931356938878
9,151,Pilibhit,2019,3.5292448767537326e7,2.570763447310566e8,785575.2877152448,3.5523640013980544e8,7.284174198972568,0.0993491904367001
9,151,Pilibhit,2020,3.5588669060495846e7,2.5490981854794672e8,792461.4753983779,3.637332411847043e8,7.162667929914296,0.09784277330436199
9,151,Pilibhit,2021,3.743763078599453e7,2.8715285544998264e8,835361.1357185369,3.7894279221518445e8,7.670166338554921,0.09879494096495546
9,151,Pilibhit,2022,3.739663402814364e7,2.406648965209221e8,932880.1213644644,3.826838666436581e8,6.435469468717548,0.09772200316708433
9,151,Pilibhit,2023,3.850946734129813e7,2.5380475996773496e8,909146.5501015151,3.8930535411824065e8,6.590710739214793,0.09891841181717206
9,152,Shahjahanpur,2016,4.175600758163644e7,3.1665577343198854e8,957807.964955992,4.44002194895661e8,7.583478205211559,0.09404459721522088
9,152,Shahjahanpur,2017,4.287959201740637e7,3.056656197881099e8,1.056610176279719e6,4.581778329435739e8,7.128463807771987,0.09358722516522777
9,152,Shahjahanpur,2018,4.527551129080155e7,3.4241818458934814e8,1.0630093415816412e6,4.886950525039677e8,7.562988795201434,0.092645732873332
9,152,Shahjahanpur,2019,4.7289313669844545e7,3.694101827716501e8,1.0836223842975367e6,5.1751837394259715e8,7.811705311494415,0.09137707190873545
9,152,Shahjahanpur,2020,4.856497807205807e7,3.6899197032334596e8,1.1055742177515684e6,5.370743475433825e8,7.597902541536326,0.09042505622210005
9,152,Shahjahanpur,2021,5.124688948280003e7,3.919307176323484e8,1.2167280333672499e6,5.618673921071385e8,7.647892810428854,0.09120815730311703
9,152,Shahjahanpur,2022,5.106180296025916e7,3.356374141152512e8,1.3376030979413325e6,5.732787824787493e8,6.57316026181986,0.08906975893905852
9,152,Shahjahanpur,2023,5.24207256471749e7,3.4391969622446984e8,1.3370005656165525e6,5.90759826108272e8,6.5607580203919715,0.08873441173633133
9,153,Kheri,2016,6.087732031166117e7,4.261916765690206e8,1.561391874952364e6,6.953523613450367e8,7.000828459385765,0.08754887981383239
9,153,Kheri,2017,6.442549977323304e7,4.493159867245661e8,1.6233369858626483e6,7.212869285115768e8,6.9741948189161596,0.08932020978971478
9,153,Kheri,2018,6.645447020815396e7,5.169007518081486e8,1.6117518601684046e6,7.447516013818742e8,7.778269094450247,0.0892303824320066
9,153,Kheri,2019,6.9287793932364e7,5.263095361827189e8,1.6376311640889342e6,7.81018947059911e8,7.5959921122107215,0.08871461338190688
9,153,Kheri,2020,6.911470083521375e7,5.2996071022083956e8,1.6519057552228686e6,7.967347290660192e8,7.667843509652089,0.08674744342603742
9,153,Kheri,2021,7.20247066445944e7,5.50607957105889e8,1.7538579212128902e6,8.184992805982726e8,7.644709472026891,0.08799605369469449
9,153,Kheri,2022,7.406341138874294e7,4.675393185922882e8,1.9739996831541287e6,8.243994342266732e8,6.312689488987683,0.0898392312195338
9,153,Kheri,2023,7.501587740830173e7,4.5615498281880796e8,1.9993919322706813e6,8.438055945271026e8,6.080779144073932,0.08890184883206799
9,154,Sitapur,2016,5.8337618209883325e7,4.314078689612798e8,1.492421630610494e6,6.649469674175743e8,7.395020266497483,0.08773273820083217
9,154,Sitapur,2017,6.184184101655275e7,4.417285471384073e8,1.5836039623573013e6,6.910968545412761e8,7.142875112986579,0.08948360943937593
9,154,Sitapur,2018,6.349803306973743e7,4.9150923453508866e8,1.641334526519925e6,7.142703597395108e8,7.740542671538867,0.08889915730633803
9,154,Sitapur,2019,6.657998315220751e7,5.164845951157106e8,1.667561401270483e6,7.51870675997212e8,7.757355449234387,0.08855244030351622
9,154,Sitapur,2020,6.6093715426601134e7,5.068909009486632e8,1.673760394976438e6,7.816744268398516e8,7.669275326359573,0.08455402039158987
9,154,Sitapur,2021,7.001368231142907e7,5.501100222536756e8,1.7637618469072722e6,8.239360599138634e8,7.857178826943021,0.08497465485215988
9,154,Sitapur,2022,6.997329438460928e7,4.421424531802471e8,1.9376648205405716e6,8.227756325661192e8,6.318731411301066,0.08504541410198624
9,154,Sitapur,2023,7.14790418165731e7,4.422314738514955e8,1.9751366006319916e6,8.488277220213236e8,6.186869082357507,0.08420912743796728
9,155,Hardoi,2016,5.840413147187412e7,4.3298566510677063e8,1.4412482237264526e6,6.346421499198108e8,7.4136136296331205,0.09202687133095978
9,155,Hardoi,2017,5.9288868586713634e7,4.395283900436263e8,1.495925072268364e6,6.500554257111596e8,7.413337453063198,0.09120586682566599
9,155,Hardoi,2018,6.251847432677585e7,5.168522213267018e8,1.496112309813443e6,6.70185690346852e8,8.267191848367624,0.09328530171155947
9,155,Hardoi,2019,6.4701932635080844e7,5.288869273283987e8,1.552419389933455e6,7.064725000400813e8,8.174206021191408,0.09158450276749629
9,155,Hardoi,2020,6.5878557935052626e7,5.188441687761313e8,1.5488584474719227e6,7.438737531151425e8,7.875766942070008,0.08856147653976365
9,155,Hardoi,2021,6.988417075007914e7,5.626015040785139e8,1.6854822494325049e6,7.715797939767078e8,8.050485511096614,0.09057283678969538
9,155,Hardoi,2022,6.884849500372621e7,4.368205198149586e8,1.8651569416109638e6,7.694817426733226e8,6.3446633044239675,0.08947385127622878
9,155,Hardoi,2023,7.010487227404408e7,4.4524666770973754e8,1.8874022221184992e6,7.935734084440794e8,6.351151542923323,0.08834075276223693
9,156,Unnao,2016,5.322840331342281e7,4.15380889631315e8,1.2029933290076507e6,6.043886293268154e8,7.803745064180177,0.08806982913081945
9,156,Unnao,2017,5.4595713787912056e7,4.2372803253372324e8,1.2178128735155894e6,6.21973020538243e8,7.761195946256501,0.08777826687830609
9,156,Unnao,2018,5.702243697663659e7,4.705090014692754e8,1.2564985148088364e6,6.301852447420306e8,8.251295918167331,0.09048519852282323
9,156,Unnao,2019,5.938433508383679e7,4.9064897199200827e8,1.3086567606429337e6,6.704561847410235e8,8.262262620257122,0.0885730289843998
9,156,Unnao,2020,5.9888039562045485e7,4.932330438125303e8,1.2735550891561927e6,6.938608120154907e8,8.23591901520718,0.08631131564857487
9,156,Unnao,2021,6.39019213644296e7,5.2923629067663217e8,1.375647932179068e6,7.270538614374157e8,8.282009044116576,0.08789159201780848
9,156,Unnao,2022,6.0636235055202246e7,3.969322278345384e8,1.500524618548155e6,6.937463913451056e8,6.546122586159542,0.08740403670804626
9,156,Unnao,2023,6.295293770900722e7,4.113175997663306e8,1.501206772423298e6,7.293709674911115e8,6.5337316213518,0.08631127439244336
9,157,Lucknow,2016,9.320379250081506e7,8.929262286909475e8,1.4785064300292095e6,6.79102188933498e8,9.580363681908533,0.13724560753837028
9,157,Lucknow,2017,9.851199651794356e7,8.571055383807161e8,1.6796151192307004e6,7.030385062594209e8,8.700519415669318,0.1401231876218067
9,157,Lucknow,2018,1.0310207065915447e8,9.559665149720676e8,1.677636789449787e6,7.230070054389822e8,9.27203991986156,0.14260175888137464
9,157,Lucknow,2019,1.0737868129427364e8,1.0260059187186192e9,1.7429547689445922e6,7.598435592790213e8,9.555024389867738,0.14131682763246697
9,157,Lucknow,2020,1.0994837451899216e8,1.101738489445362e9,1.7432055897167285e6,7.8690668237266e8,10.02050729958769,0.1397222529455192
9,157,Lucknow,2021,1.135988695886175e8,1.0923720083795216e9,1.8953574898924523e6,8.176146560918237e8,9.61604646538645,0.13893937534292386
9,157,Lucknow,2022,1.1279464499790834e8,9.863434022403305e8,1.9905198479664861e6,8.039892396139323e8,8.744594233694526,0.1402937246424731
9,157,Lucknow,2023,1.1825150546620113e8,1.0712077046349542e9,2.0907166018578222e6,8.373912870094746e8,9.058723611270462,0.14121415794581008
9,158,Rae Bareli,2016,6.4533828667029075e7,4.979589634042715e8,1.4073073087727884e6,8.956710178840188e8,7.716247024077208,0.07205081707286594
9,158,Rae Bareli,2017,6.522535067433081e7,4.744149723464205e8,1.4052174946060556e6,9.113146407773205e8,7.273475227678994,0.07157281114094227
9,158,Rae Bareli,2018,6.805901203955275e7,5.077887807252587e8,1.4956965080634572e6,9.324051008680987e8,7.4610072275241865,0.07299296408416003
9,158,Rae Bareli,2019,7.119602917855404e7,5.52066920949416e8,1.5341379152444538e6,9.588622114794848e8,7.754181340154177,0.07425053185556402
9,158,Rae Bareli,2020,7.294969657299827e7,5.760754276369803e8,1.5277588550795896e6,1.0069860806170497e9,7.896885863816052,0.07244359974499048
9,158,Rae Bareli,2021,7.624993498179668e7,5.767055009806005e8,1.6525862812929647e6,1.0529152434079008e9,7.56335728179019,0.07241792296120966
9,158,Rae Bareli,2022,7.369672010708466e7,4.7367790127559835e8,1.8175088245559947e6,9.897468438167661e8,6.427394605720892,0.07446017187878831
9,158,Rae Bareli,2023,7.669989896739332e7,4.932861442377183e8,1.8198020981346623e6,1.0321308015027115e9,6.431379322252096,0.07431218878045645
9,159,Farrukhabad,2016,2.652515248153004e7,1.9020666300406724e8,616177.5488460193,2.8908640104550016e8,7.170803754531164,0.09175510292286343
9,159,Farrukhabad,2017,2.699128783048941e7,1.9277337543786922e8,649619.2423831518,2.937217809141008e8,7.142059195119696,0.09189406296832658
9,159,Farrukhabad,2018,2.874680584370994e7,2.244664289368491e8,656175.4293694744,3.0556569590973496e8,7.808395484257406,0.0940773333803865
9,159,Farrukhabad,2019,2.9740607972712606e7,2.33632852134476e8,666838.6859758418,3.184798732875651e8,7.855685140964071,0.09338300617150432
9,159,Farrukhabad,2020,3.0411297656909548e7,2.2820934656642607e8,689869.0011309492,3.310600877723499e8,7.504097626514012,0.09186035641306774
9,159,Farrukhabad,2021,3.196352427882637e7,2.4979532073903498e8,749990.3230429438,3.372405914672143e8,7.8150118416230825,0.09477958788935936
9,159,Farrukhabad,2022,3.1517827629985716e7,2.1095903640026143e8,823203.5863928028,3.401865763003179e8,6.69332413632332,0.09264865172740287
9,159,Farrukhabad,2023,3.1928157924305093e7,2.169944858739035e8,804657.7083643484,3.486103119520642e8,6.79633589849911,0.09158695778538928
9,160,Kannauj,2016,2.4186722290286753e7,1.8455583877472088e8,540600.5987772067,2.9377811171051234e8,7.630460901634341,0.08232989908424575
9,160,Kannauj,2017,2.4774967147815984e7,1.8827252074557048e8,573859.659109111,3.021816338611137e8,7.599304556985759,0.08198700507127066
9,160,Kannauj,2018,2.654377578370661e7,2.2040677706488627e8,575960.3704808418,3.1271757614065945e8,8.303520149540246,0.08488098466127562
9,160,Kannauj,2019,2.74028589475686e7,2.2464656251234308e8,587822.270095245,3.23693445971515e8,8.197924272871372,0.08465682357368474
9,160,Kannauj,2020,2.833349544866675e7,2.152780474188666e8,631856.8662139521,3.446934549248162e8,7.598005258789792,0.08219911067022376
9,160,Kannauj,2021,2.9905968712479644e7,2.4243782598360518e8,668051.8424463745,3.5167611220596653e8,8.106670220732118,0.08503838524853967
9,160,Kannauj,2022,2.894892266228896e7,1.923811903998885e8,741475.689800097,3.4474738074005437e8,6.645538856286996,0.08397140712177581
9,160,Kannauj,2023,2.9939775915505864e7,2.091898273887127e8,728077.5991042214,3.592635945649357e8,6.987020476675409,0.08333651493901743
9,161,Etawah,2016,2.6616001595308118e7,1.9659808838376826e8,603458.0055921066,2.983319219896637e8,7.386462150589316,0.08921606986539737
9,161,Etawah,2017,2.7384503858926114e7,1.993187970267075e8,638645.0085015983,3.105314102490004e8,7.2785250393257925,0.08818593853989773
9,161,Etawah,2018,2.861792417178013e7,2.2651478369959128e8,610642.7702453417,3.1776803546830964e8,7.915136763237195,0.0900591657358002
9,161,Etawah,2019,2.968169268266531e7,2.4892212133287883e8,618421.9933116194,3.2711109268575746e8,8.386385641619901,0.09073887540456882
9,161,Etawah,2020,3.003067384405752e7,2.3446143938495073e8,656635.4599694066,3.383171302432291e8,7.807398548645822,0.08876486337675932
9,161,Etawah,2021,3.1765647443755012e7,2.6821985845388606e8,679741.0468909995,3.457529859252144e8,8.443708220611663,0.09187381956731923
9,161,Etawah,2022,3.0792498369789954e7,2.1310192821313968e8,785868.6186713444,3.4234517118004364e8,6.920579345461968,0.08994576515757481
9,161,Etawah,2023,3.1034941894899137e7,2.1683956050741357e8,753294.0168370546,3.5722925272720975e8,6.986949137580084,0.08687682113927632
9,162,Auraiya,2016,2.3342651841656223e7,1.8216458236904344e8,528735.3808320218,2.565604029927313e8,7.8039369136269645,0.09098306507695013
9,162,Auraiya,2017,2.3525731298249453e7,1.6894045537429568e8,564499.0520490492,2.686032542563726e8,7.181092618653964,0.08758542916161005
9,162,Auraiya,2018,2.486099067148309e7,1.970237873105036e8,527330.670773974,2.722731010156863e8,7.925017547128587,0.0913090223703398
9,162,Auraiya,2019,2.583174246540056e7,2.1534957637638187e8,533901.3838572275,2.7948598266359144e8,8.336626019898752,0.09242589635163716
9,162,Auraiya,2020,2.634119577088256e7,2.0535161075947532e8,570491.2568595966,2.943748030358609e8,7.795834803614727,0.08948182894469288
9,162,Auraiya,2021,2.7471926706674457e7,2.2394830790597492e8,594424.2092960081,3.030608276139897e8,8.151896672451644,0.09064822703403161
9,162,Auraiya,2022,2.6437930200219035e7,1.739909735039257e8,690848.9877583081,2.93920487286669e8,6.581111765794896,0.08994925955751212
9,162,Auraiya,2023,2.706776274848975e7,1.8404367462436756e8,670036.3313587361,3.0968215258826977e8,6.799367806437432,0.08740498127600212
9,163,Kanpur Dehat,2016,3.0717388654945925e7,2.4041929066855228e8,698610.3840788959,3.6097477455924845e8,7.82681410093893,0.08509566545876224
9,163,Kanpur Dehat,2017,3.168674637170718e7,2.382902211178176e8,736786.7153476751,3.804973408299555e8,7.520185831720005,0.0832771821810655
9,163,Kanpur Dehat,2018,3.285266859932796e7,2.6654222797239962e8,704125.7628430933,3.849134288600183e8,8.113259571791744,0.08535079874096964
9,163,Kanpur Dehat,2019,3.375446839197787e7,2.830826929678248e8,715814.5008369683,3.971072526094211e8,8.386524998127436,0.08500088620939246
9,163,Kanpur Dehat,2020,3.494421686261493e7,2.833986165279744e8,745005.3159316191,4.152993802128715e8,8.110029125625317,0.08414223215238956
9,163,Kanpur Dehat,2021,3.6064533807958685e7,2.996491814476889e8,779729.3223773281,4.3100912064884347e8,8.30869416039873,0.08367464185831368
9,163,Kanpur Dehat,2022,3.530440055437845e7,2.405158449207677e8,890949.8353230222,4.1612866406426555e8,6.812630752653834,0.08484010740708348
9,163,Kanpur Dehat,2023,3.570231375511473e7,2.3466133388421214e8,878911.1649875266,4.376726449824563e8,6.57272062236007,0.08157309844334873
9,164,Kanpur Nagar,2016,6.832525915407176e7,6.166844345382651e8,1.2415496427173906e6,5.209404694717218e8,9.025716728679463,0.13115751829255926
9,164,Kanpur Nagar,2017,7.098356479228447e7,6.448390378325166e8,1.2556586131056258e6,5.3178051565508956e8,9.084342829491243,0.13348282365110964
9,164,Kanpur Nagar,2018,7.266398191804537e7,6.85219219806115e8,1.2695059782525685e6,5.378297511720244e8,9.429970691379737,0.13510591736455252
9,164,Kanpur Nagar,2019,7.457699869367604e7,7.25165875394647e8,1.3240156034591633e6,5.667369919621171e8,9.72372029039752,0.13159013749125636
9,164,Kanpur Nagar,2020,7.614490627907667e7,7.512612728580226e8,1.3186449821045005e6,5.828660601100566e8,9.866205233802441,0.1306387719070467
9,164,Kanpur Nagar,2021,7.890694118205696e7,8.037798162904316e8,1.3634458181286408e6,6.037577566138672e8,10.186427255314861,0.13069304753052116
9,164,Kanpur Nagar,2022,7.871871398569804e7,6.747164112585087e8,1.5635482040657366e6,5.997107603913375e8,8.571232647183415,0.1312611331741499
9,164,Kanpur Nagar,2023,7.924343920446911e7,6.476778367433393e8,1.5663032245388068e6,6.251879836139745e8,8.173267632569033,0.12675137923539873
9,165,Jalaun,2016,3.1114647604506794e7,2.4444092779980302e8,748892.4100380595,2.9905499406354547e8,7.856136791483283,0.10404323024913377
9,165,Jalaun,2017,3.135367046139867e7,2.2317678724824023e8,790893.2308369854,3.041821086132468e8,7.118043404934238,0.10307532748832175
9,165,Jalaun,2018,3.3498515412598092e7,2.73201225934236e8,768102.4762896557,3.1294940469097733e8,8.155621900530276,0.10704131374103838
9,165,Jalaun,2019,3.419892612708004e7,2.837996248455447e8,750210.0529384383,3.168315855081992e8,8.298495215638397,0.10794039386011599
9,165,Jalaun,2020,3.4594692820024766e7,2.741496286752955e8,792015.8750991278,3.2867215880981153e8,7.92461520330676,0.10525592719900327
9,165,Jalaun,2021,3.6230432978918396e7,3.046607128685697e8,808986.957877524,3.429819186805799e8,8.408972452684855,0.10563365298757894
9,165,Jalaun,2022,3.494997280925489e7,2.2485152467115805e8,944938.372545378,3.3290036132845426e8,6.433525024420518,0.1049862867970026
9,165,Jalaun,2023,3.590548958265083e7,2.3276971299120772e8,921288.7943581757,3.51045055247189e8,6.482844704161329,0.102281712976609
9,166,Jhansi,2016,4.038126660916744e7,3.325337892894659e8,801082.0703100308,5.119311181395221e8,8.234852871454343,0.07888027349445459
9,166,Jhansi,2017,4.0908291546655454e7,2.8959485034732604e8,897277.8433601289,5.2524131758193547e8,7.079123556578899,0.07788475540154727
9,166,Jhansi,2018,4.347620675428028e7,3.521343580722733e8,882442.6695794303,5.3060987550634956e8,8.099472892436857,0.08193629399149775
9,166,Jhansi,2019,4.511751596859446e7,3.708950295150237e8,880297.8140708512,5.41021521579186e8,8.220643835383079,0.08339320002816356
9,166,Jhansi,2020,4.511839352518723e7,3.5276869604227287e8,922637.7671677561,5.401899469741077e8,7.818733524839279,0.08352320101090263
9,166,Jhansi,2021,4.733548282023934e7,3.805648843015002e8,954104.1199536126,5.62336754584333e8,8.039738091332644,0.08417639863364204
9,166,Jhansi,2022,4.6721382025668845e7,3.01384036467508e8,1.0968760233993742e6,5.495490621567632e8,6.4506661275971435,0.08501767220256161
9,166,Jhansi,2023,4.788660020501796e7,3.3745986870811856e8,1.096847201774898e6,5.641396652044042e8,7.047062586680703,0.08488429932978964
9,167,Lalitpur,2016,2.3466242132348046e7,1.7211186642540812e8,493108.60306401795,4.4792660006117487e8,7.3344451768079715,0.0523885880613993
9,167,Lalitpur,2017,2.4268299930681925e7,1.5126310645966637e8,566820.5500422738,4.419952986045037e8,6.23295026399552,0.05490623996975393
9,167,Lalitpur,2018,2.6422322904951766e7,1.880036147818101e8,563204.8268365382,4.6869153681944704e8,7.115332571557388,0.05637465332584057
9,167,Lalitpur,2019,2.740321161336002e7,2.016110801629148e8,562964.3005254632,4.6925211034916896e8,7.357206264999332,0.05839763105800287
9,167,Lalitpur,2020,2.6996093109071884e7,1.8531988205626267e8,588890.4373462673,4.714709528028531e8,6.8646926541376825,0.05725929232454831
9,167,Lalitpur,2021,2.855806059278358e7,2.1063820645033532e8,602162.8192164134,4.899444214821308e8,7.375788204033789,0.05828836770177441
9,167,Lalitpur,2022,2.811409806461802e7,1.6159030320465362e8,699949.6274198751,4.9284214774004674e8,5.747660936276566,0.05704483310434523
9,167,Lalitpur,2023,2.9057737225528326e7,1.7842074673886657e8,729837.4891764299,5.083813742379098e8,6.140214750862196,0.05715736000180453
9,168,Hamirpur,2016,2.3154488968594916e7,1.8703707983751497e8,536444.2397455968,2.6624956517563185e8,8.077789153161557,0.08696535881033657
9,168,Hamirpur,2017,2.3019082882511556e7,1.7143086333677447e8,567399.922083663,2.743012155096124e8,7.447336812320042,0.0839189970038791
9,168,Hamirpur,2018,2.4043132257729936e7,2.0787141966188675e8,546855.0672635564,2.7007314380261564e8,8.645771167983135,0.08902452098421894
9,168,Hamirpur,2019,2.458724326019737e7,2.1066588518101284e8,542809.8517308442,2.8333295860345054e8,8.56809699857835,0.0867786203955516
9,168,Hamirpur,2020,2.487393728579599e7,2.0756703590973717e8,562736.9508808912,2.8912595617252225e8,8.344759959986963,0.08603149165533117
9,168,Hamirpur,2021,2.5628347997731272e7,2.1749310022239006e8,587733.230337435,3.034256621196155e8,8.486426836471997,0.08446335032673719
9,168,Hamirpur,2022,2.437742876629792e7,1.5028819237632227e8,667258.6445177232,2.8995731285589767e8,6.165055134284607,0.08407247441423546
9,168,Hamirpur,2023,2.501852055487131e7,1.5558129680442974e8,665837.5325602709,3.0270430077110523e8,6.218644961967457,0.08265003335314178
9,169,Mahoba,2016,1.7996729196099307e7,1.438057921846362e8,410421.3472088478,2.4754452974388787e8,7.990662670848285,0.07270097713215036
9,169,Mahoba,2017,1.8433311818348948e7,1.3670596309672242e8,425071.9376305629,2.6002033380965838e8,7.4162453521044505,0.07089180891461593
9,169,Mahoba,2018,1.9514310640349835e7,1.6478796557412836e8,417270.32895868184,2.5810487364891613e8,8.444467683803058,0.07560613003725737
9,169,Mahoba,2019,1.9905550716567535e7,1.6746833705623856e8,411282.60141703207,2.7005849566996396e8,8.413147641117684,0.07370829296514311
9,169,Mahoba,2020,2.0083839150013186e7,1.639285391116287e8,427242.6407677722,2.780305365361557e8,8.162211312647417,0.07223609104319173
9,169,Mahoba,2021,2.0615019828308634e7,1.6881443784571072e8,448657.56999595824,2.8389758689542353e8,8.188904946571723,0.07261428338910954
9,169,Mahoba,2022,1.982244113333104e7,1.1453553801220497e8,519452.72756440117,2.7127440342728245e8,5.778074316972784,0.07307154999843038
9,169,Mahoba,2023,2.088552529714565e7,1.2978402614050612e8,518949.5569468516,2.822759797025429e8,6.214065688749674,0.07398973628274862
9,170,Banda,2016,3.620488070596351e7,2.960619258601084e8,708882.6615596415,4.207341381429151e8,8.17740371152065,0.08605168305516825
9,170,Banda,2017,3.685736947276043e7,2.516557169041497e8,804586.9191106912,4.328772161501647e8,6.827826307304344,0.08514508987226217
9,170,Banda,2018,3.8083329710369125e7,2.8923992929250044e8,818926.4492560296,4.506684645423368e8,7.594922279438915,0.08450409271268522
9,170,Banda,2019,3.974205405817287e7,3.0465068441870385e8,793315.6619150946,4.7437539194374233e8,7.665700518970864,0.0837776468448979
9,170,Banda,2020,3.9994123088442944e7,3.06715543345505e8,818676.0797175972,4.8298060253277415e8,7.669015336759221,0.08280689302781889
9,170,Banda,2021,4.173130945174562e7,2.9989375028058386e8,894216.060790169,5.044036141855967e8,7.186300986489637,0.08273396200605032
9,170,Banda,2022,4.040432429793126e7,2.5116114608465e8,956169.4987298149,4.8762782296299016e8,6.216194688287602,0.0828589395338868
9,170,Banda,2023,4.032535990626226e7,2.4779251505225855e8,956723.9818241833,5.117980813935125e8,6.144830836680964,0.07879154176675549
9,171,Chitrakoot,2016,2.0316915714696005e7,1.5437160338246316e8,369890.6184838427,3.068406158588082e8,7.598181020694999,0.06621325425850655
9,171,Chitrakoot,2017,2.0523223722469464e7,1.3532031153671846e8,416128.60775105964,3.163064127402765e8,6.593521240455298,0.06488399506247558
9,171,Chitrakoot,2018,2.148504914120432e7,1.6016186119120815e8,420644.7615941366,3.296178603308938e8,7.45457271885162,0.06518168985028937
9,171,Chitrakoot,2019,2.2755894159215696e7,1.70783056154358e8,414255.2901670035,3.446272403954772e8,7.50500309763456,0.06603045694560349
9,171,Chitrakoot,2020,2.3044472441686746e7,1.7286174699227586e8,425666.6665452132,3.541896661377796e8,7.501223880464031,0.06506252057823296
9,171,Chitrakoot,2021,2.4390417240519658e7,1.7579138544248268e8,465845.2294713141,3.7160324977581185e8,7.207395581181017,0.06563564031055807
9,171,Chitrakoot,2022,2.347106732852307e7,1.3821969908708686e8,530203.8959805908,3.6041990104920334e8,5.888939652911149,0.0651214521179253
9,171,Chitrakoot,2023,2.4165322070483934e7,1.4954197213788888e8,529456.7223781669,3.7369960852177924e8,6.188287981501508,0.06466509870340305
9,172,Fatehpur,2016,4.412086053538053e7,3.5081106649106824e8,983360.4964215934,5.55703340871714e8,7.951138355738841,0.07939642843638398
9,172,Fatehpur,2017,4.4323082165685855e7,3.3072069447927415e8,1.0142582168409199e6,5.618084387878677e8,7.461590627722913,0.07889358561668337
9,172,Fatehpur,2018,4.628701416110187e7,3.6353509305414057e8,1.0735706647695908e6,5.812290319125996e8,7.853932677291676,0.07963644556568215
9,172,Fatehpur,2019,4.823364908813816e7,3.8442415548755336e8,1.0868671617121787e6,6.163786363781477e8,7.9700408896098365,0.07825327849057193
9,172,Fatehpur,2020,4.904631575042598e7,3.9275567217316353e8,1.08856963117981e6,6.291872240980699e8,8.007852703385828,0.07795186213568324
9,172,Fatehpur,2021,5.149477072851677e7,3.892379724881336e8,1.194977665023195e6,6.614228954558594e8,7.558786396782255,0.07785453313197761
9,172,Fatehpur,2022,4.968616356027923e7,3.266445753237563e8,1.2915946987190696e6,6.3260545311826e8,6.5741556988490615,0.0785421044275931
9,172,Fatehpur,2023,5.099150506025515e7,3.309643345447235e8,1.2788070935266889e6,6.590302700506204e8,6.490577874758409,0.07737354015064962
9,173,Pratapgarh,2016,6.641900828924283e7,5.411363514084907e8,1.2938729849288012e6,1.0328506034499693e9,8.147311520399992,0.06430650092800196
9,173,Pratapgarh,2017,6.692554733587943e7,4.9498406221517056e8,1.3245063034084146e6,1.0496646034808248e9,7.396040554304213,0.0637589827397681
9,173,Pratapgarh,2018,6.860977628368443e7,5.381721181152447e8,1.3273183730285892e6,1.0645202626268457e9,7.843956754647272,0.06445135775469474
9,173,Pratapgarh,2019,7.080852709162363e7,5.751080563480654e8,1.3329581015760307e6,1.0860893406010835e9,8.12201693736542,0.06519585861365279
9,173,Pratapgarh,2020,7.30021161445931e7,5.865162081093327e8,1.3427563742207058e6,1.1140589488713963e9,8.034235705546365,0.06552805506256945
9,173,Pratapgarh,2021,7.40857778648517e7,5.947911598443307e8,1.4516666698981219e6,1.1506927464845169e9,8.028412159339906,0.06438363159165753
9,173,Pratapgarh,2022,7.207316001689044e7,4.537919100017128e8,1.726237170052323e6,1.1007243294695122e9,6.296267707637158,0.06547793856035297
9,173,Pratapgarh,2023,7.516558495574136e7,5.039199805987793e8,1.6513357229693958e6,1.1347261172994986e9,6.704131696646744,0.0662411693974452
9,174,Kaushambi,2016,2.474102175913287e7,1.9555429097973022e8,565743.5690080029,3.125496508271867e8,7.904050725291633,0.07915869268659828
9,174,Kaushambi,2017,2.5598139380626082e7,1.8829667990175846e8,590866.4800347685,3.170974892169501e8,7.355873686830167,0.08072640197763432
9,174,Kaushambi,2018,2.694732490415489e7,2.1672651188205743e8,612498.7033183152,3.337333343271829e8,8.042598389743738,0.08074508037526895
9,174,Kaushambi,2019,2.8291578906367037e7,2.3232964791033283e8,616170.9557090445,3.4473003222123533e8,8.21197179129677,0.08206879662927226
9,174,Kaushambi,2020,2.9434002495343078e7,2.4322709355907437e8,620917.4759228621,3.5965428508151037e8,8.26347329411135,0.08183971028920813
9,174,Kaushambi,2021,3.0341540834422328e7,2.421190428622823e8,672631.2228153162,3.739732285404987e8,7.9797873214006145,0.08113292214214353
9,174,Kaushambi,2022,2.985021406831877e7,1.9336102130020085e8,778665.6664451073,3.6451891222316176e8,6.4777097027730415,0.08188934254814247
9,174,Kaushambi,2023,3.115183115309005e7,2.1277813587854427e8,766289.6803746313,3.7829072597219664e8,6.830357253571533,0.08234891583194567
9,175,Allahabad,2016,1.0072879369165716e8,8.671775704697702e8,1.8860555210561706e6,1.3240700513695734e9,8.609033610829334,0.07607512426360424
9,175,Allahabad,2017,1.0581465785484406e8,8.383280693621318e8,1.9770527746905521e6,1.3689577897138941e9,7.922608137259636,0.0772957783285333
9,175,Allahabad,2018,1.0870148329332477e8,9.092677220966052e8,1.9808826874377516e6,1.3939375109191787e9,8.364814301963092,0.07798160422675313
9,175,Allahabad,2019,1.1316214142640507e8,9.753374114692295e8,1.9830231928129133e6,1.4222335939836361e9,8.618937386436254,0.07956649449507174
9,175,Allahabad,2020,1.1761080730216244e8,1.0142480531931121e9,2.0076567892124176e6,1.4714994960116227e9,8.623765761485966,0.07992582234716136
9,175,Allahabad,2021,1.1919476863937373e8,1.0081205146147809e9,2.165743562403806e6,1.5058994013071923e9,8.457758055346126,0.07915187995685967
9,175,Allahabad,2022,1.1934828748698027e8,8.46366251533661e8,2.5761548519845773e6,1.4808140945642774e9,7.091565948325746,0.08059640161792081
9,175,Allahabad,2023,1.2230316039729556e8,8.939632310164632e8,2.53001065764422e6,1.5072878544227216e9,7.309404173305656,0.0811412100471921
9,176,Bara Banki,2016,4.831403039474002e7,3.516520917223139e8,1.1170988864853855e6,5.999989843939643e8,7.2784673282111125,0.08052352029152209
9,176,Bara Banki,2017,5.114726835608582e7,3.3620720372335005e8,1.2040744497849469e6,6.208954876608266e8,6.573316904877209,0.08237661470013095
9,176,Bara Banki,2018,5.2276015663668096e7,3.6916316146641016e8,1.243722212385475e6,6.436921381963273e8,7.061807537925639,0.08121276082406309
9,176,Bara Banki,2019,5.545757514242843e7,4.26365647470717e8,1.2584303140266715e6,6.773633789459327e8,7.688140824327555,0.08187270948826282
9,176,Bara Banki,2020,5.628428816080204e7,4.3974604454223263e8,1.253118218530293e6,7.074303445140549e8,7.81294494275019,0.07956159726151499
9,176,Bara Banki,2021,5.90584112060212e7,4.5551609354332596e8,1.3604176590858055e6,7.555166180463046e8,7.712975751316598,0.07816957270740217
9,176,Bara Banki,2022,5.795336285637592e7,3.6567125885194194e8,1.4918327335985054e6,7.256384391626265e8,6.309750475708788,0.07986534302572648
9,176,Bara Banki,2023,6.086842333859111e7,3.950764896660742e8,1.5142501613864289e6,7.574727407097656e8,6.490664091435276,0.08035724596710413
9,177,Faizabad,2016,4.506170294924238e7,3.743763004423113e8,934012.9317685937,5.760386375494409e8,8.308081495810526,0.07822687578899563
9,177,Faizabad,2017,4.811179272638871e7,3.4595400261898804e8,1.018145026824975e6,6.034809670123506e8,7.190627973196198,0.07972379471149763
9,177,Faizabad,2018,4.896628752532645e7,3.962284721711798e8,981213.1175632488,6.115659079422795e8,8.091862630309508,0.08006706536353882
9,177,Faizabad,2019,5.11750114333731e7,4.225714508597839e8,997991.7425242645,6.338220439685507e8,8.257378728873318,0.08074034647477854
9,177,Faizabad,2020,5.193378879946115e7,4.4281888171994025e8,993094.1347870968,6.572225177085056e8,8.526604585501277,0.0790200995859595
9,177,Faizabad,2021,5.30212100996807e7,4.256191315684873e8,1.1022340139323683e6,6.885658249263059e8,8.02733718767106,0.0770023840572618
9,177,Faizabad,2022,5.1837311821907304e7,3.340789259249096e8,1.2648306752002365e6,6.725004107129061e8,6.4447579201767615,0.07708145749227939
9,177,Faizabad,2023,5.517425137994794e7,3.80196568384784e8,1.2601921010240682e6,6.964289836186506e8,6.890833294078176,0.07922451919399173
9,178,Ambedkar Nagar,2016,4.1218165519664496e7,3.555115438884156e8,861262.8884818566,5.83437839352451e8,8.625118061569406,0.07064705567505174
9,178,Ambedkar Nagar,2017,4.46099942055257e7,3.725657962872515e8,840367.7775892458,6.202336558807789e8,8.351621714425216,0.07192449778007631
9,178,Ambedkar Nagar,2018,4.521384198597535e7,3.9239451365438396e8,847968.94905927,6.207495630778992e8,8.678636816046264,0.07283749304919182
9,178,Ambedkar Nagar,2019,4.654193789144962e7,4.1247113715081006e8,850566.4951539221,6.344838264032668e8,8.86235416567359,0.07335401779314762
9,178,Ambedkar Nagar,2020,4.689206067936905e7,4.0449553922089475e8,877144.9239484502,6.516948481671644e8,8.62609860519223,0.07195401469146016
9,178,Ambedkar Nagar,2021,4.899399111290341e7,4.2605255892188144e8,918686.9637482231,6.707275399328086e8,8.696016577626255,0.07304604059915516
9,178,Ambedkar Nagar,2022,4.7824001807308264e7,3.043711352529613e8,1.1274557368753918e6,6.575628328676931e8,6.364401215927701,0.07272917418209802
9,178,Ambedkar Nagar,2023,5.0405948423419945e7,3.436275179061241e8,1.122703363842538e6,6.840757259005477e8,6.817201712376979,0.07368474938511128
9,179,Sultanpur,2016,7.761655713521674e7,6.159657717582948e8,1.5846219952210367e6,1.1330440015368567e9,7.936009976392194,0.06850268571206232
9,179,Sultanpur,2017,8.099613214591978e7,5.979870067583898e8,1.626050936166781e6,1.1688799192303963e9,7.382908182344775,0.06929380068334869
9,179,Sultanpur,2018,8.24993138320624e7,6.540891191140137e8,1.6260908092944329e6,1.175965358484796e9,7.9284189011013275,0.07015454429572725
9,179,Sultanpur,2019,8.612553981264786e7,7.080704731553023e8,1.63704264704312e6,1.2010470493337085e9,8.221376315267163,0.07170871437586626
9,179,Sultanpur,2020,8.722948450646234e7,7.126763724895027e8,1.6272745948895179e6,1.2353580240553386e9,8.170131653554648,0.07061069164395928
9,179,Sultanpur,2021,8.948913206723109e7,7.133689345849774e8,1.7705438070621775e6,1.2858607548507204e9,7.971570604227561,0.06959473001228672
9,179,Sultanpur,2022,8.75902643800738e7,5.59822472161e8,2.1179148558269525e6,1.2462520423644953e9,6.3913778103443635,0.07028294550586262
9,179,Sultanpur,2023,9.135841816744334e7,5.984027258720168e8,2.0896728208030143e6,1.2827905056341224e9,6.550055680421848,0.07121850198157031
9,180,Bahraich,2016,4.987816300325866e7,3.373699139924482e8,1.228175262971487e6,6.647442392032899e8,6.763880096594717,0.07503361452675197
9,180,Bahraich,2017,5.374173960063759e7,3.3540197993518364e8,1.344713994443129e6,6.859725445152459e8,6.240995963800257,0.07834386380378401
9,180,Bahraich,2018,5.5607587884458646e7,3.8365276414779276e8,1.3759374627732357e6,7.110466797172142e8,6.899288006250979,0.07820525637863042
9,180,Bahraich,2019,5.945996939549398e7,4.0450241170373464e8,1.459936359170473e6,7.479629524730546e8,6.802936762600972,0.07949587502816327
9,180,Bahraich,2020,5.958896378116829e7,4.1797967815914226e8,1.4430191993933464e6,7.61886003637745e8,7.014380711403393,0.07821244057070398
9,180,Bahraich,2021,6.3162596118903495e7,4.6723913064601773e8,1.5098647086701952e6,8.01364524829224e8,7.397402250003163,0.07881880737403975
9,180,Bahraich,2022,6.230419839714122e7,3.667801033536757e8,1.680526082878296e6,7.920988386142081e8,5.8869243612723405,0.078657101058428
9,180,Bahraich,2023,6.572437739990186e7,3.921221479986621e8,1.7089365603282803e6,8.169867873361557e8,5.966159947210814,0.08044729537695577
9,181,Shrawasti,2016,1.613414272385466e7,1.1223405571419293e8,404735.2925057052,2.1665027056828663e8,6.956307356092282,0.07447090964407216
9,181,Shrawasti,2017,1.779407465477268e7,1.1443227620897642e8,445053.562586842,2.2320444500873542e8,6.430920316403398,0.07972096906079215
9,181,Shrawasti,2018,1.8221121945820943e7,1.2634418054829958e8,456822.0852958774,2.319078931849188e8,6.933940781691377,0.07857051217869405
9,181,Shrawasti,2019,1.9385086334106058e7,1.3662128806505194e8,473589.7562308678,2.4218562725964305e8,7.047752365419229,0.08004226573414136
9,181,Shrawasti,2020,1.956183291135832e7,1.400352496662546e8,471950.07913943956,2.4709970438635874e8,7.158595531451708,0.07916574793133682
9,181,Shrawasti,2021,2.0953434559734806e7,1.656171983708689e8,487846.2606113546,2.6295060514255512e8,7.9040597329627,0.07968581988383402
9,181,Shrawasti,2022,2.0592262580531813e7,1.2160976754375547e8,564445.5319271259,2.5579338047572377e8,5.905604936231091,0.08050350068572683
9,181,Shrawasti,2023,2.188666003458327e7,1.3243282997287485e8,571675.431466144,2.631331186764897e8,6.050846943463131,0.08317713917833328
9,182,Balrampur,2016,2.833367971726442e7,2.2330313921161383e8,644630.0610796382,3.4891859199283475e8,7.881190916249033,0.08120427047305714
9,182,Balrampur,2017,3.1239345074829996e7,2.2258859360405248e8,697235.5571303099,3.6440738071795344e8,7.125264408420502,0.08572643345829715
9,182,Balrampur,2018,3.1787865196755774e7,2.4873244213297462e8,672190.2517255845,3.7422620537012106e8,7.824760819684108,0.08494291618438803
9,182,Balrampur,2019,3.319864896931861e7,2.5830965681009647e8,695022.5368426738,3.8718776573918885e8,7.780727976274577,0.0857430216214046
9,182,Balrampur,2020,3.3984261678095214e7,2.758087796230496e8,683934.6992898146,3.945201306702129e8,8.115779658112274,0.08614075439030847
9,182,Balrampur,2021,3.504824474371262e7,2.9007651573665726e8,728399.6517539474,4.1426353799972045e8,8.276491957238306,0.08460374020108975
9,182,Balrampur,2022,3.5088921116736576e7,2.2903476086732012e8,850639.0140246702,4.1248145884163225e8,6.527267113894705,0.08506787484527537
9,182,Balrampur,2023,3.771490490261194e7,2.705047109308259e8,833757.406713494,4.288572202973613e8,7.172355641074203,0.08794280034847299
9,183,Gonda,2016,4.796576798441369e7,3.4040273548095226e8,1.1317304086094762e6,7.534134206967143e8,7.096784848552096,0.06366460520448076
9,183,Gonda,2017,5.4040985362066664e7,3.6459304719934636e8,1.1911208592131515e6,7.88179801041506e8,6.746602504684667,0.06856428608124256
9,183,Gonda,2018,5.479345906309749e7,4.206766753557498e8,1.1402224481553389e6,8.056331548935434e8,7.677498054490754,0.06801291472461547
9,183,Gonda,2019,5.856975427185888e7,4.5355895605480796e8,1.1810597724616502e6,8.385213582709445e8,7.7439108579755525,0.06984885202284104
9,183,Gonda,2020,5.864616524402891e7,4.623433643711531e8,1.1800618148867942e6,8.552987117173178e8,7.883607776353746,0.0685680504841119
9,183,Gonda,2021,6.1207837691640854e7,4.9245739406998616e8,1.2661213249149732e6,8.876834563377337e8,8.045659063320269,0.06895232445151409
9,183,Gonda,2022,6.05874174517972e7,3.727357610760586e8,1.5361900103815407e6,8.943555337187425e8,6.152032497054423,0.06774421934851109
9,183,Gonda,2023,6.534842673304022e7,4.2454900296586174e8,1.5301792687685015e6,9.263812376649436e8,6.496698148529556,0.0705416129732494
9,184,Siddharthnagar,2016,3.3891182552164234e7,2.7929799438687646e8,681086.071345458,4.03369539961983e8,8.241022394452889,0.08402018297008353
9,184,Siddharthnagar,2017,3.707831948475838e7,2.9288817305012405e8,688524.2727442319,4.1704732921997166e8,7.899176044656509,0.08890674244121921
9,184,Siddharthnagar,2018,3.77592464192086e7,3.143150060366711e8,703846.6952134725,4.272715799340878e8,8.32418641376209,0.08837294168976428
9,184,Siddharthnagar,2019,3.877798921894429e7,3.2572104736921716e8,720137.4246754732,4.332337215022135e8,8.399637369801836,0.08950824299752984
9,184,Siddharthnagar,2020,3.984728114689456e7,3.353349610345659e8,699372.9286869641,4.479463254002987e8,8.415504179529192,0.08895548168920862
9,184,Siddharthnagar,2021,4.091056558667749e7,3.5388885988209915e8,737472.2296081175,4.670118567073913e8,8.650304751527143,0.08760070006597331
9,184,Siddharthnagar,2022,4.0781519343656145e7,2.607134062155111e8,899931.3002962231,4.708883157419807e8,6.392930190230074,0.08660550279188078
9,184,Siddharthnagar,2023,4.3447988878900014e7,2.978699847107334e8,929079.7744274379,4.9027605504998845e8,6.855783026942136,0.0886194388475082
9,185,Basti,2016,4.2490302996076e7,3.600186549089603e8,881486.0146943681,5.64202952539909e8,8.472960405629683,0.0753103166241769
9,185,Basti,2017,4.6165560662049115e7,3.664254338835323e8,872667.9681455535,5.942054327363741e8,7.93720315812727,0.07769292927776206
9,185,Basti,2018,4.767770377983285e7,4.0440732349707043e8,897296.3920746192,6.081248629767005e8,8.482105710555011,0.07840117496011596
9,185,Basti,2019,4.891821564041937e7,4.1195698330727583e8,906831.2612842425,6.218404087350222e8,8.421341169420957,0.07866683308653288
9,185,Basti,2020,4.977128156023828e7,4.169988828494996e8,899875.7703692762,6.372452325897096e8,8.378303105271762,0.07810381155457544
9,185,Basti,2021,5.123934388568377e7,4.3498815959611994e8,953994.9799149721,6.604556532609798e8,8.489338984640186,0.0775818083056615
9,185,Basti,2022,5.026526821655787e7,3.111676570893705e8,1.1676258063874952e6,6.549108445511066e8,6.1905102296235,0.07675131452588944
9,185,Basti,2023,5.3428489534269154e7,3.536252235978333e8,1.2007401764003746e6,6.819924418396064e8,6.6186640625694135,0.07834176195582336
9,186,Sant Kabir Nagar,2016,2.6352520064313356e7,2.246466080200655e8,517788.4577382365,3.071355013818512e8,8.524672686779677,0.08580095738118583
9,186,Sant Kabir Nagar,2017,2.8833309088921808e7,2.3914141490203804e8,512974.3983273863,3.2069366872319245e8,8.293928878039177,0.0899091934172525
9,186,Sant Kabir Nagar,2018,2.9314765974501275e7,2.443421650350705e8,532791.5721421621,3.2596881708043426e8,8.335122485630809,0.08993119721408115
9,186,Sant Kabir Nagar,2019,2.9903005545403212e7,2.491874134688023e8,547828.8434465888,3.344130642089499e8,8.333189554824138,0.08941937007197494
9,186,Sant Kabir Nagar,2020,3.1110321308092307e7,2.576655015246511e8,546266.0973043677,3.434181186540823e8,8.282315665368202,0.09059021530377978
9,186,Sant Kabir Nagar,2021,3.1960021537233047e7,2.6534324041039312e8,578401.1937758201,3.546185244004863e8,8.302348610787742,0.09012507621045535
9,186,Sant Kabir Nagar,2022,3.148308698401953e7,1.9872928182290903e8,699992.2394707504,3.57224258441031e8,6.312255272927392,0.088132556062725
9,186,Sant Kabir Nagar,2023,3.2874233444218352e7,2.34063050538729e8,681923.7962863853,3.67368554751034e8,7.119954627562398,0.0894857031693887
9,187,Mahrajganj,2016,3.633549780569448e7,3.228310977490529e8,704933.2335353203,4.330738591869141e8,8.884730284291273,0.0839013878000245
9,187,Mahrajganj,2017,4.025518600738958e7,3.0661950603905857e8,799568.0941725911,4.5251871634952515e8,7.616894528391271,0.08895805754097584
9,187,Mahrajganj,2018,4.201645105371578e7,3.061351702597418e8,834332.918014811,4.6787697072498477e8,7.286078728266801,0.08980234908465455
9,187,Mahrajganj,2019,4.347914756040914e7,3.275567073034161e8,848244.9775786304,4.783268712586857e8,7.5336506275408155,0.09089840059789371
9,187,Mahrajganj,2020,4.439654667385317e7,3.132601907973336e8,876787.9392732844,4.896092451203202e8,7.055958498272672,0.0906775088835237
9,187,Mahrajganj,2021,4.625253356698875e7,3.4995592520363927e8,905897.1731650117,5.1069747990773207e8,7.566200123865409,0.09056738164313091
9,187,Mahrajganj,2022,4.5664005802436955e7,2.862165126992106e8,1.0348685007045801e6,5.186858836118374e8,6.2678800878204175,0.08803788043055741
9,187,Mahrajganj,2023,4.777477601275561e7,3.0527216783452505e8,1.0603661337726344e6,5.3585622562158394e8,6.389818923546999,0.08915595961834295
9,188,Gorakhpur,2016,7.310619755287269e7,6.203442091377217e8,1.3111352724797972e6,7.894547882485331e8,8.485521472910273,0.09260340001871985
9,188,Gorakhpur,2017,8.087648362536864e7,6.646063543804111e8,1.3809728914980462e6,8.266016837721583e8,8.217547605790605,0.09784214720721664
9,188,Gorakhpur,2018,8.399642723682112e7,6.686635288089024e8,1.4675112964503039e6,8.525455915908548e8,7.9606186930267855,0.0985242643505825
9,188,Gorakhpur,2019,8.530018808267786e7,6.621721941306136e8,1.5227640068758233e6,8.672517883312118e8,7.7628456515101485,0.09835688923376529
9,188,Gorakhpur,2020,8.973977611671276e7,6.995765760004299e8,1.5618092668065177e6,8.969252431343522e8,7.795613119098741,0.10005268198619588
9,188,Gorakhpur,2021,9.222880302481909e7,7.246704693153949e8,1.6233690344567206e6,9.228780424668658e8,7.857311875991533,0.09993606823528949
9,188,Gorakhpur,2022,9.062954463414672e7,6.405458057686297e8,1.8280043719404445e6,9.331481222600452e8,7.067737219185912,0.09712235653933034
9,188,Gorakhpur,2023,9.458179806504881e7,6.683506471067933e8,1.8144251621754107e6,9.570855496708372e8,7.066377049071681,0.09882272080858141
9,189,Kushinagar,2016,4.948730594186563e7,4.0319265307265097e8,1.0365167481018747e6,5.905825020901347e8,8.147395486557597,0.08379406055330924
9,189,Kushinagar,2017,5.4222081766364366e7,4.0527330873728913e8,1.1756414633925834e6,6.202776291680835e8,7.474322186366011,0.08741582674694721
9,189,Kushinagar,2018,5.704962472228485e7,4.011312121125303e8,1.238996972571798e6,6.502429338269992e8,7.031268199663363,0.08773586263601478
9,189,Kushinagar,2019,5.8659095891034834e7,3.961462253180806e8,1.281327036954858e6,6.630281211440567e8,6.753363980480743,0.08847150523543167
9,189,Kushinagar,2020,6.033278898234772e7,4.2071228127915967e8,1.2807810584898803e6,6.747676859878712e8,6.973194648804524,0.0894126826687314
9,189,Kushinagar,2021,6.25628457276758e7,4.682192047949149e8,1.3258965987259832e6,6.971272735172178e8,7.4839818961078635,0.08974379299783716
9,189,Kushinagar,2022,6.261043684993007e7,4.0531464456437135e8,1.4702862926445454e6,7.158631533601025e8,6.473595537048613,0.08746146041467646
9,189,Kushinagar,2023,6.558579739152133e7,4.212882229304144e8,1.4990108561568507e6,7.268675648374193e8,6.423467270139143,0.09023073880892059
9,190,Deoria,2016,4.535991674066997e7,3.762762111632824e8,851745.8532327763,5.506130125882123e8,8.2953461602347,0.08238075690847023
9,190,Deoria,2017,4.891689513945441e7,3.881724188137387e8,905528.1113299683,5.725636904397749e8,7.9353445820124096,0.08543485372235586
9,190,Deoria,2018,5.192265816024455e7,4.114793655152506e8,958264.0119275453,5.988924849667662e8,7.924851694713633,0.08669779545342908
9,190,Deoria,2019,5.270500005577761e7,3.7413549377259636e8,1.0198729320848307e6,6.147569525708525e8,7.098671727097039,0.08573306871174134
9,190,Deoria,2020,5.504751806035014e7,4.0745791917465055e8,1.0151058013803186e6,6.308886008371246e8,7.401930796006878,0.08725394306904218
9,190,Deoria,2021,5.6799176538382e7,4.352424661846394e8,1.0646121424962056e6,6.484743097167509e8,7.662830567455932,0.08758893866310832
9,190,Deoria,2022,5.606865164836181e7,3.694841233671755e8,1.2063538232629735e6,6.610165088459944e8,6.589852127788255,0.0848218628400775
9,190,Deoria,2023,5.8928354886682525e7,3.984485415788168e8,1.1820933821101254e6,6.728927915708178e8,6.761575855036535,0.08757465620803975
9,191,Azamgarh,2016,7.833458398725648e7,6.517840491849517e8,1.4743080272722547e6,1.1053209895728667e9,8.320514592775323,0.07087043919932037
9,191,Azamgarh,2017,8.559492514121327e7,6.909978350112891e8,1.5824323560690053e6,1.170120978873529e9,8.072883221421023,0.07315049186077766
9,191,Azamgarh,2018,8.795640268558027e7,7.102563213934563e8,1.5880973332081186e6,1.1970083067064915e9,8.075095157454603,0.07348019407449888
9,191,Azamgarh,2019,9.015630661480127e7,7.397981355048438e8,1.6398361122416025e6,1.215647607208199e9,8.20572806587652,0.07416319176726728
9,191,Azamgarh,2020,9.281557675784029e7,7.22219266360263e8,1.7046713445758997e6,1.2568045874943626e9,7.7812290952472685,0.07385044396033176
9,191,Azamgarh,2021,9.729574188722447e7,7.597171615446364e8,1.8022165430350483e6,1.2883663689058673e9,7.8083289855092,0.07551869113895912
9,191,Azamgarh,2022,9.372259280226792e7,5.884588027738318e8,2.0738880692159198e6,1.2694571745836244e9,6.278729441633546,0.07382887322135027
9,191,Azamgarh,2023,9.693686329124449e7,6.615296045762242e8,2.0271811809679705e6,1.3064551687630439e9,6.824334748574175,0.07419838476587347
9,192,Mau,2016,3.483622121629661e7,2.699961192451168e8,674250.9942653374,4.617554835626646e8,7.750442206940941,0.07544300491575863
9,192,Mau,2017,3.7561140455181785e7,2.789460158667964e8,717916.3199725143,4.837550992660808e8,7.426452245230325,0.07764494991818569
9,192,Mau,2018,3.895822632255105e7,3.0127155424563736e8,721512.1000877629,4.988750240811006e8,7.733194826460713,0.07809215623554193
9,192,Mau,2019,3.9968404439325266e7,2.952687201357548e8,778697.8891413544,5.125799701840954e8,7.387553350647075,0.07797496344808486
9,192,Mau,2020,4.137814239158904e7,3.005566279983011e8,798450.5498688366,5.256232019454312e8,7.2636568639049255,0.07872206218911319
9,192,Mau,2021,4.270891297327855e7,3.244089158727311e8,825730.1182891915,5.345864728474724e8,7.595812988162499,0.0798914958431135
9,192,Mau,2022,4.196524051994709e7,2.6895245988568115e8,923266.7849899065,5.2791017041794574e8,6.408934073851944,0.07949314650771601
9,192,Mau,2023,4.348307361180709e7,2.961244373785977e8,895804.5453799393,5.378568461776004e8,6.810108227910321,0.08084506857322585
9,193,Ballia,2016,4.777860016679926e7,3.9572427645202935e8,970767.6784310496,5.715185018635149e8,8.282458570793647,0.0835993935647062
9,193,Ballia,2017,5.075453574811476e7,3.8894387423674667e8,1.0544070370551236e6,5.953686635820352e8,7.6632338076542,0.08524892029545211
9,193,Ballia,2018,5.416271261028183e7,4.42419202088284e8,1.059579859184407e6,6.189750599603208e8,8.168335387328783,0.0875038690795618
9,193,Ballia,2019,5.451777549785167e7,4.338633576208129e8,1.091059445614645e6,6.279112819961934e8,7.958199938622032,0.08682401011259767
9,193,Ballia,2020,5.609968134404906e7,4.251101898803092e8,1.1405199765048565e6,6.454582956828814e8,7.57776478752502,0.08691449427371101
9,193,Ballia,2021,5.7481178326026104e7,4.380968355491557e8,1.2134026495442241e6,6.556403392832185e8,7.6215701958008735,0.08767181468557539
9,193,Ballia,2022,5.713524151326478e7,3.564743948143968e8,1.329530107952868e6,6.509064677327935e8,6.239133420511333,0.08777795942368732
9,193,Ballia,2023,6.01121881817745e7,4.099681890295193e8,1.3078410464522978e6,6.673096154253371e8,6.820050998473188,0.09008140568071919
9,194,Jaunpur,2016,7.936889385852832e7,7.025690665090636e8,1.4385450868260143e6,1.3134074953436582e9,8.851944790377994,0.06042975553277251
9,194,Jaunpur,2017,8.268571339615707e7,6.772154285565236e8,1.4636155995547308e6,1.3360824086580617e9,8.19023505683387,0.06188668667466791
9,194,Jaunpur,2018,8.393650342323644e7,7.119760714069996e8,1.479061076149827e6,1.3502550199068742e9,8.482317494415673,0.062163444820242525
9,194,Jaunpur,2019,8.606453098948091e7,7.443410773403311e8,1.4478010352036953e6,1.3697890331124926e9,8.648639210400239,0.06283050083553483
9,194,Jaunpur,2020,8.74471189458971e7,7.450535880750915e8,1.487205873783375e6,1.4044641453128946e9,8.520047281786958,0.06226368913562769
9,194,Jaunpur,2021,8.919145843769579e7,7.458294409953246e8,1.5533916745951986e6,1.4329298888729017e9,8.362117337909883,0.06224411894140266
9,194,Jaunpur,2022,8.705008764098096e7,5.528359815675205e8,1.9070024105240747e6,1.4056039294195619e9,6.350780298436591,0.06193073725749182
9,194,Jaunpur,2023,8.918084664766482e7,6.05326326007083e8,1.8292154105372403e6,1.4276895481211395e9,6.787627038332602,0.062465153411698025
9,195,Ghazipur,2016,5.926584761728271e7,4.4903169551109076e8,1.223503863296397e6,7.945798726177847e8,7.576567510023212,0.07458765274537887
9,195,Ghazipur,2017,6.398797330237823e7,4.602314161330506e8,1.3507857925414061e6,8.38339864459168e8,7.192467465068866,0.07632700771501344
9,195,Ghazipur,2018,6.594317104406047e7,5.0650861606593555e8,1.3277226590348072e6,8.692211013516467e8,7.680986644204715,0.07586466888748816
9,195,Ghazipur,2019,6.717533188561651e7,5.148181123710509e8,1.3713468499067703e6,8.799957160783777e8,7.663797080268434,0.07633597602608497
9,195,Ghazipur,2020,6.921168875084147e7,4.939976276151209e8,1.4495025437632361e6,9.064753679330691e8,7.137488429064158,0.0763525311323758
9,195,Ghazipur,2021,7.208199000611368e7,5.2510926403559804e8,1.5183997232290427e6,9.248935176204044e8,7.284888555255766,0.07793544730594343
9,195,Ghazipur,2022,7.132684937682965e7,4.505095895206296e8,1.6601799877689541e6,9.181519207433094e8,6.3161291078556525,0.07768523679511065
9,195,Ghazipur,2023,7.294749471207327e7,4.874628437911757e8,1.617124060761948e6,9.350323347983379e8,6.682379507551444,0.07801601291981644
9,196,Chandauli,2016,3.1255978628201175e7,2.3376616974536642e8,626554.4105373053,4.033909844378639e8,7.47908656216086,0.07748308671736236
9,196,Chandauli,2017,3.450701591585873e7,2.5055994619760954e8,712489.9217500577,4.2842262359246325e8,7.261130513532966,0.08054433639966574
9,196,Chandauli,2018,3.571711316449516e7,2.778350644773045e8,699569.5768589033,4.4164821846402806e8,7.778765971307232,0.08087231346412484
9,196,Chandauli,2019,3.7102193103954494e7,2.8829670257182e8,722283.390139647,4.537341334199026e8,7.770341277779945,0.08177077801995278
9,196,Chandauli,2020,3.782779063926369e7,2.7567551253414e8,765146.4816217212,4.6519239810439265e8,7.287645085145421,0.08131644195693596
9,196,Chandauli,2021,3.950393172581616e7,2.805315400456904e8,819166.494641541,4.8315743636731386e8,7.101357454563456,0.08176202776227962
9,196,Chandauli,2022,3.914242855363584e7,2.4558052053696087e8,882371.676796513,4.7534918466265315e8,6.274023600769899,0.08234457913589255
9,196,Chandauli,2023,4.010181615361833e7,2.6718752853043634e8,866015.3649724867,4.876344941611825e8,6.6627288775879645,0.08223744758376976
9,197,Varanasi,2016,5.8860797145517886e7,5.690147711663278e8,913550.0310316846,6.290786110339383e8,9.667126487593908,0.0935666800827574
9,197,Varanasi,2017,6.463618394954726e7,5.896969701850175e8,1.046852430930756e6,6.574628823296492e8,9.123325885781163,0.09831153314772063
9,197,Varanasi,2018,6.730428612637036e7,6.240714697270075e8,1.0455193580734183e6,6.778123673790941e8,9.27238821841528,0.09929633828697566
9,197,Varanasi,2019,6.91431791638776e7,6.502887810940807e8,1.0720427248061362e6,6.861195658972195e8,9.404959230364842,0.100774241984283
9,197,Varanasi,2020,7.235076585717028e7,6.803901477338332e8,1.09163214821158e6,7.045639711241767e8,9.40404900588075,0.10268871078055555
9,197,Varanasi,2021,7.413143089394405e7,7.137957604559903e8,1.174596744996637e6,7.224819899637674e8,9.62878703201049,0.10260661431527415
9,197,Varanasi,2022,7.263901972406793e7,5.69183754146757e8,1.361576284247697e6,7.278196984292548e8,7.835785178667078,0.09980359130267281
9,197,Varanasi,2023,7.430066666042931e7,6.233907308223165e8,1.324786608600318e6,7.369130529600567e8,8.390109521780628,0.10082691080308043
9,198,Sant Ravidas Nagar (Bhadohi),2016,2.491957463101792e7,2.2394252461095348e8,463306.9492264674,3.518471663277765e8,8.986611044805215,0.07082499737344239
9,198,Sant Ravidas Nagar (Bhadohi),2017,2.6182251875055246e7,2.190855423084443e8,462121.6946038784,3.599752382944317e8,8.367711965874669,0.07273348022243742
9,198,Sant Ravidas Nagar (Bhadohi),2018,2.68914503490759e7,2.349781214918755e8,464769.5060374048,3.6246426442918575e8,8.738023365852051,0.07419062508527555
9,198,Sant Ravidas Nagar (Bhadohi),2019,2.767573346367245e7,2.417497276612362e8,458823.6918598083,3.690903409627029e8,8.735079342289527,0.0749836297300154
9,198,Sant Ravidas Nagar (Bhadohi),2020,2.861710265704927e7,2.5073349799547127e8,484788.9005974773,3.802250976748085e8,8.761666091787525,0.07526358157852153
9,198,Sant Ravidas Nagar (Bhadohi),2021,2.850760606687623e7,2.4811271136370906e8,494281.7874962636,3.8440082923835784e8,8.703386414897814,0.0741611461228127
9,198,Sant Ravidas Nagar (Bhadohi),2022,2.8492156278085966e7,1.8879309786898664e8,624015.2923621484,3.825778755838312e8,6.626142859331154,0.074474134800936
9,198,Sant Ravidas Nagar (Bhadohi),2023,2.9196897406711325e7,1.9654067791447142e8,616514.0398269246,3.899412441663794e8,6.7315603838541325,0.07487511988922528
9,199,Mirzapur,2016,3.826395165967534e7,3.2147463034114575e8,751715.5127208853,7.114976763252144e8,8.401501057715725,0.05377944711963541
9,199,Mirzapur,2017,4.24026331995082e7,3.3884209920132124e8,807048.599720579,7.621615563827436e8,7.991062668373417,0.05563470480032238
9,199,Mirzapur,2018,4.466498028561286e7,3.7298404293359154e8,830071.1021861748,7.837954439458565e8,8.350704300069607,0.05698550639788901
9,199,Mirzapur,2019,4.6555839409019224e7,3.889136930703864e8,851869.8376464972,7.998953876625229e8,8.35370381046212,0.058202410123986366
9,199,Mirzapur,2020,4.830456699490708e7,3.939678948807596e8,884368.953421358,8.345570478596853e8,8.155914013726631,0.05788048536500834
9,199,Mirzapur,2021,4.9126182863405205e7,3.94444282465917e8,933645.4450244879,8.579593517673254e8,8.029206819562287,0.05725933607718049
9,199,Mirzapur,2022,4.800169968174833e7,3.0018821894392806e8,1.1063355255366152e6,8.438174501773666e8,6.253699784261359,0.05688635577713946
9,199,Mirzapur,2023,4.897268857706287e7,3.2848258340760124e8,1.0936542292170206e6,8.544939296610065e8,6.707464771730978,0.057311920982857346
9,200,Sonbhadra,2016,4.049395856706456e7,3.205902256615529e8,604987.917246688,9.729569114433594e8,7.91698902764973,0.04161947779063792
9,200,Sonbhadra,2017,4.304605445809983e7,3.031745523707648e8,699231.8254597305,1.0071153451161575e9,7.043027663914445,0.04274193086903569
9,200,Sonbhadra,2018,4.673166524742151e7,3.5131998698841715e8,685789.6200307283,1.0666785236294272e9,7.517814422583663,0.04381044917677228
9,200,Sonbhadra,2019,4.8211733808734946e7,3.6014529866619676e8,716996.5076390483,1.0863194389674287e9,7.470075647869483,0.044380807412008845
9,200,Sonbhadra,2020,4.8660389042738594e7,3.6140886973498213e8,743186.9374192163,1.1057333635737827e9,7.427167699328409,0.044007344488065286
9,200,Sonbhadra,2021,5.059099746872436e7,3.7690391957088614e8,777038.9734079756,1.1418992336377604e9,7.450019537643832,0.04430425730960173
9,200,Sonbhadra,2022,4.8715502919899225e7,2.950178220045625e8,906039.7560608491,1.1089768636094823e9,6.055933005344262,0.043928331165846594
9,200,Sonbhadra,2023,5.059415208852362e7,3.170698737007561e8,939318.1675085326,1.1422469949672372e9,6.26692731495895,0.04429353048109774
9,201,Etah,2016,2.729260512490063e7,1.9517783437566715e8,639395.2590689169,3.163225166422526e8,7.1513083299474065,0.08628094330625036
9,201,Etah,2017,2.8391222972099256e7,2.035574985134133e8,701515.397051602,3.2900362902725947e8,7.169733361379121,0.08629455868326277
9,201,Etah,2018,2.9849946687691227e7,2.2038640379691526e8,714763.5177091128,3.56077916816299e8,7.383142291768069,0.0838298172337681
9,201,Etah,2019,3.091349337559109e7,2.34844974457061e8,734959.6076455751,3.730735117235409e8,7.596843604951217,0.08286166775222292
9,201,Etah,2020,3.175037843424157e7,2.3778564268305126e8,754304.8985151403,3.8984649624703586e8,7.489222315114472,0.08144328277897914
9,201,Etah,2021,3.384652035164934e7,2.702659845108138e8,798096.9445764888,3.982368617208602e8,7.985044893917544,0.08499092777447029
9,201,Etah,2022,3.241059174486578e7,2.0584797491962722e8,897718.0173960511,3.9135458790463775e8,6.3512562973255795,0.0828164348817174
9,201,Etah,2023,3.2803769836984873e7,2.14653260818203e8,861015.5434777963,4.0866409132195544e8,6.54355465499549,0.08027074199465514
9,202,Kanshiram Nagar,2016,1.9944408461348757e7,1.452674600911482e8,490547.0263257633,1.9964266687640166e8,7.283618382198154,0.09990053115097033
9,202,Kanshiram Nagar,2017,2.078749997159269e7,1.4883478477812085e8,535763.4574070637,2.0755830963172486e8,7.159821285941653,0.10015257885110163
9,202,Kanshiram Nagar,2018,2.2017875372219726e7,1.6127212036747715e8,554654.6591869871,2.2211131645992643e8,7.324599564722604,0.09912991252830747
9,202,Kanshiram Nagar,2019,2.2663935699318063e7,1.6810682355327293e8,575555.8220257822,2.334771802762063e8,7.417371183167058,0.09707130980640744
9,202,Kanshiram Nagar,2020,2.3407215883263003e7,1.7230179845152998e8,581770.820730457,2.495358071355737e8,7.361054783740083,0.09380303432984181
9,202,Kanshiram Nagar,2021,2.501307935480035e7,1.9457403351306123e8,627073.2998699655,2.5446396005301008e8,7.7788916251816795,0.09829713940469059
9,202,Kanshiram Nagar,2022,2.412521531112099e7,1.5269965958625898e8,693819.6049543109,2.599116981285731e8,6.329463079066038,0.09282081370260885
9,202,Kanshiram Nagar,2023,2.4808101902191766e7,1.6786922687885532e8,685333.5228060454,2.7231436938697916e8,6.766709824907011,0.09110096524850508
10,203,Pashchim Champaran,2016,5.0618636878218524e7,4.0423825359768176e8,1.099715528012895e6,6.076260032845472e8,7.985956922748105,0.08330558041393459
10,203,Pashchim Champaran,2017,5.521895986310489e7,3.788082812422379e8,1.3232251289598725e6,6.368748169983112e8,6.860112580558449,0.08670300409012925
10,203,Pashchim Champaran,2018,5.658557257693636e7,3.838327504352139e8,1.3610352977466881e6,6.59272853836688e8,6.783226411879763,0.08583027838569775
10,203,Pashchim Champaran,2019,5.8853587381317995e7,4.010494587179735e8,1.3971934314931906e6,6.722933378907973e8,6.814358759807382,0.08754152996065799
10,203,Pashchim Champaran,2020,6.018616817052574e7,3.7976868291124964e8,1.441423343437254e6,6.815891456366153e8,6.309899673879376,0.08830270927262329
10,203,Pashchim Champaran,2021,6.389963293797449e7,4.460434576163288e8,1.4945089295373075e6,7.042604037098843e8,6.980375897452966,0.09073296269585185
10,203,Pashchim Champaran,2022,6.27413292903867e7,3.8330694317824304e8,1.605047344413353e6,7.174368820940372e8,6.109321359835674,0.08745205446820471
10,203,Pashchim Champaran,2023,6.6609151966321826e7,4.15949204458836e8,1.6765111488562515e6,7.299907524560125e8,6.244625433290963,0.09124656955203762
10,204,Purba Champaran,2016,6.6068123676573515e7,5.0672877052171785e8,1.4641993725686343e6,8.273453961417011e8,7.669792061937944,0.07985555245086284
10,204,Purba Champaran,2017,7.170535951174897e7,4.9569149536699724e8,1.6728944611383667e6,8.635069238753943e8,6.912893244552771,0.08303970417508336
10,204,Purba Champaran,2018,7.449457702639596e7,5.481599659451922e8,1.6701554455687692e6,8.876577432528797e8,7.358387520623958,0.08392263526413427
10,204,Purba Champaran,2019,7.728726973690385e7,5.598352991313374e8,1.7413169265658043e6,9.042014176852597e8,7.243564186406005,0.08547572280383937
10,204,Purba Champaran,2020,7.84537018807926e7,5.294618035240057e8,1.793699236237165e6,9.330498554742571e8,6.74871664218602,0.08408307596909236
10,204,Purba Champaran,2021,8.27843538316054e7,5.663350668852261e8,1.8813293495874598e6,9.513876139288793e8,6.8410882089776095,0.08701432793489566
10,204,Purba Champaran,2022,8.077820341700117e7,4.7839391946833324e8,2.0317434087926238e6,9.649907903090419e8,5.922314426810425,0.08370878170881989
10,204,Purba Champaran,2023,8.76471917451929e7,5.428771354475214e8,2.081587613964331e6,9.980159156137828e8,6.193890809710924,0.08782143688689535
10,205,Sheohar,2016,7.362187218578501e6,5.905611519974695e7,173624.9921378067,9.030769225221355e7,8.0215448814883,0.08152336788783399
10,205,Sheohar,2017,7.872142345968101e6,5.704773537113908e7,187641.43255727328,9.449154643499541e7,7.246786562536866,0.08331054621255107
10,205,Sheohar,2018,8.279806529636364e6,6.694627158240599e7,185114.19136809293,9.879088042084864e7,8.085487425676137,0.08381144589828972
10,205,Sheohar,2019,8.881824357734494e6,7.177833239275321e7,197282.82793558843,1.0363554903810892e8,8.08148523340782,0.08570248761328475
10,205,Sheohar,2020,8.657241808269288e6,6.3024886245170794e7,205499.52740862488,1.043663225575291e8,7.280019160949186,0.08295053036382707
10,205,Sheohar,2021,9.289500975283107e6,7.111181203166659e7,216547.6321094877,1.0630029974544653e8,7.655073423306185,0.0873892265358455
10,205,Sheohar,2022,8.858810898832487e6,4.8907320554745674e7,235961.26305390382,1.0743870301510799e8,5.520754547451874,0.0824545592065344
10,205,Sheohar,2023,9.605609998861354e6,5.569232474064045e7,243267.67024506791,1.1280894266852023e8,5.79789568254824,0.08514936645658179
10,206,Sitamarhi,2016,3.8440327967147686e7,2.9527769512130445e8,863885.3730700755,4.4095306149331343e8,7.6814561877218654,0.08717555523249404
10,206,Sitamarhi,2017,4.263600767735785e7,3.346013381452413e8,943600.2917324044,4.698235570696002e8,7.847858098659028,0.09074897807016881
10,206,Sitamarhi,2018,4.313169206022081e7,3.3318515717608076e8,961285.1015599533,4.887877180700023e8,7.724833904287479,0.0882421764411921
10,206,Sitamarhi,2019,4.5785893639669016e7,3.501251735862748e8,1.006722436368645e6,5.1201578714204973e8,7.647009717484807,0.08942281622845065
10,206,Sitamarhi,2020,4.5664454469865926e7,3.0591534547594136e8,1.0790961261278125e6,5.094202117597885e8,6.699200702765771,0.089640052388417
10,206,Sitamarhi,2021,4.7975219643593624e7,3.4378705559678775e8,1.1003953224781745e6,5.1239025833265555e8,7.165929789394834,0.09363023372010912
10,206,Sitamarhi,2022,4.472906404473269e7,2.561228724587672e8,1.1826869588049478e6,5.2340434701381737e8,5.726095055390016,0.08545795291904958
10,206,Sitamarhi,2023,4.8463265793039046e7,2.913770702875285e8,1.2227400096606687e6,5.3477856108915824e8,6.012328420702099,0.09062305282832618
10,207,Madhubani,2016,5.308441802571761e7,3.64698130544157e8,1.2936062459314093e6,6.328423374171951e8,6.870154069834072,0.08388253264212667
10,207,Madhubani,2017,5.928789479549664e7,4.145616879860816e8,1.4089331395760188e6,6.70236491438695e8,6.992349608904829,0.08845817193306249
10,207,Madhubani,2018,6.0904573083329484e7,4.057750584662291e8,1.5117111631246295e6,6.93971954982238e8,6.66247274914888,0.08776229737538646
10,207,Madhubani,2019,6.560036788575073e7,4.8380247247867185e8,1.4620142506834397e6,7.178177939225298e8,7.374996331137346,0.09138860646972291
10,207,Madhubani,2020,6.6425838464490615e7,4.172452091683953e8,1.6061876469400502e6,7.266216016830384e8,6.2813690999390674,0.09141737365174896
10,207,Madhubani,2021,6.799709881913212e7,4.470689489612447e8,1.623413618863552e6,7.288415350425091e8,6.57482387815426,0.09329476374472298
10,207,Madhubani,2022,6.700200413782201e7,3.791641499520739e8,1.7671563174258557e6,7.565971893175933e8,5.658997142415912,0.08855703547914832
10,207,Madhubani,2023,7.13715024764245e7,4.140650392830971e8,1.766092857810961e6,7.564841028428004e8,5.801545783905438,0.09434633485121062
10,208,Supaul,2016,3.3039910321235843e7,2.3745879857289332e8,870541.5837600648,4.799297352167317e8,7.187029149418445,0.0688432241155371
10,208,Supaul,2017,3.541625626177503e7,2.6557704813417763e8,905191.0777873123,4.961843096074946e8,7.498732959553844,0.07137721926312215
10,208,Supaul,2018,3.74309464883954e7,2.500321551585342e8,1.0131648516145564e6,5.196007577282553e8,6.6798245466769295,0.07203789819716029
10,208,Supaul,2019,3.926945295715565e7,2.708603510535787e8,1.0202750192031927e6,5.352539709707222e8,6.8974821561455615,0.07336601891236347
10,208,Supaul,2020,4.177605043539006e7,2.659513308708566e8,1.1296672152686634e6,5.487332759690295e8,6.366119537369173,0.076131797113299
10,208,Supaul,2021,4.27128965486605e7,2.6781006326093018e8,1.1847264673091837e6,5.490020567102978e8,6.270004726928987,0.07780097729433391
10,208,Supaul,2022,4.1948502602533534e7,2.3661971861842227e8,1.2434247521790627e6,5.647098604541208e8,5.640719070723905,0.07428328339937247
10,208,Supaul,2023,4.433378364188313e7,2.4789994647935164e8,1.2695775015733885e6,5.743805365977634e8,5.59167131959283,0.07718538637204887
10,209,Araria,2016,4.068349776956818e7,3.204903780201076e8,1.001367734631689e6,5.3108707774730027e8,7.877650536228939,0.07660419444233972
10,209,Araria,2017,4.4814221689970896e7,3.3156234249526536e8,1.1219021338641376e6,5.528697590757812e8,7.398596472098648,0.08105746598418717
10,209,Araria,2018,4.689653282843246e7,3.593714674352957e8,1.1348157277500303e6,5.72503529071737e8,7.66307114323419,0.08191483623598089
10,209,Araria,2019,4.9004057211116366e7,3.418492799109648e8,1.221132276946416e6,5.925206005008616e8,6.975938307275865,0.08270439402392576
10,209,Araria,2020,5.1856930561596885e7,3.556627851871538e8,1.297016296533017e6,6.064220442645602e8,6.8585390869729395,0.08551293781624726
10,209,Araria,2021,5.3471891161230326e7,3.841887163115807e8,1.3585595183176687e6,6.122022064525734e8,7.184872424900054,0.08734351264605043
10,209,Araria,2022,5.22437746071281e7,2.9161238088100266e8,1.4488484032430584e6,6.205740481540709e8,5.581763244978385,0.08418620592100148
10,209,Araria,2023,5.733275118100818e7,3.292589410329622e8,1.4807330237274712e6,6.359240947974455e8,5.742946819234993,0.09015659518180358
10,210,Kishanganj,2016,2.688066572672574e7,2.2669226631140894e8,639676.8517949735,3.73267520124031e8,8.433283186361832,0.07201447829640711
10,210,Kishanganj,2017,2.8780321849900413e7,2.2469911026433703e8,728244.444355475,3.8488723449556905e8,7.807386986018523,0.07477598441948778
10,210,Kishanganj,2018,3.0085463343798492e7,2.4150159158232963e8,717079.6363551662,4.000727484759114e8,8.027185382608053,0.07519998164936234
10,210,Kishanganj,2019,3.1213337511839293e7,2.4431613039512318e8,737607.7259472699,4.125849599880974e8,7.827299157049563,0.07565311520987038
10,210,Kishanganj,2020,3.2775027806380615e7,2.5119761080559355e8,778737.5504695451,4.2245108810541517e8,7.664298937884977,0.07758301192539996
10,210,Kishanganj,2021,3.403553476586495e7,2.6908432932876945e8,803450.8150956011,4.3048956404248625e8,7.905982120740483,0.07906239223607726
10,210,Kishanganj,2022,3.2138866247350704e7,1.7955390182454354e8,880921.5781076438,4.333993225634498e8,5.586815055722281,0.07415532183404731
10,210,Kishanganj,2023,3.53402787016786e7,2.1601757085698962e8,905457.0319845277,4.453372208075291e8,6.112503318960221,0.07935622052339604
10,211,Purnia,2016,5.253727948939025e7,4.298139854443901e8,1.2756595146963652e6,6.18059384048694e8,8.181123758629143,0.08500361105309434
10,211,Purnia,2017,5.751210583079834e7,4.1704848133311504e8,1.439354779138605e6,6.479314421245519e8,7.251490365525464,0.08876264075442536
10,211,Purnia,2018,5.88387295818481e7,4.623219032023818e8,1.3787901327890102e6,6.717813240668811e8,7.8574419687166275,0.0875861347642797
10,211,Purnia,2019,6.189289693237935e7,4.728037888389285e8,1.4698863719585026e6,6.988562210424633e8,7.6390638065542,0.08856313368729198
10,211,Purnia,2020,6.512298134213641e7,4.7194520256679803e8,1.5648347140912288e6,7.093277758221503e8,7.246983980775403,0.09180943361008985
10,211,Purnia,2021,6.576945148066951e7,5.034492979962716e8,1.591712860362875e6,7.135993429467561e8,7.654758959700946,0.09216579601808403
10,211,Purnia,2022,6.576246758179367e7,3.803436760379681e8,1.7530688657483365e6,7.380347167412875e8,5.783598000864344,0.08910484302440506
10,211,Purnia,2023,7.109946653961098e7,4.1824571949484956e8,1.8107194010005973e6,7.438762097031595e8,5.882543707438877,0.09557970212272673
10,212,Katihar,2016,4.6124301125474244e7,3.877317574890475e8,1.0592650552899146e6,5.677494867593673e8,8.406235932643867,0.08124058621126219
10,212,Katihar,2017,4.945142646520181e7,3.954403481048377e8,1.156634437013639e6,5.827790810076708e8,7.996540774877402,0.08485449817398458
10,212,Katihar,2018,5.062140851707501e7,4.0997094120583665e8,1.1555544921918835e6,6.120693579247395e8,8.098765980949546,0.08270534680695363
10,212,Katihar,2019,5.336297157411806e7,4.3579439558264387e8,1.2191594931245006e6,6.351696145794576e8,8.166606594937292,0.08401373483435506
10,212,Katihar,2020,5.549690695229883e7,4.30905131685536e8,1.2830237090386755e6,6.379008248398131e8,7.7644891463214565,0.08699927134634913
10,212,Katihar,2021,5.5985120606282935e7,4.4457668305499005e8,1.3149603932904322e6,6.483143592514896e8,7.940979285933652,0.08635489837201889
10,212,Katihar,2022,5.506479631541922e7,3.1665625875907314e8,1.4633337335308366e6,6.597649315783663e8,5.750611642059288,0.08346123547925899
10,212,Katihar,2023,5.948165854036891e7,3.6903079817014873e8,1.512447893592682e6,6.762800862199523e8,6.20411076667769,0.08795417720021875
10,213,Madhepura,2016,2.7606618583290692e7,1.9274929180057988e8,713493.4501497793,3.4486637997503054e8,6.981995684080056,0.08005018809107893
10,213,Madhepura,2017,3.0071603043460283e7,2.1872702828430757e8,753881.5892991793,3.6717988067363673e8,7.273540687810937,0.08189883113500179
10,213,Madhepura,2018,3.148786823890647e7,2.1438292433203518e8,821630.7439501307,3.8324113001884955e8,6.808429287923126,0.08216202743520183
10,213,Madhepura,2019,3.293627901344e7,2.3574945621402267e8,820776.890671807,3.9547988956304e8,7.157744082682278,0.0832818049226999
10,213,Madhepura,2020,3.5121194274851784e7,2.326630995397441e8,924419.8205995845,4.062188085982843e8,6.624578245231838,0.08645880872932116
10,213,Madhepura,2021,3.5437588518792436e7,2.2936274512643257e8,968098.1775671778,4.0566738013970214e8,6.4723011557291,0.08735626834622143
10,213,Madhepura,2022,3.5705100000410154e7,2.0421752984850502e8,1.0164214065574816e6,4.2172307763301927e8,5.719561907014939,0.08466479994599799
10,213,Madhepura,2023,3.755732560139748e7,2.1142085256249762e8,1.0522610847173973e6,4.2506000755719584e8,5.629284012561076,0.08835770228593849
10,214,Saharsa,2016,2.459993122494838e7,1.7840423466510132e8,589315.9267000963,2.9214281430659074e8,7.252224936473402,0.08420515590409784
10,214,Saharsa,2017,2.6338943046334974e7,1.7840116619362792e8,649207.2411258918,3.1052252076010644e8,6.773284937052635,0.0848213616901657
10,214,Saharsa,2018,2.8456520952221345e7,1.9707866086153796e8,704516.3312987398,3.237863038438381e8,6.925606302767443,0.08788673459747669
10,214,Saharsa,2019,2.9788557973940864e7,2.2207910429057577e8,698840.5738025971,3.358690885523092e8,7.4551814319058805,0.08869097809011832
10,214,Saharsa,2020,3.1487535786528904e7,2.1048090255217978e8,788908.8543120504,3.4671964007856154e8,6.684578430625504,0.09081555281781642
10,214,Saharsa,2021,3.1741543203267816e7,2.117032222159058e8,809957.8764671483,3.466688284540441e8,6.669594507746264,0.0915615728844672
10,214,Saharsa,2022,3.1596303424696725e7,1.7844134105808085e8,882099.3026432222,3.571248814893304e8,5.647538531947543,0.08847410265263388
10,214,Saharsa,2023,3.373380264669999e7,1.9419027286532897e8,906506.9836167757,3.6325121485737205e8,5.7565485545497985,0.0928663174875969
10,215,Darbhanga,2016,4.419772071361168e7,3.199793376384091e8,976683.1857834924,4.7185880821639854e8,7.2397248652658295,0.0936672579678585
10,215,Darbhanga,2017,5.003194305190661e7,3.8118749179068553e8,1.0826580416811898e6,5.1056810547043884e8,7.61888242867592,0.09799269189720937
10,215,Darbhanga,2018,5.214181321934554e7,3.982953562922716e8,1.1611408251495596e6,5.292575507263557e8,7.63869400967623,0.09851878947742146
10,215,Darbhanga,2019,5.452103725176582e7,4.301178833246979e8,1.1542768489242482e6,5.47153697377225e8,7.889026053163861,0.09964483016949677
10,215,Darbhanga,2020,5.638140695486693e7,3.766379260987603e8,1.3087531409284733e6,5.623713781117915e8,6.680179627306167,0.10025653713774015
10,215,Darbhanga,2021,5.771212072775309e7,4.019700456662215e8,1.3116073046228592e6,5.628075610119447e8,6.965088799325976,0.10254325763496316
10,215,Darbhanga,2022,5.60298396942625e7,3.3807964208751446e8,1.3837389397358443e6,5.781848524819547e8,6.03392128073738,0.09690644688069064
10,215,Darbhanga,2023,6.01312976939406e7,3.76617744240511e8,1.4348337963139422e6,5.857813901156211e8,6.26325655164536,0.10265143056537172
10,216,Muzaffarpur,2016,6.567706295214362e7,5.132668753082827e8,1.3628725807523085e6,8.448735654275775e8,7.815009567073375,0.07773596623171121
10,216,Muzaffarpur,2017,7.1252775388473e7,5.2331128252657515e8,1.4745272803587096e6,8.798166868896867e8,7.344433668351316,0.08098593314973898
10,216,Muzaffarpur,2018,7.410337646589205e7,5.819525306556321e8,1.488639547926652e6,9.032623363191941e8,7.853252556224486,0.08203970594840064
10,216,Muzaffarpur,2019,7.832965330438863e7,6.36317696332631e8,1.5430793510855201e6,9.197696962529451e8,8.123586272747866,0.08516224618346989
10,216,Muzaffarpur,2020,7.889588818177527e7,5.735434829304763e8,1.6523990722250512e6,9.496559136100758e8,7.269624515906815,0.08307839402784949
10,216,Muzaffarpur,2021,8.17171170495424e7,5.975676922716928e8,1.7135875871650425e6,9.547327769388709e8,7.312637961877768,0.0855916116251391
10,216,Muzaffarpur,2022,7.932250171842149e7,4.774260996143005e8,1.7972524396714494e6,9.759486621649356e8,6.018797809845491,0.08127733024651246
10,216,Muzaffarpur,2023,8.344554593619624e7,5.183100159370608e8,1.872753673378451e6,9.918034763591222e8,6.211356281776485,0.0841351617787448
10,217,Gopalganj,2016,3.6291955553672135e7,2.882953563451819e8,738344.9096553116,4.778676947729281e8,7.94378125804828,0.07594561413262566
10,217,Gopalganj,2017,3.928196325394565e7,2.910351897010319e8,826955.2195328076,4.9658412310924864e8,7.408875870576533,0.07910434793603663
10,217,Gopalganj,2018,4.199359690454178e7,3.268627168451462e8,851899.0927799605,5.168196717220893e8,7.78363229013599,0.08125386706859546
10,217,Gopalganj,2019,4.237112469892591e7,3.048145306468698e8,887359.4362043166,5.220393872732729e8,7.193921162413625,0.08116461273207691
10,217,Gopalganj,2020,4.433387287803783e7,3.0944478185216546e8,913514.4739730544,5.405551033159851e8,6.979872539072908,0.08201545523495349
10,217,Gopalganj,2021,4.628406241696273e7,3.229886857032838e8,968354.065267047,5.545798585913182e8,6.978399665819116,0.08345788564072329
10,217,Gopalganj,2022,4.604331017174039e7,2.86657253481775e8,1.0511312173903233e6,5.65756005007487e8,6.225817657604344,0.08138368795772846
10,217,Gopalganj,2023,4.87215961408584e7,3.123609736054357e8,1.0734316935303707e6,5.780073881474991e8,6.411139994313258,0.08429234148201814
10,218,Siwan,2016,4.355127671153152e7,3.728645927023039e8,837724.4207535973,5.291654785465265e8,8.561507741139922,0.08230181007112372
10,218,Siwan,2017,4.70769711005535e7,3.564904129081516e8,937708.3044081018,5.484035687695311e8,7.572501046142288,0.08584366291813428
10,218,Siwan,2018,5.019102127985052e7,4.055881137618907e8,958224.5432636981,5.6735766224051e8,8.080889836858459,0.0884645165126437
10,218,Siwan,2019,5.058878004933593e7,4.055432764193025e8,971196.5135386228,5.753149441726295e8,8.016466813862731,0.08793232395881623
10,218,Siwan,2020,5.225762985283091e7,3.930981245527888e8,1.0070864430507564e6,5.95181895250873e8,7.5223106302341,0.0878011079802822
10,218,Siwan,2021,5.4035666621083006e7,4.034224723092472e8,1.0788229299415827e6,6.086690329272518e8,7.465855379155155,0.08877676322912481
10,218,Siwan,2022,5.3333632127340145e7,3.3069653078569335e8,1.1720096073330846e6,6.134966036636028e8,6.200525214486003,0.08693386696657975
10,218,Siwan,2023,5.69499893770155e7,3.850199888373582e8,1.1871488002546376e6,6.301563477120022e8,6.76066831704711,0.0903743802372092
10,219,Saran,2016,5.306446313402279e7,4.543698275535905e8,1.0473118932983172e6,6.28106493781181e8,8.56260104631619,0.08448322642642399
10,219,Saran,2017,5.6032627843189046e7,4.264526105451581e8,1.1354048556546955e6,6.455395063286765e8,7.610790836699886,0.08679968815829535
10,219,Saran,2018,5.901662409673167e7,4.8476455393674046e8,1.1376893772921641e6,6.64241680615127e8,8.21403394986103,0.08884811932018297
10,219,Saran,2019,6.1090041192849666e7,5.1262059977170146e8,1.1534752987657022e6,6.770103845254327e8,8.391230219561573,0.09023501350820823
10,219,Saran,2020,6.054274978712068e7,4.7952334263483936e8,1.1746473381219138e6,6.94693964479653e8,7.92040903858729,0.0871502458387832
10,219,Saran,2021,6.25231864929018e7,4.674895507429617e8,1.2675124691751988e6,7.083807214334903e8,7.477058943501469,0.08826212317915556
10,219,Saran,2022,6.179947416944136e7,3.826182356371673e8,1.3452783345367792e6,7.155633217897861e8,6.191286265447944,0.0863647874165306
10,219,Saran,2023,6.4579531042725645e7,4.169169221034102e8,1.3659528415427646e6,7.290535001936313e8,6.45586791002832,0.08857996158796823
10,220,Vaishali,2016,4.735886560190491e7,3.6276919218418616e8,890432.2514118397,6.155067073829504e8,7.660005947642348,0.07694289117216653
10,220,Vaishali,2017,5.121749082956883e7,3.5236991294738096e8,1.0085990783786529e6,6.402272433505746e8,6.879874574877673,0.07999892438429591
10,220,Vaishali,2018,5.340838296047313e7,3.9747588710205257e8,1.0317454114510227e6,6.539790140585514e8,7.442200363868336,0.08166681470254551
10,220,Vaishali,2019,5.678331631185869e7,4.445070568794335e8,1.0609829711948726e6,6.68590753890514e8,7.8281277979286,0.08492985579210885
10,220,Vaishali,2020,5.73082743857536e7,4.0222915663068706e8,1.1391109579840542e6,6.837661432759191e8,7.0186925176493915,0.08381268208336558
10,220,Vaishali,2021,5.819331190557929e7,3.976695666379123e8,1.1933961390628978e6,6.869909003190562e8,6.833595710846381,0.08470754398428397
10,220,Vaishali,2022,5.645981774023407e7,3.389281969506156e8,1.229326019187353e6,6.945100971376798e8,6.002998424649369,0.0812944519783439
10,220,Vaishali,2023,6.0261430886674255e7,3.703200982368064e8,1.2992597554689087e6,7.066004334601179e8,6.145225773566822,0.08528360305637364
10,221,Samastipur,2016,5.339256986716649e7,3.716658255510428e8,1.076879035827396e6,6.218272171049784e8,6.961002747680009,0.08586399629746766
10,221,Samastipur,2017,5.908884567061502e7,4.1654856319726664e8,1.2239422782576808e6,6.567216702645335e8,7.049529542669962,0.08997547720149617
10,221,Samastipur,2018,6.240481965309943e7,4.7362078896161485e8,1.2945053633716675e6,6.864749723788643e8,7.58949054887769,0.09090618327547464
10,221,Samastipur,2019,6.5480975892681435e7,4.905813638513776e8,1.3420979157024063e6,7.013612632899128e8,7.491967814520737,0.09336269240979508
10,221,Samastipur,2020,6.800798516125953e7,4.690019983755651e8,1.4653353177987137e6,7.209197166756124e8,6.896278389419632,0.09433503285895098
10,221,Samastipur,2021,6.956081710066165e7,4.922228012918464e8,1.4904933401522113e6,7.238566457830272e8,7.076150364644932,0.09609750425847743
10,221,Samastipur,2022,6.572476357460173e7,3.9530456709348476e8,1.544241104356165e6,7.347991207404987e8,6.014545288470901,0.08944589306036073
10,221,Samastipur,2023,7.207462369631986e7,4.5004889375284165e8,1.6586979896253392e6,7.510512488389169e8,6.244207332237812,0.09596498748619776
10,222,Begusarai,2016,3.6284188322585925e7,2.6024366689424288e8,737565.8996764448,3.5709223412266773e8,7.172371187706802,0.101610129975892
10,222,Begusarai,2017,4.021916474992116e7,2.897112927553369e8,837176.1515786798,3.795148390979857e8,7.203314503340222,0.10597520994307447
10,222,Begusarai,2018,4.1976084467167705e7,3.218370122366074e8,894716.7928066513,3.960403439150736e8,7.6671518156567835,0.10598941525050541
10,222,Begusarai,2019,4.3642071453726776e7,3.3348934758746946e8,910567.1729728301,4.0403421150537306e8,7.641464680269924,0.10801578235447619
10,222,Begusarai,2020,4.527615206592775e7,3.440556799102756e8,967452.3679811488,4.1390417359950984e8,7.59904859868143,0.10938800561536877
10,222,Begusarai,2021,4.622150607816297e7,3.510891754584995e8,985407.2397602076,4.188154500648054e8,7.595796962236355,0.11036246650167965
10,222,Begusarai,2022,4.584448193661616e7,3.016447526112733e8,1.0772990414227827e6,4.294668527138213e8,6.579739586289195,0.10674742799571775
10,222,Begusarai,2023,4.892781673410153e7,3.364258387883278e8,1.1080534836790985e6,4.3815668477092147e8,6.875962616861401,0.11166739761070205
10,223,Khagaria,2016,1.76463405185709e7,1.2508458356604151e8,413550.6727515838,1.864461076881778e8,7.088414928545852,0.09464579731577749
10,223,Khagaria,2017,1.9947020037842963e7,1.4124762189286146e8,475570.44285778154,2.0488393106212848e8,7.081139018504527,0.09735765969754982
10,223,Khagaria,2018,2.087522584026552e7,1.492567088427213e8,503868.8338504131,2.168937189905484e8,7.14994462741692,0.09624633639656113
10,223,Khagaria,2019,2.1374092511037637e7,1.587171032346591e8,502612.87722412165,2.2315222448622853e8,7.425676816580502,0.09578256528810317
10,223,Khagaria,2020,2.295456957212101e7,1.646594916249858e8,566551.8878853939,2.336847868685011e8,7.173277246939517,0.09822877167026703
10,223,Khagaria,2021,2.3307216678104624e7,1.621889191884675e8,581491.0993988635,2.3113122328318018e8,6.958742497161053,0.10083975824222072
10,223,Khagaria,2022,2.340192054055565e7,1.4288141809567097e8,622123.604803698,2.3988988559441254e8,6.105542399738377,0.09755276043660226
10,223,Khagaria,2023,2.4956898902270038e7,1.5835851801174507e8,645220.8826446842,2.474285271965686e8,6.345280262258106,0.10086508287883526
10,224,Bhagalpur,2016,3.698233657179301e7,3.0320914714202684e8,780293.1936029486,3.6751249629927623e8,8.198755818292158,0.10062878662410762
10,224,Bhagalpur,2017,4.045760511957583e7,3.1821737726145065e8,874597.3885257014,3.930414429370864e8,7.865452646565031,0.10293470535129248
10,224,Bhagalpur,2018,4.26528486336478e7,3.4420640790020794e8,924154.7074394757,4.194332701027114e8,8.069951220764933,0.10169161979735873
10,224,Bhagalpur,2019,4.380980661966559e7,3.631637219910482e8,919330.0642832139,4.2330950483474267e8,8.28955318483486,0.10349355759627618
10,224,Bhagalpur,2020,4.520169832086333e7,3.559382626765528e8,978819.3235031794,4.357318736398208e8,7.87444445449665,0.1037374152670488
10,224,Bhagalpur,2021,4.622041035967358e7,3.6443921730596596e8,1.0130687195367966e6,4.427653991099647e8,7.884811373806671,0.10439029439198416
10,224,Bhagalpur,2022,4.638956082836274e7,3.1764194796574223e8,1.1174297265040334e6,4.50130497433295e8,6.847272151184816,0.10305802671199195
10,224,Bhagalpur,2023,4.8670794830887645e7,3.3316287091293234e8,1.1382166533429988e6,4.5934412401354545e8,6.845231767234244,0.10595715126520788
10,225,Banka,2016,2.7803397936557338e7,2.0159587453500134e8,603133.9528162903,3.912773693165058e8,7.25076391723807,0.07105802716146116
10,225,Banka,2017,2.9873485911159772e7,1.9173415056816983e8,704428.6139790339,4.157733706062425e8,6.418204796667005,0.07185040703208338
10,225,Banka,2018,3.248494332830354e7,2.3612380164672095e8,697774.8061023606,4.377433896674786e8,7.268715209393349,0.07421001457721602
10,225,Banka,2019,3.427632451057267e7,2.6145960896720347e8,716868.5475770747,4.484311544972044e8,7.627994328462936,0.0764360909513622
10,225,Banka,2020,3.4579790096759684e7,2.5160854311034805e8,740064.0129462595,4.664139725173943e8,7.276173233160405,0.07413969592317493
10,225,Banka,2021,3.6432310289083846e7,2.6880497202386355e8,779155.3865456547,4.8645400563270915e8,7.37820275164941,0.07489363818003299
10,225,Banka,2022,3.568456832202272e7,2.2954958736219597e8,856364.0252832958,4.685257828872932e8,6.432741046233408,0.07616351036674296
10,225,Banka,2023,3.8563688837157264e7,2.3326617723428196e8,910561.7949299474,4.876455605360908e8,6.048855393976808,0.07908139016945516
10,226,Munger,2016,1.6126230601484256e7,1.2439232436594069e8,321855.920288198,1.532774150337929e8,7.713663995012674,0.10520943739773353
10,226,Munger,2017,1.758929685625963e7,1.3134649765054014e8,371501.34563616227,1.6521121722062656e8,7.467410364604593,0.10646551216174692
10,226,Munger,2018,1.846564660108801e7,1.4315106992180228e8,388209.11160153314,1.734334903447342e8,7.752291214831747,0.10647105449117006
10,226,Munger,2019,1.9085860357545786e7,1.5231103123982602e8,388935.2146709519,1.7393153084679455e8,7.980307326287669,0.10973203228089409
10,226,Munger,2020,1.9358160848294944e7,1.5397962091211092e8,401092.7916984442,1.8197870203063342e8,7.954248449468451,0.10637596945293237
10,226,Munger,2021,1.9944504123809963e7,1.5254088818511772e8,421909.0063418615,1.8521919124073604e8,7.648266772549776,0.10768054859869988
10,226,Munger,2022,2.0055262944783982e7,1.3927643703045252e8,455957.6348575009,1.8662316472515315e8,6.944632808550429,0.10746395268947513
10,226,Munger,2023,2.1213714976353996e7,1.438802728740894e8,471085.66665899236,1.9004536687949982e8,6.782417555551513,0.1116244785372998
10,227,Lakhisarai,2016,1.1686648640336031e7,8.555783631420985e7,242305.01337704316,1.1493216774309894e8,7.320989870347447,0.10168300894192218
10,227,Lakhisarai,2017,1.297389304879639e7,9.369330835290581e7,279214.5013520905,1.2554118456420036e8,7.221680339163726,0.10334372018101905
10,227,Lakhisarai,2018,1.3966520500460064e7,1.0884103486799659e8,293056.24103031505,1.359248677847733e8,7.792995747538645,0.10275176815014446
10,227,Lakhisarai,2019,1.4303299301348902e7,1.1129469555500774e8,298115.56757135276,1.3558248085502833e8,7.781050596103507,0.10549518795605102
10,227,Lakhisarai,2020,1.4662352146662654e7,1.1539080773950653e8,307820.60162432387,1.423616556781403e8,7.869870167166256,0.1029936893949321
10,227,Lakhisarai,2021,1.4942885134400168e7,1.0776866262903872e8,323585.28836467594,1.494628754588235e8,7.212038482511211,0.09997723574184066
10,227,Lakhisarai,2022,1.5011885631098406e7,1.013597343739054e8,340120.4786990777,1.4375809298898974e8,6.751965533492344,0.10442462973022429
10,227,Lakhisarai,2023,1.6144748001499522e7,1.075571648321933e8,354288.0799264665,1.4964340854744178e8,6.662052874544924,0.10788813325099526
10,228,Sheikhpura,2016,7.320711091955109e6,5.464671803726513e7,162623.75470472852,7.244031256599265e7,7.464673492895741,0.10105852435804978
10,228,Sheikhpura,2017,8.098582020034957e6,5.662855478148382e7,187475.72490476485,7.933784921161918e7,6.992403687632145,0.10207715611792642
10,228,Sheikhpura,2018,8.730412761291832e6,6.646330249556858e7,192177.15019300344,8.587075458676088e7,7.612847675455618,0.10166922141659906
10,228,Sheikhpura,2019,8.95351934892011e6,6.810372784987241e7,198044.4702661205,8.711465807470895e7,7.606364067118082,0.10277856272180545
10,228,Sheikhpura,2020,9.091771773810491e6,6.481490163815286e7,211006.46065138877,9.073625730158931e7,7.12896267643419,0.1001999866887968
10,228,Sheikhpura,2021,9.149813297750983e6,6.367641384643609e7,212340.19726049286,9.69860054666552e7,6.959312914296044,0.0943415831358967
10,228,Sheikhpura,2022,9.331332086303314e6,6.032255540842063e7,219843.76464013592,9.245544388766469e7,6.46451705399737,0.10092788151708058
10,228,Sheikhpura,2023,1.0053057375175295e7,6.799951598998298e7,226681.07755228132,9.854508454842219e7,6.764063254816276,0.10201480288177657
10,229,Nalanda,2016,3.1993232105587244e7,2.4688811124632126e8,699743.1437911489,2.991959020075138e8,7.716885572283431,0.10693071626624012
10,229,Nalanda,2017,3.511530414596925e7,2.6768371486235923e8,805647.0965671615,3.327031634736443e8,7.622992919259269,0.1055454471167088
10,229,Nalanda,2018,3.720738760817555e7,2.8507928162770444e8,839255.9172721228,3.569248740611328e8,7.6618999600247175,0.10424431109220707
10,229,Nalanda,2019,3.901177631644745e7,3.177606882642409e8,864803.1827641103,3.7187130046165365e8,8.145250441474317,0.10490666063236638
10,229,Nalanda,2020,3.898439368019543e7,2.92172271522015e8,912347.4127847601,3.8773737696977633e8,7.494595758467375,0.10054329552870064
10,229,Nalanda,2021,3.9260337263101615e7,2.8710882673039526e8,914308.7254966091,4.008291966203241e8,7.312948556869155,0.09794779819966568
10,229,Nalanda,2022,3.984604985998445e7,2.735739841885242e8,940152.9458608811,3.8864032523649675e8,6.865774277496499,0.10252680247665291
10,229,Nalanda,2023,4.232473424122683e7,2.999969958951199e8,952080.9930535377,4.123154073767616e8,7.087982979061564,0.1026513525422341
10,230,Patna,2016,7.737242469327548e7,7.364451532883109e8,1.3725957281189177e6,5.820156944763443e8,9.518186307431517,0.13293872558349065
10,230,Patna,2017,8.19048646472169e7,7.582859506850841e8,1.525168709123385e6,6.128290710324907e8,9.258130807629025,0.13365042312569161
10,230,Patna,2018,8.696776343603598e7,8.48867378075774e8,1.5256965218201294e6,6.401631178959215e8,9.760712987636028,0.1358525054081221
10,230,Patna,2019,9.119940400368556e7,9.070040372973075e8,1.5164489616196875e6,6.685779164373009e8,9.94528470011332,0.13640804124920303
10,230,Patna,2020,9.050726604787369e7,8.836475986701179e8,1.584708751754482e6,6.809012377510415e8,9.763277991434563,0.13292275153855124
10,230,Patna,2021,9.123478015155113e7,8.674634376465235e8,1.67332322014169e6,6.960379869073032e8,9.508034504007902,0.13107730018721173
10,230,Patna,2022,9.531815035826233e7,8.16177066706299e8,1.808234507725784e6,7.050536617282015e8,8.562661608923587,0.1351927598313893
10,230,Patna,2023,9.74059798415794e7,8.345080471216714e8,1.840082177724067e6,7.239828407619102e8,8.567318438548755,0.134541834912925
10,231,Bhojpur,2016,3.604533965311162e7,3.117413723786079e8,717703.1626412496,3.398741042328355e8,8.64859023049036,0.10605497507517743
10,231,Bhojpur,2017,3.819254204127769e7,3.09771117717367e8,803878.1822817265,3.5683903030544966e8,8.110775066571188,0.10703016990205741
10,231,Bhojpur,2018,4.066294449447697e7,3.4622445699723285e8,842171.1152509585,3.705734162635417e8,8.51449547743053,0.1097297936384044
10,231,Bhojpur,2019,4.124000828130967e7,3.602838957511448e8,810857.556668033,3.798012858236328e8,8.736271178549414,0.10858311917474701
10,231,Bhojpur,2020,4.151332727550907e7,3.332168212055738e8,859811.6882778511,3.916645579321576e8,8.026743291235926,0.10599204455640283
10,231,Bhojpur,2021,4.240990950781213e7,3.2417325244054145e8,894762.8863102307,4.016596593783739e8,7.643809105058973,0.10558667896459296
10,231,Bhojpur,2022,4.3247054950677626e7,2.844640405347572e8,996618.7073074746,3.9956382404476494e8,6.577651145475283,0.10823566185969945
10,231,Bhojpur,2023,4.5261205368113026e7,3.2887859197773767e8,977047.8525804691,4.142887219402995e8,7.266235826088625,0.10925039222920321
10,232,Buxar,2016,2.2574705934670527e7,1.8207986639410764e8,462501.21112761507,2.2072018934781712e8,8.065658393116298,0.10227748535996707
10,232,Buxar,2017,2.4125854035852265e7,1.819329710540265e8,519993.6227186357,2.338593642418773e8,7.540996094217627,0.10316394262878116
10,232,Buxar,2018,2.583680850104766e7,2.0732198340292698e8,534101.079684993,2.4866660670042127e8,8.024287651260034,0.10390139972503147
10,232,Buxar,2019,2.6091699811937526e7,2.181458530101885e8,518525.92260001285,2.510419898468137e8,8.360737498228534,0.10393360818984397
10,232,Buxar,2020,2.651157312731866e7,2.0354742419351292e8,560801.843242903,2.6280264602338004e8,7.677681864293784,0.10088016056337606
10,232,Buxar,2021,2.75284559838857e7,2.155576318451048e8,582139.1599541168,2.738592399152344e8,7.830356775958867,0.10052045712390928
10,232,Buxar,2022,2.7696548561100863e7,1.760981726029844e8,638619.1739438277,2.6735773091948146e8,6.35812697796974,0.10359359523978781
10,232,Buxar,2023,2.940677311170902e7,2.1069565506093282e8,636176.9675953126,2.835500116411918e8,7.164868251968769,0.1037092996099777
10,233,Kaimur (Bhabua),2016,2.1924315459533647e7,1.634256840141189e8,462251.78374969214,2.690542660463771e8,7.454083769035275,0.08148659295279315
10,233,Kaimur (Bhabua),2017,2.4288896317493882e7,1.6093503483593965e8,554278.8751706926,2.8904505082872623e8,6.625868575182129,0.08403152466321341
10,233,Kaimur (Bhabua),2018,2.507477845890953e7,1.97696129670863e8,524545.9476959923,3.075316053107383e8,7.884262267554269,0.08153561463568368
10,233,Kaimur (Bhabua),2019,2.5918200235722363e7,2.0011771392283678e8,544919.8850658826,3.1560749838978255e8,7.721126934077,0.08212162375088056
10,233,Kaimur (Bhabua),2020,2.66842351911445e7,2.008460820901897e8,574203.5464600357,3.263150611416207e8,7.526769294734855,0.08177445165353107
10,233,Kaimur (Bhabua),2021,2.7297170233278863e7,1.873039608168944e8,617200.0258315435,3.47159655526528e8,6.861662187553276,0.07863001877876033
10,233,Kaimur (Bhabua),2022,2.698132912780305e7,1.6232168999217737e8,646141.9076693108,3.269649564961129e8,6.016074642702169,0.08252055332456956
10,233,Kaimur (Bhabua),2023,2.8758811116273448e7,1.84797943513344e8,651479.741985303,3.4664943023319924e8,6.42578522339452,0.08296223391143819
10,234,Rohtas,2016,3.979843385848306e7,3.3944225913236403e8,768795.1516188455,3.876737144202397e8,8.529035598218941,0.10265961394365113
10,234,Rohtas,2017,4.210997446846882e7,3.036943184858534e8,901555.3295986027,4.0776329346363354e8,7.211933094693613,0.10327063554636609
10,234,Rohtas,2018,4.378168053564518e7,3.6831807482063764e8,867005.020291555,4.304322560893803e8,8.412607061091881,0.1017156124250916
10,234,Rohtas,2019,4.500081638199519e7,3.870646330102376e8,869123.2781953368,4.3954776475379896e8,8.601280246220199,0.10237980940979466
10,234,Rohtas,2020,4.567907155894851e7,3.8153668247457534e8,897768.3835843818,4.494324233249578e8,8.352548978194642,0.10163724108067008
10,234,Rohtas,2021,4.63025508044752e7,3.639768964330737e8,967072.4321063658,4.6796118616522294e8,7.860838984229241,0.09894528044923617
10,234,Rohtas,2022,4.6754385490432896e7,3.106660976062426e8,1.0636758169979004e6,4.5700838287606466e8,6.644640804226003,0.10230531264261764
10,234,Rohtas,2023,4.9607355297746025e7,3.7931609444893336e8,1.0503552565167719e6,4.886298311222618e8,7.646368006765482,0.10152338669910964
10,235,Aurangabad,2016,3.8365220438429244e7,3.204107176647059e8,710434.4179389823,4.170036190764323e8,8.351593292130818,0.09200212823907725
10,235,Aurangabad,2017,4.107148114052853e7,3.089025098833235e8,806799.3715667849,4.3801022019856393e8,7.521094961888398,0.09376831691714756
10,235,Aurangabad,2018,4.28110234924876e7,3.628459766164839e8,764330.4565214757,4.5307513930393696e8,8.475526792302816,0.09448989754383462
10,235,Aurangabad,2019,4.441665563223149e7,3.7040966140594864e8,784998.9053309989,4.6759020319093525e8,8.339431596852519,0.0949905608139836
10,235,Aurangabad,2020,4.464206294574769e7,3.6747270429508877e8,808914.3244996084,4.7211388020559126e8,8.231535015343457,0.09455782771374446
10,235,Aurangabad,2021,4.5632902688612364e7,3.644169493802571e8,846884.0428576085,5.1325675405570996e8,7.985837584493544,0.08890852838861868
10,235,Aurangabad,2022,4.475896371032371e7,2.7774883602541417e8,986721.8895734103,4.8273256810790056e8,6.20543491183088,0.09271999999038634
10,235,Aurangabad,2023,4.864676091573981e7,3.3611274624948364e8,979846.1036196084,5.1482417471585476e8,6.909252330934398,0.09449199028501189
10,236,Gaya,2016,6.10886814983509e7,5.0925543222974163e8,1.1261018704227128e6,6.916688533479934e8,8.336330392782974,0.08832070607582482
10,236,Gaya,2017,6.520665957944276e7,5.2160371790751934e8,1.2276032817216702e6,7.384156189157512e8,7.999239974439077,0.08830617596522217
10,236,Gaya,2018,6.887276903358045e7,5.749819903466935e8,1.239432845137469e6,7.730072156174976e8,8.34846628667345,0.08909718776501091
10,236,Gaya,2019,7.320740728285372e7,6.134962731024364e8,1.2877533349923943e6,8.069392524926966e8,8.380248609707648,0.09072232768044246
10,236,Gaya,2020,7.363881814910738e7,6.05234777191761e8,1.3115607568526375e6,8.170190320888019e8,8.218963753142438,0.09013109273702155
10,236,Gaya,2021,7.34971204966152e7,5.767909519916964e8,1.385917596604894e6,8.644192878596623e8,7.847803398206051,0.08502485024205915
10,236,Gaya,2022,7.098003778855658e7,4.4620113859076756e8,1.5337881423131265e6,8.138650849238818e8,6.28629051903244,0.08721351868190182
10,236,Gaya,2023,7.721397191905029e7,4.996620481546931e8,1.5841350892582333e6,8.590354950756664e8,6.471135155157277,0.08988449529928802
10,237,Nawada,2016,2.643336368113109e7,2.0799146336361164e8,535502.9588729982,2.855942400494485e8,7.868520475586769,0.0925556610544889
10,237,Nawada,2017,2.9304696128960736e7,2.2457227070606348e8,614848.635892793,3.054694277171186e8,7.6633543551447065,0.09593331924561199
10,237,Nawada,2018,3.1187232084006537e7,2.4061662825875697e8,633400.506768102,3.3162843281691563e8,7.715228706754973,0.09404269657790255
10,237,Nawada,2019,3.287227892117655e7,2.548095652975904e8,662630.2377554172,3.400998020989775e8,7.7515028972767785,0.09665480167380368
10,237,Nawada,2020,3.2998531742531087e7,2.4746160700071195e8,682396.7872678626,3.5055950392663914e8,7.499170233739948,0.09413104301242001
10,237,Nawada,2021,3.3230868349227957e7,2.3505622592188376e8,705967.750278223,3.7185656204937965e8,7.073430144877474,0.08936474904755118
10,237,Nawada,2022,3.3377793197719276e7,2.157732340632459e8,740728.322502919,3.539659187539483e8,6.464574598598382,0.09429662978633015
10,237,Nawada,2023,3.5586380461208865e7,2.356008366852348e8,759748.9195090691,3.659796495898093e8,6.620533856823479,0.09723595424252182
10,238,Jamui,2016,2.4196255442421135e7,1.7331160216710258e8,443701.16233103105,3.4087739948121554e8,7.1627447717902175,0.07098228125198573
10,238,Jamui,2017,2.6411913876593415e7,1.7686259283629894e8,524937.3344766446,3.601960381184666e8,6.696318701577961,0.0733264974666564
10,238,Jamui,2018,2.8621469533712074e7,2.1084778617280984e8,510598.89408983657,3.7793746586454123e8,7.3667701067710984,0.07573070181925404
10,238,Jamui,2019,2.996849240175893e7,2.248660516295311e8,522532.2638827673,3.8412493076096046e8,7.5034155410611545,0.07801756668693867
10,238,Jamui,2020,3.0404077272282705e7,2.274236134311768e8,543735.3271412001,3.965847321119447e8,7.480036687003923,0.07666476999850941
10,238,Jamui,2021,3.1660653098789394e7,2.3501703549179557e8,579475.1298200126,4.193555033013786e8,7.423000238134124,0.07549836081687428
10,238,Jamui,2022,3.125711948379189e7,2.2230715588159284e8,616076.9796235455,4.0080279781305146e8,7.112208660074012,0.07798628067055388
10,238,Jamui,2023,3.3117094758093383e7,2.016829953158013e8,686443.2743808213,4.160653984321383e8,6.089996625278025,0.07959588776881886
10,239,Jehanabad,2016,1.3818025853713216e7,1.1756282550183037e8,295282.1354448339,1.383914797066751e8,8.507932084252005,0.09984737415194155
10,239,Jehanabad,2017,1.4574634369485758e7,1.206051051573668e8,320466.4496644199,1.4897140042065334e8,8.275000394512274,0.09783511686357978
10,239,Jehanabad,2018,1.5785011383643353e7,1.3846362958335125e8,321247.5228624029,1.5482251334342447e8,8.771842238063204,0.1019555298694146
10,239,Jehanabad,2019,1.6751394113945099e7,1.4799089313780192e8,328422.428431226,1.6404682188144916e8,8.83454189729817,0.10211349370761195
10,239,Jehanabad,2020,1.6166852130803922e7,1.402611825069573e8,333138.060570923,1.6305742365494794e8,8.675849903996282,0.0991482127487505
10,239,Jehanabad,2021,1.6084081488928545e7,1.3190779270045297e8,350890.35320817475,1.7047073119998854e8,8.201139293608499,0.09435098550764957
10,239,Jehanabad,2022,1.622318708300377e7,1.0739000527863751e8,377363.2881330768,1.6388372727638638e8,6.619538117214016,0.09899205584727588
10,239,Jehanabad,2023,1.7090222311941557e7,1.136534002599274e8,384797.7471348548,1.697331242257851e8,6.650200224751533,0.10068878652824141
10,240,Arwal,2016,9.06492164874866e6,7.674116712970434e7,192785.36133095276,9.103471917912072e7,8.465728674036344,0.09957653223395395
10,240,Arwal,2017,9.657275607123151e6,7.309718495895624e7,218640.4590552865,9.59630373614162e7,7.5691310813414265,0.10063536829031264
10,240,Arwal,2018,1.0401688414207263e7,9.083545539029036e7,211526.0554270479,1.0128732208452436e8,8.732760660877107,0.1026948703957939
10,240,Arwal,2019,1.0953506906457651e7,9.640767748599245e7,217092.7036111541,1.0693992844257812e8,8.80153528082912,0.10242672747194877
10,240,Arwal,2020,1.0699712018344197e7,9.223149057077482e7,216308.88655657845,1.0572827841572076e8,8.619997474011253,0.1012000968773294
10,240,Arwal,2021,1.0804383760854315e7,8.765002814618655e7,229683.66373164105,1.1154276916214766e8,8.112450472534489,0.09686314802843188
10,240,Arwal,2022,1.0583326132468412e7,6.6380657362570256e7,257121.7209819026,1.0625828151959252e8,6.272192364829629,0.09960001216956436
10,240,Arwal,2023,1.1382821026713433e7,7.230365772760452e7,263775.47974406084,1.1192750609880897e8,6.351998116980039,0.10169815645373839
11,241,North  District,2016,7.705925040831496e6,3.301233307098312e8,60502.41473544583,1.4386604784474957e8,42.840194909839106,0.05356319407027296
11,241,North  District,2017,4.395386554389624e6,1.558234415099182e8,42719.51371537356,9.318576327951135e7,35.451589884466266,0.04716800506538355
11,241,North  District,2018,3.3732419637869694e6,8.960535676017365e7,40837.34139243239,7.425679139858304e7,26.56357229102481,0.04542671316998673
11,241,North  District,2019,2.9313714370068763e6,4.988648559197992e7,39522.83987060811,6.841354692819777e7,17.018138664446194,0.04284782135449643
11,241,North  District,2020,2.9294906561523555e6,5.452039687758305e7,41789.80004303977,6.868829815368797e7,18.610879254071797,0.04264904990945779
11,241,North  District,2021,2.207560417526584e6,2.909088110615499e7,37110.15952605727,5.482052386178385e7,13.177841419511077,0.04026886760681806
11,241,North  District,2022,3.3663247681641616e6,2.1482156682895217e7,39189.8820297414,5.666544206088005e7,6.3814866842484115,0.05940701502950351
11,241,North  District,2023,2.900477475830793e6,2.4929397753907997e7,40392.2097005177,5.562671275626916e7,8.594928925199596,0.052141809790906754
11,242,West District,2016,4.362632129806287e6,5.002844992920385e7,88574.58856569792,1.3394289000313647e8,11.467492202104435,0.03257083768839189
11,242,West District,2017,4.412113095799672e6,4.462407656007972e7,96086.01545141895,1.3792264587071076e8,10.113992001374989,0.03198976548010546
11,242,West District,2018,4.469039153021821e6,4.011857343934349e7,99789.10838167017,1.3980702395020297e8,8.977002005501921,0.03196576986442127
11,242,West District,2019,4.6516924518262e6,4.071409906789933e7,101987.33862520408,1.4143433062017462e8,8.75253458596891,0.03288941540168514
11,242,West District,2020,4.831820510013736e6,4.4876415790592805e7,105418.20644613168,1.4044911881973803e8,9.287682706257073,0.03440264026302097
11,242,West District,2021,4.796986858239995e6,4.165169241978069e7,106006.67249433874,1.4236849127487746e8,8.68288649743406,0.033694160943085576
11,242,West District,2022,6.914300370274508e6,4.495221933973107e7,110496.36893042007,1.4431975565801546e8,6.501340256056362,0.04790959033120072
11,242,West District,2023,6.558059848203404e6,5.315342956885496e7,113091.94328848475,1.462270025861137e8,8.105054055494243,0.04484848716187925
11,243,South District,2016,4.595898712515701e6,5.071194638236546e7,92673.03975906587,1.33970569921178e8,11.034174065730612,0.034305285968550495
11,243,South District,2017,4.741253129711941e6,4.711134287175056e7,100359.3068692698,1.3834882825026426e8,9.936474932443199,0.034270280346251396
11,243,South District,2018,4.939859384156501e6,4.927368310216416e7,104827.40480496685,1.4224666022451746e8,9.974713705454556,0.03472741909271957
11,243,South District,2019,5.084136723401766e6,4.889074423444476e7,107489.82680521092,1.4296788226631814e8,9.616331521810894,0.035561390732018555
11,243,South District,2020,5.3187884323464725e6,4.777202404391238e7,113180.61358287462,1.4285996287388942e8,8.981749255786237,0.03723078408638303
11,243,South District,2021,5.238310396618588e6,4.769325399028231e7,110815.02212010045,1.432830657569164e8,9.104701779617539,0.03655917305332874
11,243,South District,2022,5.496308237297774e6,4.866630928592791e7,114916.84639425467,1.4431732431972274e8,8.854363180667319,0.038084881792300775
11,243,South District,2023,5.8826487816038225e6,5.979150709975882e7,119732.77787303794,1.471992865085593e8,10.164045027936803,0.039963840322430916
11,244,East District,2016,7.602029484580036e6,9.248229837841344e7,133909.15814365898,1.597264668616613e8,12.16547483353026,0.047594050215636056
11,244,East District,2017,7.7536426619890835e6,9.532647621933758e7,139957.0706594333,1.621736446863243e8,12.294411849369773,0.04781074432276682
11,244,East District,2018,8.051697696361448e6,9.199648030930983e7,149544.0308002856,1.6510698615027955e8,11.425724583634446,0.04876654758286747
11,244,East District,2019,8.302284038176122e6,1.0007195141943792e8,149028.19135627965,1.6701693916896448e8,12.053544658226619,0.04970923356329161
11,244,East District,2020,8.771959276841003e6,1.0136601782873257e8,158359.17335180938,1.671451960017693e8,11.555687233563736,0.052481073262483406
11,244,East District,2021,8.699991226428738e6,1.0479840163142079e8,152609.34556315682,1.6879157439085862e8,12.0458054386383,0.051542805130087764
11,244,East District,2022,8.813110987117691e6,1.0402870824859114e8,161188.29160479936,1.7105793226415053e8,11.803857729767852,0.051521206122779134
11,244,East District,2023,9.365455806244016e6,1.242240902806792e8,165553.15349232106,1.7492023573112363e8,13.264073084180069,0.053541294219612214
12,245,Tawang,2016,2.365396498388216e6,3.806673837291063e7,33866.94760153332,5.146194815591682e7,16.093174399661688,0.04596399054349161
12,245,Tawang,2017,2.4454467152884216e6,3.184289282650792e7,35739.790476398295,5.197111112267539e7,13.02129898289454,0.04705396252768309
12,245,Tawang,2018,2.203390372971653e6,1.890724361237384e7,36215.33631643335,4.839025174597886e7,8.58097768071581,0.045533765448011965
12,245,Tawang,2019,2.4686132609071145e6,2.7358830948276673e7,38204.88867372894,5.241167671821385e7,11.082671952520995,0.04710044431853168
12,245,Tawang,2020,2.314165773144693e6,2.0573071896924432e7,37711.90285503899,4.934016626562883e7,8.890059707765845,0.04690226945499328
12,245,Tawang,2021,2.4090098074448477e6,2.1522306687278852e7,38181.02530849675,5.118341570011871e7,8.93408844611837,0.047066218119539455
12,245,Tawang,2022,2.4438496680188994e6,2.2507570675246518e7,43477.62127414886,5.234256143095128e7,9.209883475971836,0.04668953144837498
12,245,Tawang,2023,2.5665172233524187e6,2.1621982689105954e7,44990.463856107686,5.347091932811733e7,8.424639621495714,0.047998374735308366
12,246,West Kameng,2016,3.374323215947412e6,3.2540530530972797e7,57297.11743516048,7.579074109883963e7,9.64357248801264,0.044521575683590636
12,246,West Kameng,2017,3.6408128391485843e6,3.2275633783819888e7,63090.08895155284,7.49410494782552e7,8.864952748125237,0.048582357259421595
12,246,West Kameng,2018,3.4937967785752793e6,2.735134543025552e7,63482.088979790766,7.216367131799172e7,7.828545036729071,0.048414897894811126
12,246,West Kameng,2019,3.72672745077689e6,3.2234490371953357e7,65884.51973555965,7.634748086217447e7,8.649543278308053,0.048812710107678965
12,246,West Kameng,2020,3.69943995800019e6,2.873837756440024e7,68050.01060826417,7.695062373350568e7,7.768304903084675,0.04807550320595241
12,246,West Kameng,2021,3.802135697507239e6,3.0235860756184734e7,69573.95999258642,8.078653954186964e7,7.952336045241101,0.04706397524969722
12,246,West Kameng,2022,4.210008749459798e6,2.9502087547565952e7,73519.47292314559,8.332812468563113e7,7.007607181660008,0.05052326288804338
12,246,West Kameng,2023,4.354890720782061e6,3.0401005938232116e7,77291.5686446414,8.68430503891123e7,6.980888359185426,0.05014668072193884
12,247,East Kameng,2016,2.490773666330369e6,3.0077409467243005e7,37349.410731725904,6.095672687331496e7,12.075528930557443,0.040861342038703785
12,247,East Kameng,2017,2.7371824729279955e6,2.5646892153546266e7,38824.958863820095,5.528652475314032e7,9.369814547333226,0.049509034708724774
12,247,East Kameng,2018,2.2543192494799187e6,2.4916822225250926e7,35295.14651922281,5.418846396676623e7,11.052925281545347,0.04160146061461517
12,247,East Kameng,2019,2.467915018198496e6,2.2880666965692792e7,35053.211978333915,5.571655566806065e7,9.27125399252807,0.044294105918920273
12,247,East Kameng,2020,2.629929487907412e6,2.4477331362480983e7,37939.88533116478,5.774284501564031e7,9.307219632704738,0.045545547456053916
12,247,East Kameng,2021,2.701091647691566e6,2.7600711094146576e7,37734.10227715194,5.933862617616039e7,10.218354167188282,0.045519955916619184
12,247,East Kameng,2022,6.289602605844674e6,1.7547584027757846e7,41328.85955346319,5.7806527393585324e7,2.789935251465901,0.10880436672870646
12,247,East Kameng,2023,7.660763122551006e6,1.777705285727722e7,43474.69395992048,5.6436076843772985e7,2.320532898993687,0.1357423044085368
12,248,Papum Pare,2016,7.235342754038573e6,6.909686405644365e7,111677.96134031183,1.036806970727022e8,9.549908885501747,0.0697848583036152
12,248,Papum Pare,2017,7.538687242408819e6,7.130619436719961e7,116035.92961275672,1.0717642583300398e8,9.458701770524083,0.0703390431600617
12,248,Papum Pare,2018,8.254911860334624e6,6.947717356616858e7,131181.19116517305,1.124855067536803e8,8.416464614239047,0.07338644860631825
12,248,Papum Pare,2019,8.792454531434743e6,7.568660904724649e7,135135.40767085334,1.1745395824193093e8,8.608131981422488,0.07485873326911724
12,248,Papum Pare,2020,9.280605536515528e6,8.315723163764353e7,141732.21488096,1.2184338123258272e8,8.960323904561246,0.07616831905542816
12,248,Papum Pare,2021,9.725861987182852e6,8.869263244960964e7,146149.4211394938,1.2870836823770297e8,9.119256736985626,0.07556510987087336
12,248,Papum Pare,2022,1.0214689379776672e7,8.491695458539009e7,161815.90347745264,1.3114228952279794e8,8.313219465440726,0.0778901254274727
12,248,Papum Pare,2023,1.0113192477335114e7,8.431372251530342e7,162623.6725684551,1.3411235627652803e8,8.3370036419519,0.07540835727680893
12,249,Upper Subansiri,2016,3.081842361499686e6,3.501017060480148e7,40371.37817692063,6.84395530320121e7,11.360143218929874,0.04503013571783814
12,249,Upper Subansiri,2017,3.148718737504797e6,3.537072740412172e7,41901.21127106691,7.030753481542969e7,11.23337152436526,0.044784940131534515
12,249,Upper Subansiri,2018,3.1377236521564727e6,2.9635680170613784e7,43369.44565933062,6.780490617796415e7,9.444961843674786,0.04627576128371959
12,249,Upper Subansiri,2019,2.844736138013157e6,2.0017876214006558e7,42015.203669791816,6.2145966474973194e7,7.036812991727099,0.045775072774172094
12,249,Upper Subansiri,2020,2.8348663421838772e6,2.30744866518089e7,43610.07534012265,6.048531754865579e7,8.139532474054194,0.0468686692419767
12,249,Upper Subansiri,2021,2.703124169041413e6,2.1209628685603373e7,43625.528362414014,6.014968880712317e7,7.846339035592572,0.044939952685529076
12,249,Upper Subansiri,2022,3.2610498505229927e6,2.055774931536934e7,44031.718041751126,6.533845625027957e7,6.304027922809086,0.04991011477270768
12,249,Upper Subansiri,2023,2.833568984480499e6,2.1367791780160464e7,43658.36314177685,5.902890837801012e7,7.5409463814688085,0.048003072771308115
12,250,West Siang,2016,6.504098953698526e6,6.10241441253497e7,89704.85289773758,1.5846506863533244e8,9.382413238139405,0.04104437028116321
12,250,West Siang,2017,6.715632527653843e6,5.999906707988879e7,87743.0390934388,1.5509597023286614e8,8.93423915510903,0.04329985181156399
12,250,West Siang,2018,6.8761635976291e6,5.3875404375069186e7,96642.44847206394,1.5814734782313114e8,7.835096360075757,0.043479474630957866
12,250,West Siang,2019,6.597727206795173e6,4.741642441525568e7,92721.64438880364,1.5322194078749615e8,7.186781588426429,0.043059937583910225
12,250,West Siang,2020,6.583016833248468e6,4.941842775522377e7,95549.80744388833,1.520504632735792e8,7.506957525253306,0.04329494755569321
12,250,West Siang,2021,6.620409205550122e6,4.7530927552756146e7,99707.91058189103,1.5364015678604472e8,7.179454634452096,0.04309035700067354
12,250,West Siang,2022,6.859165174473868e6,4.607522059628607e7,100361.9857704307,1.563098162879749e8,6.717321922462711,0.04388185807753106
12,250,West Siang,2023,6.383852642642736e6,4.714583149521267e7,96829.32770394704,1.4577544300317863e8,7.385169134432842,0.04379237346926489
12,251,East Siang,2016,5.203002523699813e6,3.685090367288556e7,84351.08058607166,1.1590250079565716e8,7.082622678929854,0.04489120155287252
12,251,East Siang,2017,5.478265999678929e6,3.6018343982176736e7,89901.34405588233,1.1997388838037302e8,6.574770919171815,0.04566215260365888
12,251,East Siang,2018,5.745011671206289e6,3.488936367110929e7,96494.30083299239,1.2475968352764629e8,6.072983949880038,0.046048623311337716
12,251,East Siang,2019,5.99648198489387e6,3.764197595593204e7,96823.7017043469,1.2624006861855853e8,6.27734329074254,0.04750062361747107
12,251,East Siang,2020,6.085853691648253e6,4.1178454474460624e7,100085.31747288577,1.2695241774137178e8,6.766257711875443,0.04793806845054649
12,251,East Siang,2021,6.3280947131043095e6,4.103337529011145e7,103829.35930350167,1.3411095541644837e8,6.484317500042935,0.047185516600444594
12,251,East Siang,2022,6.368487059201672e6,4.065570968185376e7,106093.237824847,1.297255019334597e8,6.383888245970652,0.04909202095412411
12,251,East Siang,2023,6.014305869936183e6,3.920263582936319e7,103902.43334033347,1.2353507100291054e8,6.518231143734491,0.04868500759427648
12,252,Upper Siang,2016,2.53543150566345e6,2.8935599153180182e7,35345.48416013758,5.528649651595052e7,11.412494910056173,0.04585986932508847
12,252,Upper Siang,2017,2.562468785012876e6,2.378477531723517e7,36813.97936668297,5.3768460751436114e7,9.281976606445044,0.047657469624410524
12,252,Upper Siang,2018,2.2006952196187126e6,1.8060112347774073e7,36813.130233496195,4.888114865630744e7,8.20654863371,0.045021348313482056
12,252,Upper Siang,2019,2.17291540475467e6,1.6175124736115072e7,34862.47834268597,4.8046917815977335e7,7.44397352088417,0.045224865683935654
12,252,Upper Siang,2020,2.239001094571343e6,1.6825293707317993e7,36615.39762824607,4.991373511497779e7,7.514642912909873,0.04485741428514089
12,252,Upper Siang,2021,2.091078795169419e6,1.463236292052023e7,37937.17196899195,4.826942873711321e7,6.997518675203589,0.04332097664875902
12,252,Upper Siang,2022,2.294894288922136e6,1.4882199741216319e7,36931.882679913084,4.9253565438725494e7,6.484917328460552,0.04659346523404743
12,252,Upper Siang,2023,2.0947661511134375e6,1.6522674383846011e7,36360.608041816435,4.485377421989124e7,7.8875985155019155,0.04670211565350223
12,253,Changlang,2016,4.565419099069444e6,3.2118144441681903e7,81357.60474080399,1.320107349747817e8,7.0350922324367655,0.034583695787631104
12,253,Changlang,2017,4.764413929460054e6,3.329541513841671e7,87266.35649995782,1.3872961901548326e8,6.98835483888992,0.03434316307700888
12,253,Changlang,2018,4.957676712429468e6,3.217703848369427e7,91293.59434330296,1.46256058544581e8,6.490346254934841,0.033897239962324674
12,253,Changlang,2019,5.190680733936469e6,3.3895370864443116e7,96086.328903437,1.4833798454929146e8,6.530043476347235,0.034992256027394315
12,253,Changlang,2020,5.269467932074605e6,3.289003676135372e7,102350.1097303194,1.4968972387354088e8,6.241623857535236,0.0352026030626277
12,253,Changlang,2021,5.517966433041181e6,3.873367611779419e7,96848.14375973746,1.563592200761298e8,7.019556314416804,0.03529031694040516
12,253,Changlang,2022,6.442189183090382e6,3.361509844845438e7,104559.87418075172,1.5470622895209098e8,5.217962014634423,0.04164143374657127
12,253,Changlang,2023,5.732763493780598e6,3.630853161143512e7,108316.88809731543,1.5900643035784695e8,6.3335129123721545,0.036053658212934575
12,254,Tirap,2016,2.9492274852181813e6,2.615441319030414e7,50031.301114201306,7.814892189088541e7,8.868225093314313,0.037738556257193266
12,254,Tirap,2017,3.067916648618293e6,2.311150722357426e7,53969.65279651902,8.718383695639169e7,7.533290460802792,0.03518905287631271
12,254,Tirap,2018,3.116290081503214e6,2.406536930828639e7,54040.922911621645,9.606487119916514e7,7.722441967494216,0.032439434338514955
12,254,Tirap,2019,3.370689741842748e6,2.647817753036519e7,55159.50568814889,1.0269744002784544e8,7.855418195769521,0.03282155563886322
12,254,Tirap,2020,3.390785458911725e6,2.690810032103753e7,58667.17556507869,1.0203039352133119e8,7.935654038599572,0.03323309204137122
12,254,Tirap,2021,3.4886717957071373e6,2.8214450345110375e7,57741.64733079585,9.941841980588236e7,8.08744760106946,0.03509079909456296
12,254,Tirap,2022,2.979017722892917e6,2.20244323353128e7,59445.56782311439,8.693477253245252e7,7.3931860713889685,0.03426727460270121
12,254,Tirap,2023,3.0897032808212875e6,2.2817557273491815e7,57961.2816474917,8.04309968314951e7,7.385031894527613,0.03841433530028592
12,255,Lower Subansiri,2016,2.6126628658794104e6,2.288941002714703e7,45115.702571933114,4.7679682523043044e7,8.760950494637415,0.05479614644281116
12,255,Lower Subansiri,2017,2.7424205038308976e6,2.4076633813571475e7,45322.137890477694,5.07281920974571e7,8.779337005371254,0.05406107315163651
12,255,Lower Subansiri,2018,2.8002670336147095e6,2.080602405515282e7,51059.45430860491,5.421728281172258e7,7.430014282707702,0.05164897406126097
12,255,Lower Subansiri,2019,2.8741640189255117e6,2.2086310100389823e7,51576.73306826829,5.560287216354932e7,7.6844292653300466,0.05169092723252669
12,255,Lower Subansiri,2020,2.9178750760101024e6,2.2537565045160957e7,53347.74360357403,5.732661321075751e7,7.723965028680661,0.0508991358914354
12,255,Lower Subansiri,2021,2.9727951829323713e6,2.369176129328555e7,53338.60786136371,6.031390632521447e7,7.9695235747509345,0.04928871903774507
12,255,Lower Subansiri,2022,3.0443840502995662e6,2.3175263865819044e7,55102.770942464645,6.240122062766927e7,7.612463960826036,0.04878725159023025
12,255,Lower Subansiri,2023,3.137369704600432e6,2.372492752099278e7,57132.41234731509,6.4674298928565405e7,7.562043926861444,0.04851030094761051
12,256,Kurung Kumey,2016,2.3014882905005515e6,2.8339577531602014e7,29800.518720465203,5.430508375186503e7,12.31358753749663,0.042380715238681685
12,256,Kurung Kumey,2017,2.6457085656645256e6,2.8458804001817048e7,31294.94359876805,6.211568869054074e7,10.756590643107744,0.04259324208486843
12,256,Kurung Kumey,2018,1.8878788785212124e6,1.5733157994905815e7,30147.679545985622,5.1606270769439355e7,8.333775102791392,0.03658235424442242
12,256,Kurung Kumey,2019,2.295136900753045e6,1.754071992911752e7,30650.03338699899,5.760158377318857e7,7.6425593276646495,0.03984503116772541
12,256,Kurung Kumey,2020,2.215804624469947e6,1.916238666597975e7,32342.55951751056,5.8728501870048255e7,8.648048864219549,0.03772962963320567
12,256,Kurung Kumey,2021,1.955082198493108e6,1.6685812710765902e7,31420.308087767255,5.556231212935816e7,8.53458372421712,0.035187200164409224
12,256,Kurung Kumey,2022,1.1287972014223527e7,1.7517861115621086e7,33371.546719019825,6.396756727996706e7,1.55190508034105,0.17646398783338788
12,256,Kurung Kumey,2023,1.0552659578956442e7,1.912780080823981e7,33626.147971374296,5.811848830224035e7,1.8126047433941168,0.18157147384973635
12,257,Dibang Valley,2016,1.102239124161985e6,1.4132914516958874e7,9413.080245462337,2.481324130700827e7,12.822004052617807,0.044421408332923754
12,257,Dibang Valley,2017,947385.8295692602,1.529315419133896e7,9153.224120123186,2.0183436031659774e7,16.142477240019694,0.04693877831718985
12,257,Dibang Valley,2018,962945.1093845894,1.2822984606799738e7,8442.049403894,2.0807405217861522e7,13.316423212320801,0.046278961711092005
12,257,Dibang Valley,2019,911111.2857380577,9.628739677593326e6,7938.560689065419,1.886242933294654e7,10.568126888905168,0.04830296615858712
12,257,Dibang Valley,2020,897060.118842865,7.404763160285108e6,10455.341012644181,2.0455918425042126e7,8.254478161214717,0.04385332890967557
12,257,Dibang Valley,2021,531825.242486427,3.7648068071143487e6,7306.613161005193,1.3473500357126992e7,7.079029926283412,0.0394719433250403
12,257,Dibang Valley,2022,3.0546530874593705e6,1.214216189190156e7,16212.513302389563,5.0161085282525264e7,3.9749724581656154,0.06089686995914196
12,257,Dibang Valley,2023,651469.2148884122,4.30704619430171e6,10014.59415146794,1.7046731612668507e7,6.611281233050205,0.038216664032198644
12,258,Lower Dibang Valley,2016,2.386495269312892e6,1.6752660060342975e7,37273.265532618294,6.743029767262179e7,7.019775096879332,0.03539203224193778
12,258,Lower Dibang Valley,2017,2.429839062318413e6,1.5062947272876468e7,42193.12854354299,6.721798625697382e7,6.199154300575063,0.03614864409994608
12,258,Lower Dibang Valley,2018,2.511628089823798e6,1.6398306892689915e7,38837.14507824521,6.921746390206036e7,6.528955046780167,0.03628604615415613
12,258,Lower Dibang Valley,2019,2.58953204062894e6,1.8281170119867463e7,39657.607078882225,6.871548242103249e7,7.0596423728463975,0.03768484116523257
12,258,Lower Dibang Valley,2020,2.6231577407533578e6,1.687312076498278e7,40674.011113692024,6.869139020021829e7,6.432369850597282,0.03818757682887923
12,258,Lower Dibang Valley,2021,2.713191828671457e6,1.8452527494641587e7,41176.32951329696,7.111016039943704e7,6.8010404939473315,0.038154770196425214
12,258,Lower Dibang Valley,2022,3.2868099236470144e6,1.6263683013707856e7,48544.14487294529,7.362913497455576e7,4.948166578389121,0.044640072503674626
12,258,Lower Dibang Valley,2023,2.9197267703926787e6,1.665871562831918e7,50222.05582470827,7.047931408956036e7,5.705573479424831,0.04142671942979591
12,259,Lohit,2016,5.665903083885227e6,3.627089638406647e7,97360.26849752832,1.5544142760296795e8,6.401609036911864,0.036450405604593436
12,259,Lohit,2017,5.68921245553764e6,3.417022181360415e7,104423.13047022076,1.5825597982459408e8,6.0061426920951595,0.035949431180062726
12,259,Lohit,2018,5.881931626912736e6,3.522106212045886e7,104217.91515461486,1.6588859014653414e8,5.988009442222202,0.0354571198761594
12,259,Lohit,2019,6.254927879043874e6,3.777694368380231e7,111839.55654227237,1.6964346871152347e8,6.039549042662483,0.03687102089194072
12,259,Lohit,2020,6.480751720041569e6,3.749409467949208e7,121838.35466034176,1.736073956089193e8,5.785454573663498,0.0373299288161697
12,259,Lohit,2021,6.751432654508993e6,4.336239921888879e7,116173.75107890792,1.8112556175116423e8,6.422695957713345,0.03727487489471152
12,259,Lohit,2022,7.4288354434533985e6,4.088717805896632e7,128676.06309526254,1.827867499659046e8,5.503847590943452,0.04064208945582274
12,259,Lohit,2023,7.063125271819158e6,3.999169911825428e7,131887.0929896913,1.8688329019743416e8,5.662040184649611,0.037794311435534286
12,260,Anjaw,2016,2.0202277607181459e6,4.111818828138679e7,20245.319156523037,4.799722116577435e7,20.353243867300485,0.042090515068374856
12,260,Anjaw,2017,1.1384138925528892e6,1.8622126814816415e7,15650.015107581408,2.9050624300271902e7,16.357958152685892,0.039187243647023244
12,260,Anjaw,2018,1.5304054282557056e6,1.761386216076846e7,18687.793579528232,3.6425424652485445e7,11.509278414442132,0.04201475872571002
12,260,Anjaw,2019,1.1551389561819294e6,1.1632517034770908e7,16941.950216378682,3.088034942686122e7,10.070231786849059,0.03740692633410209
12,260,Anjaw,2020,1.0307426968056082e6,7.145926741019766e6,16844.32694292348,2.7829071935190715e7,6.9327939583426845,0.03703834246452906
12,260,Anjaw,2021,1.0107858524699649e6,7.135822747144209e6,16357.848435821039,2.6549981346143536e7,7.0596781006649945,0.038071056973333225
12,260,Anjaw,2022,2.627091375076639e6,9.384416392131552e6,20553.523954629873,4.0675104838154875e7,3.572169769640306,0.06458720599565172
12,260,Anjaw,2023,1.132779649790671e6,7.319619771756605e6,18995.135406842383,3.0387728456832107e7,6.461644833670181,0.037277536272573436
13,261,Mon,2016,4.6014340778951375e6,4.555548557376062e7,93864.59163239032,1.514962871722082e8,9.90027995676499,0.030373246524943647
13,261,Mon,2017,4.753831849998153e6,4.1082110942048796e7,100336.93497923634,1.728819664862209e8,8.641894000113773,0.027497557707252505
13,261,Mon,2018,4.907005254808271e6,3.945940806430544e7,105115.31794911424,1.9451610068038836e8,8.04144402039105,0.025226730525875738
13,261,Mon,2019,5.256092888916074e6,4.444829334187951e7,106901.54347102635,2.0976074486711472e8,8.456527363816388,0.025057562091733872
13,261,Mon,2020,5.310656766847865e6,4.596457849925895e7,108435.52311288849,1.9939119771899894e8,8.655158960035969,0.02663435912718749
13,261,Mon,2021,5.429404538562141e6,4.4643313210409835e7,113592.84839923155,2.0336180778264394e8,8.222506334411515,0.026698250756922694
13,261,Mon,2022,5.045507415723814e6,4.0690533151718326e7,112176.15043817743,1.8693051949089307e8,8.064705846018656,0.026991351810636905
13,261,Mon,2023,4.779626674607936e6,3.6895145492336705e7,102029.94467134151,1.5228240471680456e8,7.719252570152489,0.031386598363064185
13,262,Mokokchung,2016,4.628139303775553e6,4.9521378410148785e7,92799.16745684318,8.778158128988588e7,10.700062197728174,0.052723353074397204
13,262,Mokokchung,2017,4.590657008442765e6,4.371601610674078e7,96654.0209825691,8.458130680767463e7,9.522823427309385,0.05427507781218419
13,262,Mokokchung,2018,4.72092985032762e6,4.057719635184476e7,104736.98072010314,9.174047247023591e7,8.59517036649651,0.051459619982437615
13,262,Mokokchung,2019,4.839752047837861e6,4.541632753828053e7,103504.9496982429,9.425060723015088e7,9.384019488884784,0.05134982351911701
13,262,Mokokchung,2020,4.994780735249821e6,4.577544032673631e7,104446.59769371955,9.497990553210784e7,9.164654617105386,0.05258776271957168
13,262,Mokokchung,2021,5.1028444398663575e6,4.604812648826713e7,109201.69742694031,9.700884067270602e7,9.024011417732563,0.05260184952712327
13,262,Mokokchung,2022,4.979829117264833e6,4.331884690683484e7,106260.79656638185,9.549578208908165e7,8.698862126945368,0.05214711067154236
13,262,Mokokchung,2023,4.93095798184645e6,4.000530617491682e7,107504.7090919835,8.989036625249693e7,8.113090057185278,0.05485524408695443
13,263,Zunheboto,2016,3.1032021877860366e6,3.3009488431708265e7,68247.97075037638,6.4062384149303e7,10.637234196866403,0.04844031687228112
13,263,Zunheboto,2017,3.114277015297986e6,2.9681499766995784e7,71383.7576022743,6.5998130197273284e7,9.53078342780491,0.047187352217239825
13,263,Zunheboto,2018,3.161723508917337e6,2.7011434331364926e7,76207.77750919612,7.184167952528723e7,8.54326263988036,0.0440095990211985
13,263,Zunheboto,2019,3.22404479745781e6,2.901866174504013e7,73489.84135491624,7.508601433930376e7,9.000700538628253,0.0429380201603028
13,263,Zunheboto,2020,3.324704671565487e6,3.0480824847000152e7,74983.72530070407,7.594459502535234e7,9.16797967280739,0.043778028843996224
13,263,Zunheboto,2021,3.412121477012972e6,3.039657596049112e7,75316.31660646401,7.572275555410539e7,8.908409669840006,0.04506071460348461
13,263,Zunheboto,2022,3.3400462827685475e6,3.126622583073196e7,78873.38133935451,7.5704024630733e7,9.361015741618868,0.04411979810928855
13,263,Zunheboto,2023,3.249735607786867e6,2.8445400265130293e7,75714.96197626683,6.508262304780561e7,8.753142931680575,0.049932462085921385
13,264,Wokha,2016,2.6558502936691353e6,2.54207013933216e7,55952.41943646699,5.7906994969558045e7,9.571586717036732,0.0458640669415729
13,264,Wokha,2017,2.66985556917406e6,2.29578403079491e7,58558.29642661539,5.387502191849723e7,8.598907211692833,0.049556463721036614
13,264,Wokha,2018,2.7622453500398938e6,2.1180198343138468e7,63624.77394185016,5.857469834026884e7,7.667746944648697,0.04715765387289941
13,264,Wokha,2019,2.8495062952779215e6,2.384770115923854e7,61677.251308876,6.140671240366115e7,8.369064212547247,0.04640382433351098
13,264,Wokha,2020,2.9187635844151527e6,2.3770344042287998e7,62826.50877416777,6.3894198185091145e7,8.14397718582301,0.045681199034065145
13,264,Wokha,2021,3.0413490634930367e6,2.5795597761623412e7,64585.07014936146,6.409234700582108e7,8.481630100030927,0.0474526087056355
13,264,Wokha,2022,3.0436603796049603e6,2.4937337249358788e7,66833.57551383562,6.587660806146983e7,8.193206251413448,0.046202445286267685
13,264,Wokha,2023,3.0179623348566648e6,2.379211607539712e7,69586.03160781645,6.2889609458046116e7,7.883503316328533,0.04798825053715683
13,265,Dimapur,2016,1.3033499197090466e7,1.116004823931376e8,222212.21920852605,1.6959246288595665e8,8.562587890292022,0.07685187758523745
13,265,Dimapur,2017,1.3234393043562226e7,1.0946542682550494e8,235647.18584397293,1.707899059028492e8,8.271284256496644,0.07748931632464494
13,265,Dimapur,2018,1.4009427854733244e7,1.0093645117986724e8,251667.9318174068,1.741051699618987e8,7.204894605725438,0.08046531793282805
13,265,Dimapur,2019,1.4830781536653837e7,1.2031561934064709e8,240839.00379048762,1.794545485810125e8,8.11256096270386,0.08264366467121712
13,265,Dimapur,2020,1.5034539816245254e7,1.1961011758092831e8,252159.78143741112,1.814840059473728e8,7.955688637153106,0.08284223029882319
13,265,Dimapur,2021,1.5691420011326076e7,1.2427362392042592e8,267611.5170943286,1.8628824100031403e8,7.9198456118519,0.08423194039015927
13,265,Dimapur,2022,1.6126613046086501e7,1.1660040832887833e8,307156.4911085243,1.9464979182145366e8,7.2303097988188,0.08284937217337973
13,265,Dimapur,2023,1.5831126536025137e7,1.1627363353147535e8,298028.1427559952,1.9256067325979626e8,7.34462157616417,0.08221370577919783
13,266,Phek,2016,3.163319080874002e6,3.0621661351269353e7,69449.26304212716,6.588268863192401e7,9.680231607495255,0.04801441997224729
13,266,Phek,2017,3.3162166501696254e6,2.987587421273919e7,73163.83494023922,7.219617587361367e7,9.009023644824602,0.04593341143130601
13,266,Phek,2018,3.3616044191654e6,2.731175940294431e7,77291.17708750826,7.716690506089538e7,8.124620269783296,0.043562773659415625
13,266,Phek,2019,3.488845591231467e6,2.8415538526018158e7,76295.3119689351,8.11212289667356e7,8.14468218296478,0.043007800000935584
13,266,Phek,2020,3.562744536655007e6,2.952604280882775e7,79754.53902741693,8.490890567011335e7,8.287443150933631,0.041959609637379165
13,266,Phek,2021,3.7518034997030874e6,3.1682132509115722e7,82592.30781128694,8.781333799777113e7,8.444507424662033,0.0427247566855768
13,266,Phek,2022,3.70904601666463e6,3.124048858374314e7,84894.22402459195,8.60757056131817e7,8.42278268950576,0.04309050957226918
13,266,Phek,2023,3.7072297074770313e6,2.9200548043118864e7,83509.52613808415,7.826835765066634e7,7.8766492360117075,0.047365625378565354
13,267,Tuensang,2016,3.29121754389596e6,3.661500079291678e7,73568.81323622592,8.149293790012638e7,11.125062474470765,0.04038653690371931
13,267,Tuensang,2017,3.3641251997900973e6,3.2292106118755218e7,78461.04239205831,8.05248907389744e7,9.598960859355076,0.041777457490691706
13,267,Tuensang,2018,3.432741291493283e6,2.984115414006679e7,83637.8639204623,8.899191326405485e7,8.693097325457211,0.03857363175581728
13,267,Tuensang,2019,3.551799389702004e6,3.221976885701009e7,84693.93818625287,1.0278732644111139e8,9.071393207180355,0.03455483776725033
13,267,Tuensang,2020,3.645525742667241e6,3.362932720929337e7,86734.90071178981,9.832035632237668e7,9.224822311826154,0.03707803631949976
13,267,Tuensang,2021,3.7735132003028896e6,3.3259782271486554e7,88473.27763066758,9.87427914995864e7,8.814009785050409,0.03821558154266578
13,267,Tuensang,2022,3.674718755911303e6,3.4471255967532426e7,88659.3074234613,1.0371625962520678e8,9.38065148852019,0.03543049825736498
13,267,Tuensang,2023,3.6660258387186336e6,3.264755346498852e7,86432.16045315917,8.434001092115119e7,8.905434631742706,0.043467220346295334
13,268,Longleng,2016,1.1523649273817576e6,1.2614010107709952e7,23969.26747525618,3.480106694422871e7,10.946194046680803,0.03311291947538585
13,268,Longleng,2017,1.153870210883417e6,1.1012739126332624e7,24351.339467782753,3.630423201273361e7,9.544174918859495,0.03178335270881643
13,268,Longleng,2018,1.1780631732297915e6,1.0291702036367433e7,26672.83678389518,4.256688758093596e7,8.73612066842866,0.02767557696084408
13,268,Longleng,2019,1.2563931157968591e6,1.175049013137779e7,26919.60778412446,4.7511792093730845e7,9.352558513443556,0.0264438165859595
13,268,Longleng,2020,1.2907997593792868e6,1.191410587440019e7,26617.42677724185,4.597691851321614e7,9.230018666976964,0.02807495154352818
13,268,Longleng,2021,1.3054091539576876e6,1.1853220536761912e7,27736.419027409065,4.642415696485907e7,9.080080755390592,0.02811917844724292
13,268,Longleng,2022,1.2886522913766669e6,1.174113249060606e7,28411.23455460937,4.6377850935638785e7,9.111171856966173,0.027785942327621084
13,268,Longleng,2023,1.2281553856408899e6,1.0917442970369924e7,26159.1719406714,3.6532430155196846e7,8.889301059143149,0.03361822305341987
13,269,Kiphire,2016,1.2650555244253287e6,1.188285955347067e7,31424.930643145562,2.561561235703125e7,9.393152572388983,0.04938611292179719
13,269,Kiphire,2017,1.3350588971993614e6,1.1311480403005425e7,34098.56403550848,2.8297155460926007e7,8.472645234404446,0.04717996828489956
13,269,Kiphire,2018,1.339424543785892e6,1.046042568699969e7,36919.77280448893,2.8124087832207415e7,7.8096416371714605,0.047625528400320125
13,269,Kiphire,2019,1.402038827720972e6,1.1001041302915102e7,36828.84959922086,3.056005483468137e7,7.8464598022562635,0.04587815157091456
13,269,Kiphire,2020,1.4633739127379823e6,1.170009765873009e7,38861.123905715016,3.283621251614966e7,7.995289212747498,0.044565855822082376
13,269,Kiphire,2021,1.5899985020910471e6,1.3248767159581054e7,40620.53032579879,3.2947825664453123e7,8.33256581195345,0.04825807075355722
13,269,Kiphire,2022,1.6263582323498582e6,1.292298421685634e7,43322.20095999106,3.425820089990043e7,7.945964154640427,0.04747354471713035
13,269,Kiphire,2023,1.709496024791137e6,1.3479962555185871e7,43816.29985724166,3.373596856938955e7,7.8853430249028085,0.050672801086916304
13,270,Kohima,2016,6.179725760879202e6,6.73497731575184e7,117055.1850056062,9.112487375079656e7,10.898505170549253,0.06781601451409619
13,270,Kohima,2017,6.450041942231957e6,6.389702111050306e7,126594.80369192443,9.350302330163144e7,9.90645048245877,0.06898217527603107
13,270,Kohima,2018,6.7683842308123605e6,5.960545627018478e7,136424.18847910027,9.988995010720742e7,8.806452801369813,0.06775841036608944
13,270,Kohima,2019,6.982347864059882e6,6.4976182822915986e7,136070.03568157335,1.0687149636858535e8,9.305778527215288,0.06533405165376097
13,270,Kohima,2020,7.125634468590106e6,6.691699848963813e7,143061.7779007405,1.09567981963017e8,9.391023183213955,0.06503391174070593
13,270,Kohima,2021,7.456618416133021e6,6.925981747299965e7,146455.84606560227,1.1301255538546261e8,9.288368213015998,0.06598044253313295
13,270,Kohima,2022,7.318631990481258e6,6.723659205454238e7,150828.26026205183,1.1429645972058822e8,9.187043718278426,0.06403200946357006
13,270,Kohima,2023,7.3491635103381965e6,6.178687758950403e7,145786.65980870003,1.0795494067105928e8,8.407334726270188,0.06807621276668786
13,271,Peren,2016,2.120819193093796e6,1.595342267088048e7,42994.524838225276,4.90117435517961e7,7.52229267013,0.0432716536772966
13,271,Peren,2017,2.1820099089843035e6,1.5936922545922702e7,44460.78587498402,5.054250520276501e7,7.303781014148156,0.04317177987578133
13,271,Peren,2018,2.2328172465213896e6,1.4088093203456162e7,48270.75271408486,5.376683782632889e7,6.309559470397616,0.04152777691211011
13,271,Peren,2019,2.3881149649630412e6,1.6230819339343924e7,48916.046995068275,5.7158333271660544e7,6.796498316652488,0.04178069632669089
13,271,Peren,2020,2.445951261860445e6,1.6377160040788319e7,50737.802593147004,5.867394719728861e7,6.695619939839474,0.04168717767761627
13,271,Peren,2021,2.517217099274096e6,1.762668878997051e7,51205.23668002014,5.893840439738817e7,7.002450760029246,0.042709284803537126
13,271,Peren,2022,2.6249095916345688e6,1.7167096858359877e7,56644.27269242184,5.992746091829809e7,6.540071670685496,0.04380144847473566
13,271,Peren,2023,2.5632282395785693e6,1.6076154488836588e7,55032.591219887094,5.678823225761718e7,6.271838863432518,0.04513660907687007
14,272,Senapati,2016,7.751234092104392e6,5.844059598614001e7,164788.06831162362,1.7004942990230545e8,7.539521486735786,0.045582240978740876
14,272,Senapati,2017,8.071685440218141e6,6.021858459782487e7,162783.43866953583,1.7890265952138865e8,7.4604721707536505,0.045117749852417
14,272,Senapati,2018,8.323939784527061e6,5.444933729936119e7,181638.67186135193,1.9064160217802542e8,6.54129399164735,0.04366276662296395
14,272,Senapati,2019,8.7707622533091e6,5.986431845840854e7,178366.12085812417,1.982356968505017e8,6.825440791742185,0.04424411139192313
14,272,Senapati,2020,9.13044592314917e6,6.121449385234091e7,189475.26414048913,2.1140756292763862e8,6.7044363843324195,0.04318883296655936
14,272,Senapati,2021,9.71739502727935e6,6.720481063812584e7,197348.0819156492,2.2494178222472426e8,6.915928646459652,0.043199600052832125
14,272,Senapati,2022,1.0237593535275688e7,6.630059412512102e7,220773.05294449546,2.248312438485179e8,6.476189340460625,0.04553456788316023
14,272,Senapati,2023,1.0021581323176231e7,6.095262206697357e7,214506.55247788137,2.131337388780024e8,6.08213615210731,0.04702015446232366
14,273,Tamenglong,2016,3.3819070232837256e6,2.9901305834988363e7,68201.02062263186,8.196982262667356e7,8.841551713019932,0.04125795219402157
14,273,Tamenglong,2017,3.438280085193894e6,2.9477746881775454e7,68159.82395846973,8.662651231075755e7,8.57339895278285,0.03969085206685526
14,273,Tamenglong,2018,3.492098684222576e6,2.5981269479467664e7,75411.63573268836,9.654920873087472e7,7.440015826829851,0.036169107236876455
14,273,Tamenglong,2019,3.6206604339123424e6,2.8086760519842423e7,74681.43313627281,1.0032999595981157e8,7.757358369421288,0.036087516991056626
14,273,Tamenglong,2020,3.774828934890551e6,2.8521134240015592e7,77721.03751678225,1.0341384153655791e8,7.5556097327739025,0.03650216333522537
14,273,Tamenglong,2021,4.0215888121235813e6,3.2811914932382796e7,80641.27358471385,1.1139154863390394e8,8.158943259804976,0.03610317713905579
14,273,Tamenglong,2022,4.100106463273137e6,3.15569625688228e7,84093.34395955395,1.1031566860155486e8,7.696620283276915,0.037167036335356514
14,273,Tamenglong,2023,4.205104993073636e6,3.1006825575428367e7,86441.95839865807,1.0511845232390854e8,7.373615076555927,0.04000349034930769
14,274,Churachandpur,2016,5.838730344433142e6,4.336417458135904e7,113332.96103176632,8.779239731890316e7,7.426987037122553,0.0665061044320744
14,274,Churachandpur,2017,6.147064356483157e6,4.65885960870791e7,111636.22271884538,9.592937396154256e7,7.578999240172792,0.06407906257104809
14,274,Churachandpur,2018,6.381744829702244e6,4.133703996815123e7,123138.98233858527,1.0320583077445236e8,6.477388405715981,0.061835119021996045
14,274,Churachandpur,2019,6.71774968779908e6,4.512024313135038e7,123676.06117298224,1.0913382641405101e8,6.716571058504714,0.06155515579846074
14,274,Churachandpur,2020,7.021664566706895e6,4.968977513703156e7,125178.82238730598,1.1725345814538145e8,7.076637550109528,0.0598844987411868
14,274,Churachandpur,2021,7.37189377018128e6,4.958486001846071e7,137812.7880270674,1.2149724871537225e8,6.726203817400015,0.06067539675282015
14,274,Churachandpur,2022,7.687608480270512e6,4.767085000115128e7,156322.04219191274,1.202238026490579e8,6.200998675139844,0.06394414675695466
14,274,Churachandpur,2023,7.727799835309627e6,4.511229464733706e7,150997.15800562187,1.0870884523965994e8,5.837663449978523,0.07108713019876983
14,275,Bishnupur,2016,7.124365348383352e6,4.9577079105612e7,133319.80878439115,7.878926787936197e7,6.958806389240263,0.09042304288563525
14,275,Bishnupur,2017,7.535999930262558e6,5.204118099481817e7,129607.05726726922,8.154834523307674e7,6.905676947505628,0.09241143899025298
14,275,Bishnupur,2018,7.813393944639129e6,4.830545139598268e7,142402.49579986153,8.500183501535691e7,6.1823903592018015,0.09192029728802345
14,275,Bishnupur,2019,8.24057752563382e6,5.4401406771372244e7,140404.47216015978,8.74052504353056e7,6.601649775412796,0.09428012029704344
14,275,Bishnupur,2020,8.468804767165504e6,5.660800890031749e7,143848.21519186435,9.110706672132735e7,6.684297307194165,0.09295442243870455
14,275,Bishnupur,2021,8.776869522787541e6,5.744057449821862e7,157665.96465862505,9.596212406464076e7,6.544540094743876,0.09146180962892589
14,275,Bishnupur,2022,8.903556164965378e6,5.556251522291935e7,178177.58434519963,9.708332652849647e7,6.240485733279519,0.0917104561961209
14,275,Bishnupur,2023,9.07088654444515e6,5.3377444581910744e7,177205.6008347214,9.868445636387484e7,5.884479352748397,0.09191808800160453
14,276,Thoubal,2016,1.3503328576607058e7,9.286174288454257e7,259430.92207383082,1.4858506972825524e8,6.876952031324684,0.09087944435671141
14,276,Thoubal,2017,1.5147139053409882e7,1.0351995388100679e8,255819.39968515935,1.5596024521040517e8,6.834290852945109,0.09712179557665451
14,276,Thoubal,2018,1.5618207615992751e7,9.61896974463769e7,283023.6388982974,1.613466878157514e8,6.15881795218809,0.09679905938836403
14,276,Thoubal,2019,1.667665460683069e7,1.1138070890944947e8,275952.78081018035,1.6610024743414143e8,6.678840063271946,0.10040114246935704
14,276,Thoubal,2020,1.7372350759336315e7,1.2082841353509219e8,278062.75497795787,1.7163958917153803e8,6.955213788217816,0.10121412456874529
14,276,Thoubal,2021,1.7633589111058593e7,1.0947094434936418e8,316848.4609095371,1.7968276706241196e8,6.208092048640933,0.09813734171253968
14,276,Thoubal,2022,1.8059764069430284e7,1.0916560001356894e8,362281.68569944915,1.8491409341579357e8,6.044685832765294,0.09766569835659586
14,276,Thoubal,2023,1.8641878131917592e7,1.0854415590248673e8,362182.44928251725,1.8540880952313885e8,5.8225976553641035,0.10054472697313287
14,277,Imphal West,2016,1.759212626283872e7,1.3469630145227313e8,321253.9659176807,1.4193345180274582e8,7.65662430111152,0.1239463004626115
14,277,Imphal West,2017,1.8483440894530684e7,1.3466651008479145e8,325873.88761081616,1.4531163173230314e8,7.2857922317180535,0.12719863285673758
14,277,Imphal West,2018,1.9317119407004293e7,1.3114730529816145e8,356747.4306221445,1.5042048438159844e8,6.789175059435005,0.12842080310018889
14,277,Imphal West,2019,2.0285434201621562e7,1.4782063728486872e8,351145.2158009851,1.5428306530428913e8,7.287033435698031,0.1314819235773741
14,277,Imphal West,2020,2.0924701100945454e7,1.527257905315335e8,361841.7042389117,1.5899444093021977e8,7.298827820514616,0.13160649503543956
14,277,Imphal West,2021,2.1416316168035623e7,1.4688051674747702e8,385201.8366181633,1.643247973908624e8,6.858346486624053,0.1303291804285317
14,277,Imphal West,2022,2.1829150580800693e7,1.4698983986137438e8,435748.5404499644,1.691882115475758e8,6.733649086220321,0.12902288156561267
14,277,Imphal West,2023,2.205488785819165e7,1.443427515099644e8,429852.2715538496,1.7125987780603164e8,6.544705755842348,0.12878023820133133
14,278,Imphal East,2016,1.3625377833673703e7,1.04933656987281e8,251788.7098332296,1.2725770698460476e8,7.701339241246462,0.10706917605644158
14,278,Imphal East,2017,1.4392578401176108e7,1.0661856969253641e8,251491.6973007575,1.300844055352137e8,7.407885280918389,0.1106403057457956
14,278,Imphal East,2018,1.4992769539804261e7,1.0050227903979787e8,276673.6605405837,1.3366116652002527e8,6.703383172333481,0.11216997374894246
14,278,Imphal East,2019,1.5650428956036681e7,1.1269516008237004e8,269807.12250017666,1.3615703033579582e8,7.200771327031345,0.11494396519547304
14,278,Imphal East,2020,1.60300243896092e7,1.1459197648601387e8,279885.2326105416,1.402205575712776e8,7.148584038355761,0.11432007308529452
14,278,Imphal East,2021,1.6442696774462758e7,1.118324546228805e8,299552.4909722537,1.4492954469147137e8,6.8013450686853325,0.11345303546951913
14,278,Imphal East,2022,1.681620384071367e7,1.1289549598953697e8,341605.46921031375,1.4760431260631517e8,6.713494737510613,0.1139275915708861
14,278,Imphal East,2023,1.7076214996587213e7,1.1219151843835548e8,334978.2390448791,1.4803722876286384e8,6.57004602371062,0.11535081505707637
14,279,Ukhrul,2016,4.0387278928504726e6,3.48557531215254e7,87162.76662571682,8.989773075580959e7,8.630379180342537,0.044925804677104955
14,279,Ukhrul,2017,4.214563895577307e6,3.490132493287686e7,88435.44994430478,9.425011703706723e7,8.281123693367594,0.044716802780412235
14,279,Ukhrul,2018,4.289028788666775e6,3.2022963590769533e7,96613.23944774896,9.932448424037223e7,7.466250558957829,0.043181989027871764
14,279,Ukhrul,2019,4.4898155066794325e6,3.5092174502180606e7,93445.40063961617,1.022765059765357e8,7.815950221111423,0.04389879634438712
14,279,Ukhrul,2020,4.618240986786702e6,3.618479906633408e7,98440.31257672145,1.1062032769755667e8,7.835190751167554,0.041748574452005596
14,279,Ukhrul,2021,4.9324093472522795e6,3.965068078087735e7,101592.96914841411,1.1674550213491881e8,8.038805782201702,0.04224924521333646
14,279,Ukhrul,2022,4.9461264917826895e6,3.52820069101834e7,110014.35589487285,1.1670691184038374e8,7.133260131700961,0.042380750323916944
14,279,Ukhrul,2023,5.054016490095955e6,3.496515071011311e7,109787.4798695683,1.1295619275687423e8,6.9182897955778655,0.04474315543703008
14,280,Chandel,2016,2.4736330575563787e6,1.809594010413894e7,50196.650501551434,4.5212971060006894e7,7.315531318948062,0.054710694731238955
14,280,Chandel,2017,2.6533140245945593e6,1.920212395913346e7,49590.54515498767,4.950786792569317e7,7.237034056708628,0.05359378490257233
14,280,Chandel,2018,2.746021523789372e6,1.808936473663081e7,55968.581231629825,5.219384860123698e7,6.587481044820215,0.052611976265040016
14,280,Chandel,2019,2.9589338335886872e6,2.039818004310409e7,55183.063415356235,5.532242409295727e7,6.89376011438706,0.05348525271808126
14,280,Chandel,2020,3.087583333968089e6,2.158335821846291e7,57295.67498903093,5.902320651686198e7,6.990372690839891,0.05231134525173613
14,280,Chandel,2021,3.204169661583655e6,2.1439109131601915e7,63424.47716791539,6.093142800878907e7,6.691003097821504,0.05258648560019747
14,280,Chandel,2022,3.277266207235344e6,2.063554827483577e7,69161.1231184971,6.197223749933365e7,6.2965737202787775,0.05288281236046355
14,280,Chandel,2023,3.3941535699013197e6,2.009742102203809e7,67904.96701164678,5.937655344319088e7,5.921187892103066,0.05716319612839621
15,281,Mamit,2016,2.0363500301563668e6,2.0969882084852178e7,42910.91477054758,6.698618038681065e7,10.29777875822358,0.030399554331915855
15,281,Mamit,2017,2.076001265667043e6,2.120820575900844e7,42265.91625483295,6.654847271316636e7,10.215892499561653,0.031195325467722024
15,281,Mamit,2018,2.1017122742908876e6,1.9732996721187096e7,45636.99485168631,7.408879543157935e7,9.389009600681407,0.02836747799782774
15,281,Mamit,2019,2.2280060377511205e6,2.031514429948998e7,47004.14205654632,7.905768790652956e7,9.1180831448713,0.028182028803894532
15,281,Mamit,2020,2.2971266525136875e6,2.1875422231950518e7,48573.33805023677,8.244768532955731e7,9.522949989724248,0.027861626961771996
15,281,Mamit,2021,2.471139263481185e6,2.4239954202674814e7,51039.91365310494,8.989081821747856e7,9.809222232391345,0.027490452445349877
15,281,Mamit,2022,2.537507003994788e6,2.200495187910547e7,56863.29391577221,9.572692009246704e7,8.671878282291697,0.026507768154910794
15,281,Mamit,2023,2.570394954523936e6,2.2083339088642135e7,57048.35518967487,9.030569183634728e7,8.591418626065659,0.02846326629313717
15,282,Kolasib,2016,2.0015607263364908e6,2.264905455042497e7,40519.53420816377,5.250348458473883e7,11.315696922111442,0.03812243591386854
15,282,Kolasib,2017,2.0732915068717266e6,2.244229479800311e7,40625.920249648196,5.341416792291284e7,10.824476309105723,0.03881538527126163
15,282,Kolasib,2018,2.0868776593710838e6,2.1413281919952903e7,43986.791744343755,5.691957737491958e7,10.260918661808935,0.03666361831229307
15,282,Kolasib,2019,2.1979803120425884e6,2.2138211725049615e7,43903.039097747176,5.885126320130591e7,10.072070074402314,0.03734805665129402
15,282,Kolasib,2020,2.257721227375249e6,2.389218623311741e7,45632.13339043621,6.059895422012867e7,10.582434156804055,0.037256768807824074
15,282,Kolasib,2021,2.424031220925216e6,2.6644282263227362e7,48210.36185980074,6.700371359797793e7,10.991724047620822,0.0361775652536126
15,282,Kolasib,2022,2.4536969400040475e6,2.4070254686187215e7,52505.965820533056,7.129259403933822e7,9.809791214944218,0.034417276760193814
15,282,Kolasib,2023,2.469423785096278e6,2.3378135331892077e7,53462.23356930657,6.850430904264706e7,9.467040640406163,0.0360477146562992
15,283,Aizawl,2016,7.224205264152235e6,1.1006818508570758e8,138970.75738777276,1.2838801977187882e8,15.236026810019515,0.05626853095007057
15,283,Aizawl,2017,7.613288802703812e6,1.1176817775100958e8,135967.84649351978,1.3536291277573147e8,14.680669635350732,0.05624353559322018
15,283,Aizawl,2018,7.71578182281296e6,1.0691426899411392e8,152799.96240598973,1.395640845045688e8,13.856569748771868,0.05528486680654846
15,283,Aizawl,2019,7.960214383447896e6,1.0882029088492277e8,151819.47411222968,1.4378866442913985e8,13.670522632053565,0.055360514092338275
15,283,Aizawl,2020,8.198884160252139e6,1.2035830799073492e8,158457.16522777805,1.4244158802324218e8,14.679840041432366,0.057559623379896105
15,283,Aizawl,2021,8.639878866142422e6,1.2639348233990899e8,165644.77454308627,1.5592944293401113e8,14.62908037232029,0.055408899714974244
15,283,Aizawl,2022,8.40275011396022e6,9.848819982636733e7,173892.6752686512,1.549879180324755e8,11.720948319377047,0.054215517058559
15,283,Aizawl,2023,9.026342303423934e6,1.0873902261710465e8,178109.92644685574,1.477339953428577e8,12.046853416566865,0.061098613643229535
15,284,Champhai,2016,1.920756723141457e6,1.7467801469722237e7,40514.255961002156,5.482955599710095e7,9.09422898760084,0.03503141121994522
15,284,Champhai,2017,1.9958521505185491e6,1.7406281974183872e7,41365.73472444046,6.203824763565411e7,8.721228157938196,0.03217131731766565
15,284,Champhai,2018,1.9942051963624337e6,1.5542415305070436e7,42637.97320106238,6.2956947605461076e7,7.7937893920950865,0.03167569699947541
15,284,Champhai,2019,2.0393091702001714e6,1.6195274773439819e7,40810.472550927036,6.272630201417739e7,7.941549525739713,0.03251122901744227
15,284,Champhai,2020,2.0759541759843454e6,1.692268388085217e7,42852.915449455104,5.966760026732154e7,8.151761766527443,0.034791983701099066
15,284,Champhai,2021,2.217924801938971e6,1.8768325375455003e7,44496.841614269295,6.605427792161076e7,8.462110779881813,0.03357730750718478
15,284,Champhai,2022,2.2003294170588492e6,1.6184453387717659e7,48090.07295713808,6.622115512748547e7,7.355468350439636,0.033226986343305114
15,284,Champhai,2023,2.28663493612575e6,1.5460429729085665e7,47768.393464210254,5.792045506481694e7,6.761214693623242,0.03947888416219883
15,285,Serchhip,2016,1.3467778833835826e6,1.4781078847878003e7,26637.74558050996,3.691342781930146e7,10.975142248952517,0.036484768902425614
15,285,Serchhip,2017,1.438835820013828e6,1.5560757287733326e7,27610.009156400956,4.024769991714155e7,10.814824784931874,0.03574951669228248
15,285,Serchhip,2018,1.4642200092283015e6,1.4389455907520903e7,29758.116270215105,4.224290076750536e7,9.827386469813838,0.034661919106526606
15,285,Serchhip,2019,1.507928554868921e6,1.4767488691317912e7,28806.12433378288,4.188545455754059e7,9.793228361937611,0.03600124603631526
15,285,Serchhip,2020,1.553571266402666e6,1.539704850214547e7,30556.579916301,3.969502588292739e7,9.910744897978017,0.039137681153921314
15,285,Serchhip,2021,1.6671382546710295e6,1.77042083949147e7,31321.25922371487,4.402918447503063e7,10.619520213941831,0.037864390961328834
15,285,Serchhip,2022,1.6553180611971926e6,1.5896025655372696e7,33200.598805624664,4.620383407048484e7,9.60300381418907,0.035826422081595505
15,285,Serchhip,2023,1.6663426695215874e6,1.45724006416638e7,32698.916420510403,3.937932983165594e7,8.745140425316952,0.04231516068569712
15,286,Lunglei,2016,3.4193213863672437e6,4.0426559545827694e7,67219.67148278515,8.887429884107308e7,11.82297742090213,0.038473680591075574
15,286,Lunglei,2017,3.619622539353563e6,4.211359410323673e7,69543.71710917358,9.25307718926777e7,11.634802702592822,0.03911804111557398
15,286,Lunglei,2018,3.700907861434011e6,3.8575295330361225e7,75263.15312390095,1.020912663856273e8,10.423197975918873,0.036250974176915834
15,286,Lunglei,2019,3.782604854798422e6,3.9746435924999036e7,76573.38047514064,1.0545850720299861e8,10.507689132418552,0.03586818128875304
15,286,Lunglei,2020,3.91331978024874e6,4.233449993592094e7,78437.39725806161,1.0673544171741728e8,10.81805278208827,0.03666373340740255
15,286,Lunglei,2021,4.100876432963321e6,4.5559397500468396e7,79274.82833395324,1.1418094999319853e8,11.109673321111718,0.035915592164959216
15,286,Lunglei,2022,4.1986559024542505e6,4.3055716707756236e7,85080.21676939535,1.2095213726218596e8,10.25464284477058,0.034713366770468
15,286,Lunglei,2023,4.1374604021967375e6,3.799056244565474e7,85078.11649667786,1.0456981915395989e8,9.18209692725617,0.03956648711522667
15,287,Lawngtlai,2016,1.595041669416617e6,1.4960900204351654e7,31403.465676723925,5.226228509317939e7,9.37962969320016,0.030519937399843648
15,287,Lawngtlai,2017,1.6303779419249983e6,1.5144900183995608e7,32662.577009740846,5.299826050370328e7,9.289195955456758,0.03076285761890383
15,287,Lawngtlai,2018,1.7110148779776187e6,1.4261515486350551e7,35969.366768244814,5.940724667069546e7,8.335120675985788,0.028801450561445258
15,287,Lawngtlai,2019,1.8099218645334202e6,1.4911151051087644e7,37111.32626450488,6.171884958448989e7,8.238560649098291,0.029325268969178232
15,287,Lawngtlai,2020,1.899043186917474e6,1.583024647267437e7,38169.55379730916,6.373036450177696e7,8.335906514253642,0.029798090780800788
15,287,Lawngtlai,2021,1.9930507496383223e6,1.7166343446599144e7,39101.831416292924,6.551163424200369e7,8.61309901401874,0.030422851951393548
15,287,Lawngtlai,2022,2.0748419212991605e6,1.681624551539576e7,44424.990747206,7.165725999651887e7,8.104832152642397,0.028955083147192022
15,287,Lawngtlai,2023,2.0033932629321108e6,1.4697213979670066e7,44563.663032072596,6.316828565771677e7,7.336160229549555,0.03171517545667906
15,288,Saiha,2016,852939.1917570569,1.0456898896648787e7,15090.337461147894,1.409678847174096e7,12.259841027011023,0.060505922570016295
15,288,Saiha,2017,894837.3139869218,1.0879560322139885e7,15744.606676254627,1.353056934775965e7,12.158143331849136,0.06613449079547316
15,288,Saiha,2018,888107.0574126885,9.460619674787391e6,16352.210980409282,1.414628028479626e7,10.652566710086619,0.06278025315016436
15,288,Saiha,2019,938231.7588478198,9.808009734789776e6,16208.777117032478,1.5185788420745252e7,10.453717476835726,0.061783539507642864
15,288,Saiha,2020,967254.5815380675,1.025827596748333e7,16624.838166527825,1.5485966036592372e7,10.605559449686208,0.06246007380182194
15,288,Saiha,2021,1.0521729592792403e6,1.1120880550670538e7,17291.1654758543,1.7264962120565254e7,10.5694415092064,0.06094267406621986
15,288,Saiha,2022,1.0655645874789057e6,1.024542110435374e7,19968.116588120978,1.9444099531770833e7,9.615016513071351,0.05480143658685857
15,288,Saiha,2023,1.0566854120460523e6,9.24375838988974e6,20330.762689489016,1.7018870707218904e7,8.74788114278129,0.06208904399266853
16,289,West Tripura,2016,4.416790989952331e7,4.1494586867665786e8,900468.372757372,7.419648068807713e8,9.394736350907477,0.0595283084722114
16,289,West Tripura,2017,4.562008154623138e7,3.733484710330211e8,971608.0638029564,7.461305819401729e8,8.18386242152307,0.06114222181806957
16,289,West Tripura,2018,4.659002257812782e7,3.8080506841575485e8,1.0098126401268272e6,7.590238585458066e8,8.173532600830459,0.06138149947932913
16,289,West Tripura,2019,4.8602566370540015e7,3.834520412651891e8,1.075162752038966e6,7.731989308623545e8,7.889543081774688,0.06285907084265263
16,289,West Tripura,2020,4.945979707894016e7,3.862228804749318e8,1.0944974447882473e6,7.741646552451478e8,7.808824606750851,0.06388795554516521
16,289,West Tripura,2021,5.086001974315052e7,3.885937710735497e8,1.1260421980539826e6,7.864755610423789e8,7.640456551845576,0.06466827739153352
16,289,West Tripura,2022,5.269599024524728e7,4.110684993305483e8,1.1917514223984801e6,8.087776870996897e8,7.800754809188221,0.06515509896695751
16,289,West Tripura,2023,5.411744733201554e7,3.8761195638135487e8,1.2340699483827283e6,8.042406223075099e8,7.162421279838269,0.06729011918938255
16,290,South Tripura,2016,2.4883095378392044e7,2.2973695595681408e8,515928.7670622948,5.692395893441329e8,9.23265182499412,0.0437128686131298
16,290,South Tripura,2017,2.503890193322317e7,2.1327898718129975e8,542657.446048091,5.690441689226065e8,8.517904968440646,0.044001684404622404
16,290,South Tripura,2018,2.6323247287421033e7,2.1773066682622677e8,562830.4637707424,5.926079587080538e8,8.271421244075487,0.044419327990141096
16,290,South Tripura,2019,2.7342695426189158e7,2.1654922615474787e8,590966.2676205301,6.033956915702741e8,7.9198200023591845,0.04531470112925841
16,290,South Tripura,2020,2.764489930923174e7,2.2661491866762272e8,600367.7981258659,6.053856954407705e8,8.197350119916946,0.04566493644866185
16,290,South Tripura,2021,2.791297671137988e7,2.1872346451709175e8,610094.5587179783,6.032704806270947e8,7.835906101262217,0.046269422436126105
16,290,South Tripura,2022,2.9313042009893816e7,2.2735270944242954e8,660612.5999548566,6.304523754646829e8,7.75602577738922,0.046495251902712344
16,290,South Tripura,2023,3.0487470759130366e7,2.2308945849403825e8,689972.3368729097,6.294369719531747e8,7.317414430884779,0.04843609784237206
16,291,Dhalai,2016,9.94768391385099e6,8.586795390909666e7,205534.4557044516,2.6610508600274587e8,8.63195439790116,0.037382539594708615
16,291,Dhalai,2017,9.97810863534323e6,7.954084621898867e7,212698.4186954361,2.6764877712747395e8,7.971535400732045,0.03728060610787294
16,291,Dhalai,2018,1.0585722443929011e7,8.204898643736021e7,215998.73372292565,2.902000446682521e8,7.7509104241077,0.03647732878894036
16,291,Dhalai,2019,1.1015369787570303e7,8.586982659505482e7,223923.95121995482,3.0137005069823456e8,7.795455645252143,0.03655097698676145
16,291,Dhalai,2020,1.1245297308340868e7,8.973713453148101e7,235093.0121847954,3.1034433859311426e8,7.979969943962365,0.036234903975755565
16,291,Dhalai,2021,1.1638651386123383e7,9.061937872853129e7,242253.81181920497,3.171157742704121e8,7.7860720904980125,0.036701584501434584
16,291,Dhalai,2022,1.2305621041083971e7,9.637904940599555e7,270892.3170902192,3.2641068808414906e8,7.832115834237145,0.03769981036255641
16,291,Dhalai,2023,1.237243408799652e7,8.854024064768371e7,280658.8977924387,3.2353402789277345e8,7.156250744029715,0.038241523367974845
16,292,North Tripura,2016,1.6386359863833357e7,1.506082520167733e8,333752.4104628846,3.9476864468174404e8,9.191074361132738,0.041508767437808465
16,292,North Tripura,2017,1.6550616001767395e7,1.4155992317161742e8,346454.8080259964,3.9748448492759657e8,8.5531513241864,0.04163839503014101
16,292,North Tripura,2018,1.7438867700713273e7,1.5141182102609113e8,330689.1657005493,4.097854433202129e8,8.682434182346494,0.042556093646026034
16,292,North Tripura,2019,1.8281742650168315e7,1.5743725561296174e8,343128.9875520651,4.2470715658382356e8,8.611720371827477,0.043045525291401786
16,292,North Tripura,2020,1.8476413520592064e7,1.601247150179802e8,366423.1935336015,4.328737799704006e8,8.666439232891184,0.042683143159780806
16,292,North Tripura,2021,1.9183479630022496e7,1.7074774231181616e8,382016.46713493776,4.427368790291169e8,8.900770121213714,0.04332930130440044
16,292,North Tripura,2022,2.0460305646673307e7,1.5723732111051026e8,435937.20829210256,4.486160768420228e8,7.684993754532493,0.045607606822076215
16,292,North Tripura,2023,2.063583443328257e7,1.554321808946004e8,453124.2063180157,4.500396333583908e8,7.532149058334715,0.045853371355960425
17,293,West Garo Hills,2016,1.4467025724228341e7,1.3022889282846689e8,356307.3665034706,4.9258399655055153e8,9.00177377927578,0.029369662485053266
17,293,West Garo Hills,2017,1.533789104380452e7,1.353308906114754e8,385410.27902234154,5.1354631821022135e8,8.823304991864577,0.029866616700240697
17,293,West Garo Hills,2018,1.633328512069318e7,1.4387300812966567e8,394537.017704726,5.496120507533777e8,8.808577519251665,0.02971784388334357
17,293,West Garo Hills,2019,1.663635562711018e7,1.3780138890299305e8,416916.0155740271,5.762285017216184e8,8.283147583022055,0.028871108557464872
17,293,West Garo Hills,2020,1.7192583220689166e7,1.4947043886817202e8,435386.94067628146,5.754969851072803e8,8.693890670734266,0.02987432369864499
17,293,West Garo Hills,2021,1.8571867655072656e7,1.6270478273194084e8,450997.6747341694,6.004100837328317e8,8.760819630733273,0.030931971594495566
17,293,West Garo Hills,2022,1.981660071649765e7,1.6220241346538082e8,496758.99530580826,6.130908979409083e8,8.185178466574472,0.032322451341314215
17,293,West Garo Hills,2023,2.0137724867495716e7,1.4882556272610533e8,524832.4750553386,6.208734958574411e8,7.390386138720395,0.03243450558263087
17,294,East Garo Hills,2016,8.014273235321559e6,7.394099518383434e7,199382.82125798572,3.5568646995440793e8,9.22616349763967,0.022531847321459353
17,294,East Garo Hills,2017,8.174938601281377e6,7.118389442940551e7,205287.970303817,3.555709454070543e8,8.707575420596777,0.022991019673789102
17,294,East Garo Hills,2018,8.206906958964803e6,6.31883189339296e7,233748.50416672777,3.865929130354703e8,7.699407249268974,0.02122880860522089
17,294,East Garo Hills,2019,8.992019196639176e6,7.167953914574178e7,240573.9646254728,4.0875035206014484e8,7.971461979588795,0.021998804774891207
17,294,East Garo Hills,2020,9.339512967309564e6,7.778335786038081e7,249698.15273128185,4.105917917151233e8,8.328416924163005,0.02274646779541444
17,294,East Garo Hills,2021,9.389486136285381e6,7.556408538901992e7,253807.50221744305,4.14289495284758e8,8.04773384743653,0.022664070035933705
17,294,East Garo Hills,2022,1.0579832913649406e7,8.664600486791211e7,260163.42826287763,4.3138918507197076e8,8.189732822351772,0.024525030482357414
17,294,East Garo Hills,2023,1.0209252133819874e7,7.284686085849388e7,270959.1179425672,4.43067349212726e8,7.135376803671675,0.023042212774108516
17,295,South Garo Hills,2016,3.296456081054557e6,2.8463240719507366e7,75308.56272015153,1.4186140226638326e8,8.634497175039504,0.023237159850320432
17,295,South Garo Hills,2017,3.413252520526611e6,2.9056735593986273e7,78355.75556202947,1.423295431877068e8,8.512917054699276,0.023981335456301937
17,295,South Garo Hills,2018,3.4190735883864746e6,2.6128302904803015e7,88085.79401947175,1.510242415279029e8,7.641924699589006,0.0226392369449826
17,295,South Garo Hills,2019,3.709957537807254e6,2.9107213672231685e7,92445.64500220261,1.5993015331902573e8,7.845699950904374,0.02319736122810249
17,295,South Garo Hills,2020,3.7611313298009885e6,2.9475959858813006e7,92384.41960582677,1.5921600146775043e8,7.836992988057308,0.023622822424433355
17,295,South Garo Hills,2021,3.8169841255282625e6,2.9684274630356193e7,96513.16498310081,1.638062952667011e8,7.776892345929773,0.023301815838723674
17,295,South Garo Hills,2022,3.904580157003061e6,2.9900036877148982e7,95257.90038733881,1.6276110441252297e8,7.657682945379355,0.023989639116153844
17,295,South Garo Hills,2023,3.9891584175261785e6,2.5531771282105267e7,101665.96559216571,1.685701425741537e8,6.400290138875568,0.023664679620065902
17,296,West Khasi Hills,2016,9.310847959481033e6,7.265004828158261e7,198484.58164056865,3.1896374344855237e8,7.8027316736070915,0.02919092890876745
17,296,West Khasi Hills,2017,9.361853307786228e6,6.806121894370995e7,202966.29951743557,3.081919292405293e8,7.270058257279424,0.030376698477654625
17,296,West Khasi Hills,2018,9.547557899214108e6,6.328156562455277e7,222066.35090931313,3.293248024968328e8,6.628036854299851,0.028991311394792163
17,296,West Khasi Hills,2019,1.0144358722318986e7,7.040659304036833e7,226705.38334964507,3.468011500241345e8,6.9404676005260075,0.029251225728671955
17,296,West Khasi Hills,2020,1.0562802697249211e7,7.315671332339159e7,241291.7384045933,3.4473976942535233e8,6.925880887886245,0.030639930852353867
17,296,West Khasi Hills,2021,1.1192571538370656e7,7.675118401084843e7,251096.4973682894,3.6255756201357615e8,6.857332450163762,0.03087115733074006
17,296,West Khasi Hills,2022,1.123779868167987e7,6.957114297272457e7,249263.08102466702,3.537102686996783e8,6.190815918970068,0.031771197152383066
17,296,West Khasi Hills,2023,1.1750120374050008e7,6.827452471807724e7,273604.47240304033,3.6978739852428776e8,5.810538321706105,0.03177534015745606
17,297,Ribhoi,2016,7.231181397329111e6,6.348384868101299e7,144684.59295667027,2.124501541004634e8,8.779180771825363,0.03403707296870037
17,297,Ribhoi,2017,7.5684443121987255e6,5.8530415512520924e7,155987.95861152266,2.0882541751427314e8,7.733480369034667,0.03624292675809651
17,297,Ribhoi,2018,7.565678554614842e6,5.626628799633672e7,162823.51677033104,2.2451366022383195e8,7.437044488496797,0.0336980767543148
17,297,Ribhoi,2019,8.174725762264854e6,6.357043128019148e7,166761.24775914892,2.3818131035858607e8,7.776460413343448,0.03432144088030108
17,297,Ribhoi,2020,8.329165832876541e6,6.561107409747984e7,177548.03415349522,2.2859711948676476e8,7.877268314013213,0.036436005193664654
17,297,Ribhoi,2021,8.665323310646687e6,6.6876685083271466e7,185517.82410352633,2.4665451930481002e8,7.7177368559466375,0.03513141918124873
17,297,Ribhoi,2022,9.024115182421215e6,6.746190886245826e7,201259.3116542294,2.4923037332879135e8,7.475736678746369,0.03620792707522996
17,297,Ribhoi,2023,9.256807759410577e6,6.4462572543914855e7,209123.49443546042,2.5850901326017535e8,6.963801584664159,0.035808452644140884
17,298,East Khasi Hills,2016,1.810297367982736e7,1.629568651469789e8,352058.20179936965,3.0236607922327286e8,9.001662822311134,0.05987104679972974
17,298,East Khasi Hills,2017,1.882858130803498e7,1.6371524806976748e8,365839.49895260524,3.070914363399395e8,8.695038961852267,0.06131262249590183
17,298,East Khasi Hills,2018,1.9274531870678004e7,1.6031163186690095e8,391372.62415373593,3.203173140732805e8,8.317277583834871,0.06017324391733778
17,298,East Khasi Hills,2019,2.0053118359901305e7,1.7435295688436338e8,398529.45319839136,3.3437647752688795e8,8.694555816964794,0.05997167775741279
17,298,East Khasi Hills,2020,2.067000895429292e7,1.7924489776674458e8,418347.93511352414,3.366099128511987e8,8.67173778991119,0.06140641783009604
17,298,East Khasi Hills,2021,2.1532487199231133e7,1.7540987989530846e8,445591.25298648345,3.541480487973767e8,8.146289756139824,0.060800807098476475
17,298,East Khasi Hills,2022,2.0840669071560126e7,1.65486313980926e8,439788.3124406245,3.4446259844748396e8,7.940547081895474,0.06050197950514924
17,298,East Khasi Hills,2023,2.1836724402470883e7,1.62018555537536e8,476888.85978260444,3.5686331779683673e8,7.419544825102211,0.061190722927993935
17,299,Jaintia Hills,2016,1.1957147685211899e7,9.217838765598401e7,222044.02696072927,3.2940289071727175e8,7.709061565743342,0.036299461911749833
17,299,Jaintia Hills,2017,1.1926943889198828e7,8.584054632258274e7,232359.83369798952,3.1335781807612586e8,7.197195452585375,0.03806174028918387
17,299,Jaintia Hills,2018,1.2001469893616093e7,8.8159886853721e7,228318.54901618586,3.165080366222235e8,7.345757447645277,0.03791837332693313
17,299,Jaintia Hills,2019,1.2734481648121338e7,9.654671272665393e7,231235.97004435526,3.319808080221929e8,7.581518855217562,0.03835908986422504
17,299,Jaintia Hills,2020,1.3086641847277164e7,9.905556418917784e7,248231.03916420884,3.34464298733207e8,7.569211822648571,0.039127171111664805
17,299,Jaintia Hills,2021,1.3737024757962009e7,1.032030451313299e8,257585.8671143738,3.4213764570770526e8,7.512765460476672,0.0401505795410126
17,299,Jaintia Hills,2022,1.4413550549595123e7,9.685168477342585e7,286748.3041843183,3.3427782296660537e8,6.719488334270727,0.04311847678580535
17,299,Jaintia Hills,2023,1.3849684106310377e7,8.897985715067165e7,292750.91581203666,3.2752163068388855e8,6.4246849579861145,0.04228631885286858
18,300,Kokrajhar,2016,2.3411382916832063e7,1.8824483816530535e8,507847.1144016202,5.439346566201171e8,8.040739790299321,0.04304080027241678
18,300,Kokrajhar,2017,2.4535567961051505e7,1.784322157576788e8,562267.4674484605,5.510060286257774e8,7.272389864417544,0.044528674254697025
18,300,Kokrajhar,2018,2.600531303339569e7,2.0519942256525686e8,553243.4697310049,5.654939171452243e8,7.8906730444560464,0.04598690144127098
18,300,Kokrajhar,2019,2.677858252564373e7,1.9921900022046626e8,593048.0839800946,5.749939080163065e8,7.439490123485438,0.04657194128895763
18,300,Kokrajhar,2020,2.8040541728839092e7,2.0814875783901075e8,646071.4516247902,5.851090448016276e8,7.423136109561472,0.047923616935960735
18,300,Kokrajhar,2021,2.9209507612695314e7,2.294672670555968e8,629643.0773951784,5.982408293892578e8,7.855910140568873,0.04882566715233263
18,300,Kokrajhar,2022,3.1126480524604566e7,2.0982944746994868e8,692489.6677029948,6.095518342151655e8,6.741187693998513,0.05106453426505028
18,300,Kokrajhar,2023,3.1825597016553644e7,2.0914648837866798e8,739091.8777148018,6.19875624554293e8,6.571643833417589,0.0513419075632101
18,301,Dhubri,2016,3.2793668822929773e7,2.940717717904907e8,791601.0085273728,6.039937697770525e8,8.96733370634248,0.05429471372698868
18,301,Dhubri,2017,3.403524242252323e7,2.839656656928333e8,852632.532860003,6.098369886389515e8,8.343283181814964,0.05581039368976926
18,301,Dhubri,2018,3.5542691003795296e7,3.031425853178851e8,825937.6838496742,6.20702502356717e8,8.528971126173737,0.057262039171495
18,301,Dhubri,2019,3.641043754727044e7,3.01162370001326e8,890117.8860564701,6.297573466338885e8,8.271319717329327,0.05781661419574954
18,301,Dhubri,2020,3.8337718531255975e7,3.0674759493711203e8,997285.2744094153,6.385932470598425e8,8.001195863729524,0.060034644443497154
18,301,Dhubri,2021,4.039622263261606e7,3.5228414391373205e8,953696.0586062372,6.472572618444356e8,8.720719932593315,0.062411385725518596
18,301,Dhubri,2022,4.241931876826571e7,3.067749791654378e8,1.0866209938460037e6,6.582487830760304e8,7.231963833302742,0.06444268467924552
18,301,Dhubri,2023,4.528887129941552e7,3.2043586097934234e8,1.17769481157947e6,6.751888753475565e8,7.075377499714323,0.06707585529471716
18,302,Goalpara,2016,2.345777658466519e7,1.958307523429198e8,541960.8080647218,5.058626660407629e8,8.348223099325544,0.046371828085796984
18,302,Goalpara,2017,2.5342613623749383e7,1.8925024964156827e8,597415.3046986904,5.146196317759727e8,7.467668980448637,0.04924533006308177
18,302,Goalpara,2018,2.528906824538138e7,1.897106113834946e8,611081.9166224555,5.2255467237730926e8,7.501684504257764,0.048395066740732295
18,302,Goalpara,2019,2.663362281482288e7,1.9973363726410344e8,641719.3807420991,5.3258297036676246e8,7.4993041184371725,0.05000840112570944
18,302,Goalpara,2020,2.7935156595560506e7,2.0261719222921094e8,691543.3168275605,5.3602103461178774e8,7.25312534175703,0.05211578425423639
18,302,Goalpara,2021,2.8665025330131847e7,2.136754262391491e8,691022.8959869399,5.411059268941827e8,7.4542207368831335,0.052974886996086275
18,302,Goalpara,2022,3.1427830659718618e7,2.311795612137652e8,762374.2601823611,5.559578281166321e8,7.355886688993475,0.05652916295141275
18,302,Goalpara,2023,3.1236554809263963e7,2.096501723938014e8,797810.6463927875,5.629224624011797e8,6.71169319644766,0.0554899775646233
18,303,Barpeta,2016,3.8894639453676395e7,3.526533693155206e8,796923.0951743586,6.790602923417125e8,9.06688876073865,0.057277151811586234
18,303,Barpeta,2017,4.341324999054212e7,3.479303124168107e8,915157.0025185038,7.003865958800168e8,8.014380690056832,0.061984695660822216
18,303,Barpeta,2018,4.208633328944079e7,3.186551232281848e8,943580.1319147673,7.039549464808211e8,7.5714631882206165,0.05978554948699037
18,303,Barpeta,2019,4.56806576831409e7,3.6149123171009713e8,989876.1862806499,7.207083605901157e8,7.913441925848423,0.06338299953359443
18,303,Barpeta,2020,4.710621915825094e7,3.5706295763853717e8,1.0607177568018017e6,7.284822590711439e8,7.579953645589818,0.06466350905829064
18,303,Barpeta,2021,4.828482112844411e7,3.5318681920454216e8,1.0719592981007781e6,7.38691094079856e8,7.314655226018499,0.06536537602174515
18,303,Barpeta,2022,5.0438742175332405e7,3.710973040302136e8,1.1241493710609893e6,7.496593012884804e8,7.3573861683589445,0.06728222018807821
18,303,Barpeta,2023,5.20128682327337e7,3.566880863891278e8,1.200511810000258e6,7.629090826420113e8,6.8576892316938265,0.06817702058626599
18,304,Morigaon,2016,2.036312857878214e7,1.805101906977911e8,405459.02747761103,3.4950105634049094e8,8.864560767242716,0.05826342498645833
18,304,Morigaon,2017,2.207509608390351e7,1.7560325587067017e8,461245.05384591466,3.540307823727482e8,7.954812753848656,0.062353606474426046
18,304,Morigaon,2018,2.1584206958383836e7,1.6616485197803494e8,457138.33658581966,3.559675099839883e8,7.69844601186482,0.06063532865500762
18,304,Morigaon,2019,2.28495199630861e7,1.7550726831942806e8,483059.87954866036,3.6179566386185277e8,7.681004616419247,0.06315587013726871
18,304,Morigaon,2020,2.3081952987233162e7,1.736741954074831e8,501277.768885757,3.631836948075138e8,7.524241796330834,0.06355448583523697
18,304,Morigaon,2021,2.4608574057794776e7,1.82987116423106e8,534329.5311620273,3.7321670926690793e8,7.435908963816812,0.06593642097678917
18,304,Morigaon,2022,2.522982764160488e7,1.8891915867431924e8,558465.8147314944,3.8008851939390314e8,7.487929024246873,0.06637882060167688
18,304,Morigaon,2023,2.6307534532955058e7,1.827825331387003e8,597357.5836353392,3.9119264349711627e8,6.947915735308884,0.06724956353415933
18,305,Nagaon,2016,6.1400583186120495e7,5.1239905902417135e8,1.2512819051959491e6,1.0799002811418047e9,8.345182283871178,0.05685764163446663
18,305,Nagaon,2017,6.34631438081881e7,4.913744348335312e8,1.3341142383904704e6,1.0881744204029071e9,7.742674020667305,0.05832074584577191
18,305,Nagaon,2018,6.626671087052637e7,5.3654522066354156e8,1.2857533501550998e6,1.104137491996423e9,8.096753462109469,0.060016720155664324
18,305,Nagaon,2019,7.06070543442244e7,5.706358803067731e8,1.3815653532059002e6,1.1321729215424175e9,8.081853656219701,0.06236419631731941
18,305,Nagaon,2020,7.1342956105087e7,5.638571030886148e8,1.4479270171084856e6,1.1422598603020604e9,7.903472660399194,0.06245772838959866
18,305,Nagaon,2021,7.575156108368497e7,6.118167978556075e8,1.5255101282298046e6,1.1684863841775162e9,8.076622964637199,0.06482879228156826
18,305,Nagaon,2022,8.02713188243629e7,5.359198167025598e8,1.7418024656911013e6,1.196487242759337e9,6.676354949084311,0.0670891556179415
18,305,Nagaon,2023,8.14028000105421e7,5.441360583730533e8,1.8004284594448023e6,1.2044738257404873e9,6.6844882277094255,0.06758370192104193
18,306,Sonitpur,2016,5.53357769887432e7,4.334740790414443e8,1.043621543626203e6,1.0186630332113932e9,7.833522950795914,0.054321964363715065
18,306,Sonitpur,2017,5.6551595977093115e7,4.070492344157614e8,1.1407667149087603e6,1.0204361138366573e9,7.197838140247032,0.05541904604343061
18,306,Sonitpur,2018,5.874780655629194e7,4.352790109167051e8,1.135725653312145e6,1.0412010814973997e9,7.4092810682152415,0.05642311326819214
18,306,Sonitpur,2019,6.175181588667517e7,4.6734181605140424e8,1.1566220873597623e6,1.0546511660008003e9,7.568065964392918,0.05855188699106631
18,306,Sonitpur,2020,6.381410273964707e7,4.773729425408636e8,1.2267937852069845e6,1.0718145935506624e9,7.4806809474150375,0.059538378301275396
18,306,Sonitpur,2021,6.633253361170077e7,5.195555781305945e8,1.2423751757315465e6,1.0943938593475263e9,7.832590583257129,0.060611207788801
18,306,Sonitpur,2022,6.899299882303119e7,4.6177438153413486e8,1.3811985745293982e6,1.1140996028790975e9,6.693061461476664,0.06192713707530002
18,306,Sonitpur,2023,6.72329685966588e7,4.426030269256712e8,1.3632182864885766e6,1.1054780635554993e9,6.5831248591880085,0.06081800337170005
18,307,Lakhimpur,2016,3.3196564383432757e7,2.6923068499566865e8,619858.5868714356,6.331166787654986e8,8.11019724468934,0.052433564770655014
18,307,Lakhimpur,2017,3.339165181024791e7,2.6695751417562896e8,634199.6459687781,6.311380001840419e8,7.994738196620139,0.05290705329184869
18,307,Lakhimpur,2018,3.606311219172084e7,2.679872513653581e8,688475.651854964,6.526832936566904e8,7.431062797372243,0.055253616175274654
18,307,Lakhimpur,2019,3.763459740405127e7,2.814798242852068e8,708493.0189455776,6.613222707703164e8,7.479283523700089,0.05690810527250809
18,307,Lakhimpur,2020,3.9229573297726415e7,3.158395271650623e8,713418.1491976974,6.74401042766885e8,8.051056909746379,0.058169502729085484
18,307,Lakhimpur,2021,4.026545434378958e7,3.2751770999204016e8,744396.5517885236,6.891346585107766e8,8.133962855495644,0.05842900780930598
18,307,Lakhimpur,2022,4.118485708474479e7,3.1655792351720804e8,802225.8523761537,6.988360899645374e8,7.686269807027295,0.058933500539210454
18,307,Lakhimpur,2023,3.915203402731006e7,2.6660816798252776e8,775321.2089724315,6.885582878753562e8,6.809561102152656,0.05686088558765182
18,308,Dhemaji,2016,2.285042421728706e7,1.7766270062749738e8,420661.1142769464,4.5719551688863367e8,7.7750285481829255,0.04997954567182053
18,308,Dhemaji,2017,2.298374247492486e7,1.752548328609056e8,426481.06448053714,4.588116240866383e8,7.6251651815237524,0.05009407187683805
18,308,Dhemaji,2018,2.4726601083723787e7,1.7292118190479556e8,467911.89504421904,4.7265821075620395e8,6.993325986021605,0.05231391420063094
18,308,Dhemaji,2019,2.599170290565548e7,1.9048304565286264e8,464324.8913496225,4.795351116886183e8,7.328609685339848,0.054201876509374254
18,308,Dhemaji,2020,2.708118047783184e7,2.107079942752006e8,474551.96244926465,4.877298616589921e8,7.780605961681852,0.0555249588075587
18,308,Dhemaji,2021,2.775520744473832e7,2.087049155268699e8,498217.48300402536,5.0223618537882596e8,7.519486782522139,0.055263257114385664
18,308,Dhemaji,2022,2.785247570618045e7,2.17719945461663e8,516924.85623556055,5.06212669107039e8,7.816897419045269,0.0550212932349408
18,308,Dhemaji,2023,2.6566683963585664e7,1.7651688180634725e8,523189.33706147596,5.0099450539701676e8,6.644294863758489,0.05302789487188627
18,309,Tinsukia,2016,3.690063725818412e7,2.89672497917433e8,620091.0548665943,7.092646204147365e8,7.850067625951016,0.05202661488543836
18,309,Tinsukia,2017,3.68178738222462e7,2.5439804017635828e8,683604.4283416203,7.131126877788795e8,6.9096342011646845,0.05162981174395064
18,309,Tinsukia,2018,3.794442883285327e7,2.928816223364911e8,626549.6602113809,7.246748234955729e8,7.718698932764185,0.05236062797079506
18,309,Tinsukia,2019,3.945735166198782e7,3.045888844784711e8,650502.8614929505,7.35593516170504e8,7.719445721743765,0.05364015695434972
18,309,Tinsukia,2020,4.030118943922348e7,3.161893330334218e8,680218.0995044649,7.430476531742457e8,7.845657595546989,0.0542376915761186
18,309,Tinsukia,2021,4.14430173888729e7,3.434910231771561e8,658488.2543819633,7.557589909622661e8,8.288272544300323,0.05483628760553123
18,309,Tinsukia,2022,4.1760532393295005e7,2.935052663699548e8,758047.3151917281,7.582067208061578e8,7.028293212494568,0.055078029839795435
18,309,Tinsukia,2023,4.2114416919639915e7,2.925532504990372e8,752115.7986602255,7.586733630076555e8,6.946629489309301,0.05551060439591966
18,310,Dibrugarh,2016,4.032012513138853e7,3.3506012652109134e8,691426.8037109899,6.98709354318409e8,8.309997189474315,0.05770657696535467
18,310,Dibrugarh,2017,4.0177626881320946e7,3.002764282779695e8,738749.1150493429,7.006211377796875e8,7.473722357095499,0.05734572469315781
18,310,Dibrugarh,2018,4.164578779397899e7,3.056014849847647e8,740370.1552728786,7.100942115531555e8,7.338112716142389,0.05864825697267567
18,310,Dibrugarh,2019,4.300330412512635e7,3.258102677555759e8,744757.1251365558,7.182561133725185e8,7.576400799519231,0.05987182472169643
18,310,Dibrugarh,2020,4.43223322523963e7,3.562251104668874e8,757443.6309890553,7.227950350509727e8,8.037147243027311,0.06132074807247481
18,310,Dibrugarh,2021,4.561159961751916e7,3.538179362599462e8,792915.50847746,7.344350617147633e8,7.757192013148487,0.0621043329699224
18,310,Dibrugarh,2022,4.5023139101865016e7,3.709464167080657e8,793857.0698621138,7.311889001222196e8,8.239017183337618,0.06157524969859268
18,310,Dibrugarh,2023,4.341761685253582e7,3.0771725412868834e8,793058.8853955097,7.272959343499388e8,7.087382413775113,0.05969731824686018
18,311,Sivasagar,2016,3.7468404816866755e7,3.1206513404392284e8,711845.2826115513,6.821982332597272e8,8.328754201551805,0.05492304581006111
18,311,Sivasagar,2017,3.736960767888793e7,2.922888367386573e8,739457.2486878672,6.838294750227519e8,7.821565568743894,0.054647553291914765
18,311,Sivasagar,2018,3.840110662821358e7,2.75190881253424e8,764644.9184964504,6.924998784783739e8,7.166222679927646,0.05545287128799519
18,311,Sivasagar,2019,4.073456915793674e7,3.069542717578797e8,783839.9197532557,7.04574822105013e8,7.535473630953394,0.05781439796022895
18,311,Sivasagar,2020,4.1711105025127105e7,3.34657246716665e8,783925.6696190084,7.096593871905026e8,8.023216994972078,0.05877623234191092
18,311,Sivasagar,2021,4.279190682379857e7,3.285140390686561e8,835627.5882840892,7.19891477508475e8,7.677013329210984,0.0594421633825979
18,311,Sivasagar,2022,4.275052665465493e7,3.2985682702198327e8,844237.5502137548,7.191131169792358e8,7.715854115356647,0.05944895962159085
18,311,Sivasagar,2023,4.105544392627479e7,2.7848915348414624e8,828319.4654179745,7.137374107998736e8,6.783245456662031,0.057521776643688384
18,312,Jorhat,2016,3.72243951874662e7,3.129484413489389e8,692317.3539541288,5.729511470500115e8,8.40707927618154,0.06496957965635589
18,312,Jorhat,2017,3.72116089511125e7,2.964581193802455e8,724250.9829911418,5.73980535674165e8,7.96681809082008,0.06483078543317825
18,312,Jorhat,2018,3.902859545096627e7,2.868154980697627e8,755247.4010266975,5.858441383933172e8,7.348855236927614,0.06661941785062925
18,312,Jorhat,2019,4.106110848204368e7,3.21705739307043e8,777228.8933449594,5.943180905484452e8,7.834804056683644,0.069089447444132
18,312,Jorhat,2020,4.2198938979914024e7,3.4769706568688196e8,773184.5274366467,6.008176086540594e8,8.23947412166879,0.07023585589384991
18,312,Jorhat,2021,4.2942145118648365e7,3.346953930200036e8,817784.5799446463,6.118722913075829e8,7.794100459938513,0.07018154887661308
18,312,Jorhat,2022,4.299441676871193e7,3.2671378097823733e8,844444.83421257,6.166885232525698e8,7.598981577905594,0.06971820481099374
18,312,Jorhat,2023,4.1072072677838e7,2.84721431396121e8,816615.2038801374,6.096119096533624e8,6.932239179391434,0.06737413102902207
18,313,Golaghat,2016,3.9244806991968915e7,3.182885217879898e8,720959.2393763654,8.193089286998507e8,8.11033474704372,0.047899889305790824
18,313,Golaghat,2017,3.9570349299560495e7,3.0668126689134574e8,755683.1680954412,8.233578422025431e8,7.750279497652856,0.048059722360458586
18,313,Golaghat,2018,4.1270472571977854e7,2.897478531893468e8,791086.2726194992,8.411090751092947e8,7.020705970449247,0.0490667308120711
18,313,Golaghat,2019,4.350566832253787e7,3.173057779495386e8,827280.7592702493,8.532707920058976e8,7.293435319672128,0.050986941929962566
18,313,Golaghat,2020,4.436037130944155e7,3.3762453346829826e8,818702.2583084417,8.601108213388135e8,7.610949221167567,0.05157518102189669
18,313,Golaghat,2021,4.606746035120627e7,3.5537562986258304e8,851028.3046358002,8.745936416493871e8,7.714244005493078,0.05267298795395782
18,313,Golaghat,2022,4.695619855716268e7,3.2672253529999536e8,942439.242548566,8.942486756816866e8,6.9580278076015,0.05250910606198877
18,313,Golaghat,2023,4.520780065372161e7,3.123141393872133e8,926557.452492953,8.862794905901233e8,6.908412594088514,0.05100851495911329
18,314,Karbi Anglong,2016,2.7207086428217724e7,2.0476503805375862e8,553866.3023651016,7.972637838977864e8,7.5261656037298925,0.034125576725940715
18,314,Karbi Anglong,2017,2.7084392707090072e7,1.9419679254825395e8,569205.2986722004,7.740448808508235e8,7.170062650044861,0.03499072647740935
18,314,Karbi Anglong,2018,2.8135006560770746e7,1.840922026777456e8,595782.6518221541,8.045779065542088e8,6.54317255196341,0.034968654162112686
18,314,Karbi Anglong,2019,3.0458034362536434e7,2.0853438636907533e8,611176.1382709972,8.384006108987932e8,6.846613405413118,0.03632873588902137
18,314,Karbi Anglong,2020,3.0883054377090666e7,2.1017465323194027e8,632734.7040924729,8.580352859633576e8,6.805500863536664,0.03599275563873434
18,314,Karbi Anglong,2021,3.2630118211383276e7,2.308554306492934e8,663504.3070669953,8.776049653634804e8,7.074918612116999,0.03718087237333344
18,314,Karbi Anglong,2022,3.450619844458892e7,2.1291329952134937e8,757318.5354127653,8.986509519381781e8,6.170291400348024,0.03839777654512822
18,314,Karbi Anglong,2023,3.4221259681795895e7,2.1156264658280513e8,761583.0822425003,8.862912233682866e8,6.182199268817288,0.0386117551201065
18,315,Dima Hasao,2016,5.900967510962622e6,4.785000812485366e7,117651.98955300402,1.6541145808165976e8,8.108841141043312,0.03567447853612083
18,315,Dima Hasao,2017,5.914818653637923e6,4.598203925631654e7,119633.53365953843,1.590147051149931e8,7.774040414245867,0.03719667718378978
18,315,Dima Hasao,2018,6.157931372470474e6,4.211010157365236e7,134460.20168503784,1.831186370049709e8,6.838351879319237,0.03362809746286672
18,315,Dima Hasao,2019,6.661926081001781e6,4.765542088845922e7,134529.22732922964,1.978469244466988e8,7.153399828971546,0.033672123535064324
18,315,Dima Hasao,2020,6.892172359064023e6,4.78556214886682e7,143638.54164250812,2.0819680955266154e8,6.943474277124308,0.033104120922279115
18,315,Dima Hasao,2021,7.105222851150206e6,5.4044478269889005e7,145468.0845728954,2.1360743994802007e8,7.606303053695239,0.033262993334310896
18,315,Dima Hasao,2022,7.53238383708334e6,5.1642694062408105e7,160481.137239564,2.1027600505363813e8,6.856089012373669,0.035821414027539404
18,315,Dima Hasao,2023,7.441977638638149e6,4.902568909650839e7,162622.74297119616,1.9682388375660232e8,6.5877232473759335,0.03781033834207386
18,316,Cachar,2016,3.077802979211324e7,3.092320506283845e8,574953.0296962428,6.379759456705078e8,10.047168474299939,0.048243244907558026
18,316,Cachar,2017,3.1991594189191945e7,3.204519654892452e8,576523.1588374432,6.402558354756205e8,10.01675513868286,0.04996689200876501
18,316,Cachar,2018,3.399602229686284e7,3.086019861203619e8,626790.0245422787,6.581266181039866e8,9.077591002428534,0.05165574733142207
18,316,Cachar,2019,3.539114996897255e7,3.237986765004398e8,630377.8624454332,6.667168996987594e8,9.149142562033571,0.053082725194101454
18,316,Cachar,2020,3.652055710035171e7,3.280194354043689e8,682609.8173291127,6.746299259245979e8,8.981775236972217,0.054134208544483614
18,316,Cachar,2021,3.760629917782137e7,3.5968170219059604e8,688844.4025859683,6.941351109837891e8,9.564400381165965,0.05417720351953156
18,316,Cachar,2022,3.873499473944362e7,3.279392180583674e8,785718.7408553816,6.951230255797794e8,8.466225960899092,0.055723941394598506
18,316,Cachar,2023,3.943100253800757e7,3.131585730542734e8,802938.8174522475,7.04143204306679e8,7.941937888909105,0.055998555829041265
18,317,Karimganj,2016,2.1012320760322902e7,2.136986573670656e8,384763.8554998423,4.809622708406096e8,10.170159679390961,0.04368808539513563
18,317,Karimganj,2017,2.1643901961827345e7,2.0193594295068574e8,409028.0869920995,4.818780234300437e8,9.329923195310794,0.044915727444394406
18,317,Karimganj,2018,2.2344265502308995e7,2.0949667814443514e8,390933.7035497678,4.893183272207875e8,9.375858791276283,0.04566406827477553
18,317,Karimganj,2019,2.323713393933823e7,2.1594660632748556e8,420371.99399713275,4.983974440499731e8,9.293168722581092,0.046623702060976664
18,317,Karimganj,2020,2.380360991988231e7,2.1976152192065525e8,450024.35274291324,5.053009645176241e8,9.23227706471094,0.04710778643101537
18,317,Karimganj,2021,2.486983146519521e7,2.36935042730077e8,464061.2086679306,5.1755099913552004e8,9.527006367600942,0.04805290977456519
18,317,Karimganj,2022,2.6326155959456563e7,2.144099532425013e8,514635.4313833891,5.238644896489429e8,8.144369940400795,0.05025375164691636
18,317,Karimganj,2023,2.6624410651411735e7,2.083499107443427e8,540226.1956165818,5.3068965259606695e8,7.825521979518264,0.05016945501230045
18,318,Hailakandi,2016,1.2098477981626999e7,1.2263459092630623e8,223462.2816988523,3.21618459855553e8,10.136365178540778,0.03761748621972984
18,318,Hailakandi,2017,1.2507560535109537e7,1.2999056526766703e8,223367.33862252353,3.220220570042624e8,10.392959114830989,0.038840695110968694
18,318,Hailakandi,2018,1.3368751139627244e7,1.2305341025243159e8,247387.44519673128,3.339291325841874e8,9.204555381966863,0.040034695494131016
18,318,Hailakandi,2019,1.4057749049448533e7,1.3032491841071843e8,246698.88792616903,3.392640042226141e8,9.270681810601172,0.04143601700881975
18,318,Hailakandi,2020,1.4555040264296375e7,1.3063418237886304e8,273015.57259861927,3.445709280201977e8,8.97518522839883,0.04224105715454672
18,318,Hailakandi,2021,1.5072012931870138e7,1.4353671847293162e8,273464.5736322009,3.5423602273265177e8,9.523394063006656,0.042547939691738396
18,318,Hailakandi,2022,1.6131762322931066e7,1.3500329058811817e8,319666.4801376681,3.629266660450674e8,8.36878748183718,0.04444909628362183
18,318,Hailakandi,2023,1.6188475843612948e7,1.2759373435832742e8,321363.6914026105,3.6529571051878446e8,7.881763273512166,0.04431608523577365
18,319,Bongaigaon,2016,1.7871473975968324e7,1.6394430534299308e8,369296.9922904895,3.2103365488774884e8,9.1735189589537,0.05566853725107787
18,319,Bongaigaon,2017,1.9784934937588494e7,1.6015323245759332e8,433041.1686282486,3.279395655526271e8,8.094706045928183,0.06033103966655541
18,319,Bongaigaon,2018,1.9847875153315846e7,1.5818592179328158e8,449732.0788162016,3.328453103519569e8,7.969917211357235,0.05963092925157434
18,319,Bongaigaon,2019,2.1170571542896718e7,1.7040992661819556e8,466805.07599222986,3.393753750532437e8,8.049377706827785,0.062380989014230406
18,319,Bongaigaon,2020,2.1961184654790923e7,1.7734416664179227e8,487792.0722797505,3.416576132887792e8,8.075346090362384,0.06427834124167073
18,319,Bongaigaon,2021,2.243946479961177e7,1.7136226834928143e8,504061.3208045495,3.4519172106307447e8,7.636646857649039,0.06500580237123231
18,319,Bongaigaon,2022,2.3659155609164078e7,1.774536712755396e8,513604.9391101127,3.531408496374694e8,7.500422847162185,0.06699637165582037
18,319,Bongaigaon,2023,2.4383985019153394e7,1.6938518962064263e8,581424.9566004759,3.599352106842372e8,6.94657536442842,0.06774548389639184
18,320,Chirang,2016,1.5425689570030162e7,1.2698714702162918e8,306303.2113346243,3.54061913236309e8,8.232186084461759,0.043567774429707454
18,320,Chirang,2017,1.6751147004212206e7,1.212742085715141e8,355945.0421740298,3.628423115116882e8,7.239755495012894,0.04616646535632216
18,320,Chirang,2018,1.719679228426036e7,1.3390121224517742e8,355887.18359656347,3.7284985876606154e8,7.786406326936487,0.04612256617495516
18,320,Chirang,2019,1.812281292206281e7,1.344218698140852e8,379798.45292914886,3.770926211986214e8,7.417274039751262,0.04805931461734225
18,320,Chirang,2020,1.8874042600635786e7,1.4233761275421274e8,400917.75471035065,3.811545933600874e8,7.541448102348672,0.049518077256398035
18,320,Chirang,2021,1.9637151538988594e7,1.4750278742553636e8,406567.1138304502,3.900985734811849e8,7.511414633261697,0.05033894731721116
18,320,Chirang,2022,2.0530608377805647e7,1.3894210805793887e8,434758.86237110564,4.0278691408627445e8,6.767559221875786,0.050971388741313774
18,320,Chirang,2023,2.0332806729840294e7,1.2904462103365713e8,462078.77334272093,4.046482512210937e8,6.346621140320588,0.050248102317216624
18,321,Kamrup,2016,4.400496132632289e7,3.75486933745875e8,912676.6425702507,7.476506537691102e8,8.532831808700312,0.058857651102800376
18,321,Kamrup,2017,4.8341174681884155e7,3.6633663727639955e8,1.009657559944601e6,7.632174725929956e8,7.578149262758485,0.06333866351047661
18,321,Kamrup,2018,4.72676027770179e7,3.5299207113969463e8,1.0196566308954853e6,7.707503717105047e8,7.467949513008174,0.061326733676583554
18,321,Kamrup,2019,5.138231359178149e7,3.855686266883277e8,1.1016218032855385e6,7.950793448803693e8,7.503917199049573,0.06462539106648868
18,321,Kamrup,2020,5.293241024193065e7,3.9186090355151814e8,1.15248889217117e6,7.979728931386718e8,7.403042894901161,0.06633359440786424
18,321,Kamrup,2021,5.508736347077584e7,4.130440013126869e8,1.1588377016391e6,8.233725772005628e8,7.497980939527249,0.06690453993266438
18,321,Kamrup,2022,5.774224847631257e7,4.303101177854903e8,1.2767310216753986e6,8.389215730218061e8,7.452257733988573,0.06882913770869459
18,321,Kamrup,2023,5.839632596782346e7,4.107654125655668e8,1.292182963782985e6,8.613339386941137e8,7.034096850406303,0.06779754441855541
18,322,Kamrup Metropolitan,2016,3.80538791464118e7,4.1802350341977036e8,596504.2147113812,2.980674478289215e8,10.985043122973888,0.12766868513683913
18,322,Kamrup Metropolitan,2017,4.015312181720902e7,3.851378150496977e8,675905.096099578,2.990160763246591e8,9.591727806445014,0.13428415726254278
18,322,Kamrup Metropolitan,2018,4.077193349754256e7,3.6913357060585904e8,701342.5066271652,3.026995965129442e8,9.053619461733591,0.13469437675910165
18,322,Kamrup Metropolitan,2019,4.255397934380084e7,4.030240707752915e8,731097.3110136145,3.084656764230277e8,9.47089031366941,0.13795369338092128
18,322,Kamrup Metropolitan,2020,4.323915932228035e7,4.214857557587641e8,747431.6638336867,3.0819673847825897e8,9.74777868869389,0.14029726445444055
18,322,Kamrup Metropolitan,2021,4.476560651360859e7,4.1594780710954916e8,778588.0622343512,3.1644412379538906e8,9.291682599745464,0.14146448977056617
18,322,Kamrup Metropolitan,2022,4.512558561163911e7,4.3509424825607544e8,819289.5807971461,3.212237624342524e8,9.641852673128586,0.14048022247692635
18,322,Kamrup Metropolitan,2023,4.6090808361134514e7,4.4249461044307095e8,806765.7641790919,3.260583044927121e8,9.600495764274745,0.1413575661961547
18,323,Nalbari,2016,2.0451107437770657e7,1.755774546785228e8,405689.1427774762,3.137754727238894e8,8.585229685618541,0.06517752092040305
18,323,Nalbari,2017,2.236305694838398e7,1.7515745424243638e8,453948.4663307968,3.223628130819469e8,7.8324468182823175,0.06937232224332009
18,323,Nalbari,2018,2.1548255183721296e7,1.6278091689162132e8,458770.63816731825,3.219193752043735e8,7.554250471963722,0.06693680729853924
18,323,Nalbari,2019,2.353400811662566e7,1.866124452020063e8,484692.62478214846,3.30173334761152e8,7.929479937171156,0.07127773699123886
18,323,Nalbari,2020,2.4210990288898103e7,1.8268802848003596e8,517035.5824700675,3.3444945644198453e8,7.5456652660675,0.07239058046756873
18,323,Nalbari,2021,2.491925190060993e7,1.8457384098342344e8,522649.5374593054,3.4419569029919195e8,7.406877289879869,0.07239850062895581
18,323,Nalbari,2022,2.629112455180933e7,1.9546554456756485e8,553853.2323370844,3.509463852930759e8,7.4346589542938775,0.07491493189152972
18,323,Nalbari,2023,2.6731777736478392e7,1.896226813887012e8,574874.7508684567,3.572296823376187e8,7.093530526027853,0.07483078550906674
18,324,Baksa,2016,2.946506690673703e7,2.509897307931894e8,586565.4175443634,5.736269479398245e8,8.518213503048315,0.05136625294986668
18,324,Baksa,2017,3.2424867073442485e7,2.5617253924417228e8,651370.7545847245,5.85558531226907e8,7.9004962044698654,0.0553742543986225
18,324,Baksa,2018,3.1540522912285477e7,2.391814915727713e8,662559.7613835568,5.920843181262103e8,7.583307741534202,0.053270323071725426
18,324,Baksa,2019,3.420585540688513e7,2.713914672823557e8,686471.4543420663,6.035010154056563e8,7.934064622974716,0.056679035384709205
18,324,Baksa,2020,3.544686243406298e7,2.702867963831511e8,740501.3919293226,6.105716872432482e8,7.625126113374046,0.05805520166535524
18,324,Baksa,2021,3.668625465551749e7,2.7950030492872643e8,746773.5543304532,6.256068414121858e8,7.618665561617655,0.05864107012114094
18,324,Baksa,2022,3.821956998014926e7,2.7695134515296155e8,809695.5279576653,6.394681930606042e8,7.24632289941531,0.059767742000151496
18,324,Baksa,2023,3.859558146629625e7,2.6289337635109848e8,841258.5579540728,6.495142328688533e8,6.8114889415689,0.059422225893068725
18,325,Darrang,2016,2.5249497898261033e7,2.171270341746342e8,522494.62629622006,4.1534972140629977e8,8.599261460545241,0.06079093495662102
18,325,Darrang,2017,2.7547971310536206e7,2.0989021703326848e8,599049.6974302721,4.216056749777688e8,7.61908071804156,0.06534060840615774
18,325,Darrang,2018,2.7372404403796006e7,2.0097974350851247e8,616986.0317474509,4.2826707053318393e8,7.342421971547395,0.06391433357161434
18,325,Darrang,2019,2.913300311872597e7,2.1489223545870322e8,647959.2139847337,4.3185279829403335e8,7.376247295308043,0.06746049402437897
18,325,Darrang,2020,2.9571948621975776e7,2.1221388385859963e8,677278.5536573733,4.3400565139793587e8,7.176188710841237,0.06813724320576076
18,325,Darrang,2021,3.1447917432939276e7,2.2047917653944921e8,715827.9854307462,4.4688657217178696e8,7.010930914888317,0.07037113977291408
18,325,Darrang,2022,3.1865525988135695e7,2.24046845402492e8,758090.3856291004,4.5219525166351485e8,7.031010424428897,0.07046851082781228
18,325,Darrang,2023,3.356551935423854e7,2.2215285770338607e8,800784.5743210543,4.6120109718849945e8,6.618484146152006,0.07277848981464985
18,326,Udalguri,2016,2.5612547774613913e7,2.093103578361045e8,506004.3674280503,4.96437181264296e8,8.172180279681672,0.05159272661524956
18,326,Udalguri,2017,2.7602893775656246e7,2.0729313818477625e8,561649.2020767339,4.994657624039445e8,7.50983356562397,0.05526483665827793
18,326,Udalguri,2018,2.733367981043754e7,2.0227226007106638e8,557053.5475312675,5.060458886711665e8,7.400110833003445,0.05401423155953991
18,326,Udalguri,2019,2.9084137354216993e7,2.1363397672673047e8,598217.9384316363,5.150322296190564e8,7.34537779563041,0.05647051908912395
18,326,Udalguri,2020,2.974511369359915e7,2.1426788699452522e8,623868.3745681766,5.2320849783019686e8,7.203465053173877,0.05685135814298775
18,326,Udalguri,2021,3.148230905527953e7,2.2336647996810335e8,656186.4549881805,5.395508877661994e8,7.094984029789427,0.05834910064854085
18,326,Udalguri,2022,3.16687191089128e7,2.27708992642198e8,677093.4101910783,5.447075201212201e8,7.190344259238192,0.0581389423481159
18,326,Udalguri,2023,3.2677456815767776e7,2.2352279533279067e8,705185.1717643383,5.51835651312278e8,6.840275135026259,0.05921592187467414
19,327,Darjiling,2016,4.0562189861018695e7,4.156656902224899e8,804080.1994283203,6.204707816360906e8,10.247614629454592,0.06537324731724214
19,327,Darjiling,2017,4.2297213851944454e7,4.0769869584105206e8,875323.0573841135,6.208670224434206e8,9.63890192077769,0.06812604361797776
19,327,Darjiling,2018,4.395898736039307e7,4.0739375339248186e8,909058.4440809395,6.336449137319049e8,9.267587309336943,0.06937479715806906
19,327,Darjiling,2019,4.5190211269617945e7,4.0517050946205115e8,959687.8100078681,6.413010617586551e8,8.965891021059539,0.07046645322197309
19,327,Darjiling,2020,4.7654268302663945e7,4.4093596143251634e8,989287.3385801786,6.472557413907552e8,9.252811492813695,0.07362509940857297
19,327,Darjiling,2021,4.8211332523887e7,4.371111192926257e8,1.0004639230858331e6,6.53117989396316e8,9.066563739470439,0.07381718664409971
19,327,Darjiling,2022,4.724387444367226e7,3.86298494889251e8,995757.9289154683,6.486394707842638e8,8.176689558978179,0.07283533699629802
19,327,Darjiling,2023,4.9900945329268545e7,4.577301617240982e8,1.0330402779173804e6,6.669284485450444e8,9.172775359340225,0.07482203741365552
19,328,Jalpaiguri,2016,8.46701905631763e7,8.233703969102883e8,1.684573486250312e6,1.4096371826740732e9,9.724442468284442,0.06006523636284726
19,328,Jalpaiguri,2017,8.757526327756853e7,7.996684324918559e8,1.837073014831986e6,1.4093773103179457e9,9.131213570632593,0.06213755722930729
19,328,Jalpaiguri,2018,9.228960558897099e7,8.194335131214173e8,1.9117761086968365e6,1.441463810778642e9,8.878936126034796,0.06402492029204569
19,328,Jalpaiguri,2019,9.472890553239343e7,8.265026499279829e8,2.0006220474187115e6,1.4609755909913409e9,8.724925568208457,0.06483948542091343
19,328,Jalpaiguri,2020,1.0117626505337133e8,8.884406167400708e8,2.134387766971682e6,1.4757849587299054e9,8.781116957335902,0.06855759333693573
19,328,Jalpaiguri,2021,1.0153877603437369e8,8.693278631195645e8,2.1008659476053985e6,1.4944578402062235e9,8.561535770583575,0.06794355337609399
19,328,Jalpaiguri,2022,9.894562717771348e7,7.533218332366785e8,2.155572661438609e6,1.4958978344482844e9,7.613492932675621,0.06614464230052616
19,328,Jalpaiguri,2023,1.0115388600256366e8,7.880418840298891e8,2.219597303909897e6,1.508436272439714e9,7.790525062081321,0.06705877328112737
19,329,Koch Bihar,2016,5.964548387187839e7,5.974307841959444e8,1.2369051830260449e6,1.2403619273736446e9,10.016362437083366,0.04808716113866246
19,329,Koch Bihar,2017,6.324183647032636e7,6.180761435854601e8,1.4332820081616333e6,1.250042184118275e9,9.773216245474892,0.05059176184116889
19,329,Koch Bihar,2018,6.6233303458375156e7,5.799066986921911e8,1.5265573440941868e6,1.276434125823698e9,8.755515253087717,0.05188932363872207
19,329,Koch Bihar,2019,6.834537718672079e7,6.211821841784092e8,1.547905439635255e6,1.291190010871798e9,9.088869061053368,0.05293208328073627
19,329,Koch Bihar,2020,7.146831582745656e7,6.288842581225282e8,1.6555262008162085e6,1.3035595084496632e9,8.799483391225019,0.054825510737484144
19,329,Koch Bihar,2021,7.171781517207143e7,6.102746848148936e8,1.6312948464313254e6,1.313759592689453e9,8.509387567798477,0.05458975566850466
19,329,Koch Bihar,2022,7.104731929323892e7,5.542042212455592e8,1.640887730273564e6,1.3038584513538947e9,7.800494469863819,0.054490055434671704
19,329,Koch Bihar,2023,7.058502622383024e7,5.492456841295707e8,1.6947683930832907e6,1.309665254531541e9,7.7813342788578534,0.05389547136537424
19,330,Uttar Dinajpur,2016,4.967350197210697e7,4.3301658057144505e8,1.1635920179486203e6,7.02989637789828e8,8.717254942375428,0.07066036154996327
19,330,Uttar Dinajpur,2017,5.4236119820901066e7,4.734635692714577e8,1.2849178695287204e6,7.24972047251934e8,8.72967260259275,0.07481132552142876
19,330,Uttar Dinajpur,2018,5.48586306204559e7,4.2449728531072074e8,1.3604047302579358e6,7.54268367705281e8,7.738021903019077,0.07273091775988554
19,330,Uttar Dinajpur,2019,5.791321573521517e7,4.623197407280794e8,1.383203079066914e6,7.770615939293851e8,7.982974781470433,0.07452847520408787
19,330,Uttar Dinajpur,2020,6.0876018192427054e7,4.615323140359464e8,1.4651671655443567e6,7.835755392072529e8,7.581512847588984,0.07769004409455611
19,330,Uttar Dinajpur,2021,6.245326884302545e7,4.764232619894882e8,1.4977259459627199e6,7.981912582434051e8,7.628475991976733,0.07824348888569334
19,330,Uttar Dinajpur,2022,5.978681145239415e7,3.572626133763576e8,1.6148188588962909e6,8.033478548215877e8,5.975609079952885,0.07442207145206352
19,330,Uttar Dinajpur,2023,6.216506541371156e7,3.9059937302145827e8,1.6248160601183865e6,8.117161167127181e8,6.28326167473645,0.07658473711901542
19,331,Dakshin Dinajpur,2016,3.219877959272024e7,2.811296375054499e8,708584.1193749775,4.596589986666743e8,8.731064998780573,0.07004927497583804
19,331,Dakshin Dinajpur,2017,3.362434525508257e7,2.960293200949555e8,737716.1304990759,4.6163440834265465e8,8.804017382322366,0.0728376062256703
19,331,Dakshin Dinajpur,2018,3.410735157364588e7,2.6192905613023996e8,795896.1634667161,4.828512701885225e8,7.679548368470441,0.07063738604297166
19,331,Dakshin Dinajpur,2019,3.540016748041044e7,2.8275533882517606e8,791087.0690583977,4.9850382824148285e8,7.9874011607895845,0.07101282974152419
19,331,Dakshin Dinajpur,2020,3.616383483286774e7,2.708961783306698e8,833410.9798695185,4.976244343243222e8,7.490803438922468,0.07267294838922296
19,331,Dakshin Dinajpur,2021,3.72588268038397e7,2.8524233504268676e8,856563.0689341644,5.065924178741191e8,7.655698246872636,0.07354793614992078
19,331,Dakshin Dinajpur,2022,3.749490039923396e7,2.5160084414979795e8,913107.9325426519,5.1523122031215537e8,6.710268369053683,0.07277295886013563
19,331,Dakshin Dinajpur,2023,3.772595313497136e7,2.4700520538046938e8,915363.5419022938,5.1671217250389475e8,6.547354933532468,0.07301154325851883
19,332,Maldah,2016,6.234156162562956e7,5.1660177312402654e8,1.3212012958113665e6,7.709903627892578e8,8.28663510590732,0.08085906729118218
19,332,Maldah,2017,6.96486737320266e7,5.907620475086964e8,1.433708663768163e6,7.926889905429113e8,8.482028671237222,0.08786380858440376
19,332,Maldah,2018,7.09070137687305e7,5.388572321377198e8,1.56820472510724e6,8.349160930234909e8,7.599491270288864,0.0849271134683177
19,332,Maldah,2019,7.385003459314089e7,5.808061495347672e8,1.572555076474209e6,8.446986938908393e8,7.86466997252716,0.08742766518671159
19,332,Maldah,2020,7.671098035458492e7,5.970270914598637e8,1.6171223751536743e6,8.46670118317559e8,7.782811387629204,0.09060315073717184
19,332,Maldah,2021,7.864463325615942e7,6.351663780118375e8,1.6866123262923958e6,8.659741909882199e8,8.076410960465525,0.09081637082787986
19,332,Maldah,2022,7.543467134831096e7,4.756638055822691e8,1.8487015512359564e6,8.733484367815487e8,6.305638999684189,0.08637408412420333
19,332,Maldah,2023,7.964582675008473e7,5.2492032714495146e8,1.8833003789884844e6,8.71030678483521e8,6.590682130679157,0.09143860109353376
19,333,Murshidabad,2016,9.825917112352781e7,8.362386750289557e8,2.26854031677695e6,1.112671992985336e9,8.510540700345082,0.0883091978076083
19,333,Murshidabad,2017,1.0827666879664646e8,8.846703740488569e8,2.4594141086151246e6,1.1549024742658892e9,8.170461687460566,0.09375394997354408
19,333,Murshidabad,2018,1.1167864393803921e8,9.135659540926802e8,2.5768487569369003e6,1.1865879985408738e9,8.180310235496222,0.09411745616453938
19,333,Murshidabad,2019,1.1765307271599738e8,9.439785578088886e8,2.69835227913026e6,1.2122467544224875e9,8.023407600136014,0.09705373290279265
19,333,Murshidabad,2020,1.2275443314688647e8,9.871974076853563e8,2.790775628204275e6,1.2317841104084256e9,8.042050966127535,0.09965580178346714
19,333,Murshidabad,2021,1.2955265305140896e8,1.1118635880958538e9,2.8712905070843687e6,1.2617832751108913e9,8.582329747077006,0.10267425128140431
19,333,Murshidabad,2022,1.2443340583888036e8,7.65790494517091e8,3.311631650431965e6,1.2824861004677427e9,6.154219514883782,0.09702514966321861
19,333,Murshidabad,2023,1.2898306592282437e8,8.606864230615658e8,3.2705554298748896e6,1.2988453122057865e9,6.672863735279391,0.09930594868435615
19,334,Birbhum,2016,6.1149622265856534e7,5.422489197529954e8,1.3168383501664924e6,7.190884389510072e8,8.867575949946058,0.08503769349297349
19,334,Birbhum,2017,6.643879858194594e7,5.635821840200925e8,1.4411160207681637e6,7.599458371661838e8,8.482726901284458,0.0874257023759671
19,334,Birbhum,2018,6.814220806273368e7,5.501265676604439e8,1.5267379852379793e6,7.854115358826402e8,8.073213112700744,0.08675987676467715
19,334,Birbhum,2019,7.081046090518986e7,5.726849264003154e8,1.5703871463075012e6,8.059240316945351e8,8.087575184224539,0.08786245119940628
19,334,Birbhum,2020,7.260084327294879e7,5.997617669798462e8,1.6004430295691662e6,8.240628705342599e8,8.261085408126638,0.08810109746344949
19,334,Birbhum,2021,7.464578592043896e7,6.058806283107765e8,1.6835109361125957e6,8.347769801490313e8,8.116742570793654,0.08942003396777014
19,334,Birbhum,2022,7.258173032927805e7,4.2822744920860636e8,1.9268919669179558e6,8.279421779534391e8,5.899934422421282,0.0876652165597968
19,334,Birbhum,2023,7.521408936785214e7,4.801647828536201e8,1.8968552452873064e6,8.427291777411495e8,6.383973892248588,0.08925060547856656
19,335,Barddhaman,2016,1.4263737032587406e8,1.3822966514601986e9,2.733772174654403e6,1.4682057054396367e9,9.690985246728525,0.09715080781760278
19,335,Barddhaman,2017,1.518425604760217e8,1.399877059262786e9,3.0089599920307305e6,1.5235725261527696e9,9.21926668566583,0.09966218074268186
19,335,Barddhaman,2018,1.5383444085517052e8,1.3369736776489394e9,3.1344855238569337e6,1.5542109665101066e9,8.690990588431696,0.098979124565436
19,335,Barddhaman,2019,1.5728773554086173e8,1.4155963995819795e9,3.125040080335882e6,1.5785857864716074e9,9.000043103896186,0.09963838322174752
19,335,Barddhaman,2020,1.5782132742093137e8,1.435575981325804e9,3.1715216769442298e6,1.5986003624767962e9,9.096210282764405,0.09872469137715598
19,335,Barddhaman,2021,1.6333383101954818e8,1.5198316110969684e9,3.280934191841966e6,1.6101317238209598e9,9.305063143440696,0.10144128496018022
19,335,Barddhaman,2022,1.5709425622454256e8,1.0925499971522887e9,3.7193803933960786e6,1.615627629537309e9,6.954741843588814,0.09723419762852901
19,335,Barddhaman,2023,1.625585994323635e8,1.1530932841042697e9,3.730859277785385e6,1.630018001973932e9,7.0934007067650855,0.09972810069306413
19,336,Nadia,2016,7.614133040741463e7,7.152734860130092e8,1.7506667987962947e6,9.784996630973612e8,9.394024010163026,0.07781436548112386
19,336,Nadia,2017,8.49662617851666e7,7.330903692790592e8,1.9034937189019327e6,1.0107690497060622e9,8.62801721385184,0.0840610046477732
19,336,Nadia,2018,8.487156450652334e7,7.164450062939353e8,2.0068868171596082e6,1.0307568820561047e9,8.441519965604833,0.08233907139889825
19,336,Nadia,2019,8.855473471424419e7,7.802620153940449e8,2.0068861236970623e6,1.0410615942743107e9,8.811070553278258,0.08506195522078858
19,336,Nadia,2020,9.343356638011944e7,8.22757344757994e8,2.157771842681768e6,1.0571032591090417e9,8.805800491557157,0.08838641407544998
19,336,Nadia,2021,9.974795635455275e7,9.146096147700987e8,2.322866167219002e6,1.082516045321871e9,9.16920655014857,0.09214455230074127
19,336,Nadia,2022,9.327754451487175e7,6.211880435070502e8,2.54743519534318e6,1.0929279370895412e9,6.659566852212868,0.0853464728546231
19,336,Nadia,2023,9.537196012325217e7,6.613631059288385e8,2.5723828683107975e6,1.1009571877021904e9,6.934565516679517,0.08662640217854715
19,337,North Twenty Four Parganas,2016,1.368433227097121e8,1.4654218681250005e9,2.550242782521395e6,1.5592051987386675e9,10.708756840358394,0.08776479376826904
19,337,North Twenty Four Parganas,2017,1.535940964344958e8,1.4905329407279882e9,2.7911365347074475e6,1.6094586976223881e9,9.704363483551367,0.09543214539235857
19,337,North Twenty Four Parganas,2018,1.5177846940761217e8,1.4145196351633778e9,3.0586557240518616e6,1.6393279933376148e9,9.3196330196517,0.092585785165906
19,337,North Twenty Four Parganas,2019,1.5459939931168664e8,1.512970814164383e9,3.0176570871182065e6,1.6499165197117605e9,9.786395166478586,0.09370134638005508
19,337,North Twenty Four Parganas,2020,1.688596495245476e8,1.7034983440799286e9,3.30983154054842e6,1.6669852142950096e9,10.088249909770695,0.10129642907238419
19,337,North Twenty Four Parganas,2021,1.769513982694226e8,1.7202750569611952e9,3.6527743497677185e6,1.6978543753619218e9,9.721737571928871,0.10422059797189785
19,337,North Twenty Four Parganas,2022,1.6799452454630896e8,1.387374736142735e9,3.79137194458651e6,1.7035278125400198e9,8.258452112588316,0.0986156629258804
19,337,North Twenty Four Parganas,2023,1.686218037987281e8,1.4134195775946136e9,3.703746804611943e6,1.6938345395628443e9,8.382187509283867,0.09955033969389189
19,338,Hugli,2016,9.673959235385452e7,9.855370209809003e8,1.75449463150568e6,1.0039545247291325e9,10.187525055677291,0.09635854012407077
19,338,Hugli,2017,1.0346409315807961e8,9.440408495525095e8,1.9533933642429037e6,1.0252876436976141e9,9.124333096991808,0.10091225988537716
19,338,Hugli,2018,1.0312314979389532e8,9.112634921078907e8,2.084941902905389e6,1.0542525160717794e9,8.836653010785321,0.09781636583438244
19,338,Hugli,2019,1.0533589643808407e8,9.787855004789127e8,2.0107152721000703e6,1.0591435425998011e9,9.292041303832622,0.09945384379111055
19,338,Hugli,2020,1.0795386439584677e8,1.0156534965486913e9,2.1114875578822982e6,1.0722257206182483e9,9.40821805900786,0.10068203207585831
19,338,Hugli,2021,1.1201994463217068e8,1.1097034377684247e9,2.1621451999892616e6,1.0846099846014934e9,9.90630232332513,0.10328131422589565
19,338,Hugli,2022,1.0708274731876566e8,8.188004765192081e8,2.386090647972161e6,1.091663060819091e9,7.646427618090424,0.0980913902485808
19,338,Hugli,2023,1.1080064807338949e8,8.366121606381868e8,2.441965689318965e6,1.0972819247243414e9,7.550607105511257,0.10097737470816788
19,339,Bankura,2016,6.677094811304489e7,5.87419044891548e8,1.3554292035971894e6,8.873317792294389e8,8.797524394846587,0.07524913417507592
19,339,Bankura,2017,7.018199016451183e7,5.90276724017663e8,1.4631344969525994e6,9.139658627663758e8,8.41065809952112,0.07678841521726666
19,339,Bankura,2018,7.259487050787134e7,6.076188239287604e8,1.4862846673080365e6,9.535803144478744e8,8.369996663371378,0.07612874281061892
19,339,Bankura,2019,7.473779159970216e7,6.352650381229163e8,1.5059182294506186e6,9.779139557975261e8,8.499917170759002,0.07642573373313877
19,339,Bankura,2020,7.482797956991088e7,6.290272319363948e8,1.5265256459081764e6,9.901911142889478e8,8.406310521169454,0.07556922950540164
19,339,Bankura,2021,7.81808608064607e7,6.6768019963269e8,1.596976767947884e6,1.0101925769313419e9,8.540200155707602,0.07739203652035377
19,339,Bankura,2022,7.570378635914232e7,4.873837405673857e8,1.8164737583118596e6,1.0152530804110718e9,6.438036510554628,0.07456641877756251
19,339,Bankura,2023,7.913853578215617e7,5.028095762921172e8,1.8773729025171783e6,1.0141096402975951e9,6.3535365081329775,0.07803745535732468
19,340,Puruliya,2016,5.264241578157759e7,4.06785913831838e8,1.006323186293477e6,6.374657646277152e8,7.7273413043896495,0.08258077327857936
19,340,Puruliya,2017,5.3423102110717386e7,3.632261430238452e8,1.210069184795123e6,6.577865902177657e8,6.799046267868769,0.081216465803949
19,340,Puruliya,2018,5.724272866338805e7,4.361794657972569e8,1.1270878580491072e6,7.061386697990463e8,7.619823093378032,0.08106442985154495
19,340,Puruliya,2019,5.9596662554007955e7,4.6304763626027197e8,1.1703459736313815e6,7.214899871564034e8,7.769690724554364,0.08260220323901556
19,340,Puruliya,2020,5.977958207299602e7,4.552073240535267e8,1.1924153055838943e6,7.495740401960057e8,7.614762570565972,0.07975140395385663
19,340,Puruliya,2021,6.151887306813806e7,4.842722862824056e8,1.249804463539446e6,7.854372579426278e8,7.8719303870541895,0.07832436320792883
19,340,Puruliya,2022,6.169970388933392e7,4.209310613016229e8,1.4375840845482606e6,7.848628394583293e8,6.8222541563021935,0.07861208454195102
19,340,Puruliya,2023,6.364509561869963e7,3.9457221586910677e8,1.5058699011316998e6,7.7570638636569e8,6.199569849545125,0.08204792011174127
19,341,Haora,2016,7.3229426001903e7,7.923991701031654e8,1.1836990894182543e6,6.6723937849946e8,10.820775381778542,0.10974985644070806
19,341,Haora,2017,7.981837139984435e7,7.600766342423829e8,1.3149920778200885e6,6.776509489557558e8,9.52257758348431,0.11778685106667759
19,341,Haora,2018,7.959902695562714e7,7.43428801150365e8,1.4230366315065054e6,6.976513780684397e8,9.339671973186217,0.11409570662070485
19,341,Haora,2019,7.956608345286529e7,7.571996768588004e8,1.377100705693877e6,6.939117533980545e8,9.516613662495569,0.11466311539361276
19,341,Haora,2020,8.305540552578278e7,8.301253829918402e8,1.471520395932131e6,6.988537815747663e8,9.994838719246824,0.11884518294889869
19,341,Haora,2021,8.70012058254356e7,8.867153657165192e8,1.5022280608876948e6,7.136978403544042e8,10.191989378810195,0.12190201638025555
19,341,Haora,2022,8.438843920453316e7,7.286188945614648e8,1.5935299137482964e6,7.214369905039562e8,8.634107958739508,0.11697270907274111
19,341,Haora,2023,8.599436418776217e7,7.110339148508078e8,1.6142645633227953e6,7.174514321291782e8,8.268378068338516,0.1198608858199042
19,342,Kolkata,2016,5.114069524945309e7,7.052853810817567e8,693263.6575906246,1.7103642469404483e8,13.791079249930595,0.29900470230791554
19,342,Kolkata,2017,5.35186540891996e7,6.623578719752656e8,719621.7695732377,1.7103308726278338e8,12.376205703366773,0.31291403871445644
19,342,Kolkata,2018,5.4061461276658915e7,6.66619694572414e8,781408.8747365432,1.7192821453261715e8,12.330774618928544,0.31444205608499887
19,342,Kolkata,2019,5.297782283507086e7,6.551431331518804e8,787066.25944027,1.7192278282423022e8,12.366365737441766,0.30814893735889637
19,342,Kolkata,2020,5.4350440080051236e7,7.129404978574792e8,765453.557222951,1.720961690163258e8,13.117474243215128,0.3158143518865624
19,342,Kolkata,2021,5.506127786352206e7,7.2488321887533e8,802677.2995956755,1.722586837689606e8,13.16502716613417,0.31964297333986474
19,342,Kolkata,2022,5.365734294516461e7,6.306113428767476e8,835879.1264932181,1.7267253397875687e8,11.752563736173146,0.3107462530883217
19,342,Kolkata,2023,5.399113230253373e7,6.455663829684131e8,827295.6553937476,1.7233618566889936e8,11.956896539065871,0.3132895862408381
19,343,South Twenty Four Parganas,2016,1.3727633868578e8,1.2637913361424184e9,2.3469250691022333e6,2.2004657400385723e9,9.206184752896025,0.06238512883339581
19,343,South Twenty Four Parganas,2017,1.540249335416938e8,1.2305127626055493e9,2.6795272278306144e6,2.2687375678880887e9,7.989049138414044,0.0678901498885443
19,343,South Twenty Four Parganas,2018,1.5361220126777926e8,1.1881859786669629e9,2.842441581574135e6,2.345955127782242e9,7.734971368554884,0.06547959909744616
19,343,South Twenty Four Parganas,2019,1.555076187598051e8,1.2409033051370945e9,2.908208853298649e6,2.371901301754668e9,7.979694596531481,0.06556243240170441
19,343,South Twenty Four Parganas,2020,1.6386094469250035e8,1.417913071508194e9,3.0190723422573395e6,2.3674985158816295e9,8.653148400731084,0.06921269162083525
19,343,South Twenty Four Parganas,2021,1.7471152290214524e8,1.4113000482258425e9,3.3810699413085724e6,2.423726895567506e9,8.077887621735758,0.07208383222617053
19,343,South Twenty Four Parganas,2022,1.671472254242628e8,1.0709578693743942e9,3.4615074416835136e6,2.4185660891000795e9,6.407272789937295,0.06911005085929091
19,343,South Twenty Four Parganas,2023,1.6717246867337328e8,1.0734633114902877e9,3.40643810199746e6,2.4116852683938913e9,6.4212924532905795,0.06931769699149219
19,344,Paschim Medinipur,2016,1.0170923591744268e8,9.262607457442317e8,1.7168941582731528e6,1.742936692473078e9,9.106948227357414,0.058355094798725006
19,344,Paschim Medinipur,2017,1.111934109445349e8,9.542672702316763e8,1.9380065448338832e6,1.8152698587448711e9,8.582048721463186,0.06125447982781864
19,344,Paschim Medinipur,2018,1.1201065105174166e8,9.27426535674921e8,1.9929515443237454e6,1.8841695806768954e9,8.279806669872046,0.05944828544121883
19,344,Paschim Medinipur,2019,1.1423290379826204e8,9.743375476187363e8,1.983544846586687e6,1.9104834960705647e9,8.529394904811655,0.05979266716159206
19,344,Paschim Medinipur,2020,1.1720232910639282e8,1.0130831177837268e9,2.0719395309139846e6,1.9436415851630666e9,8.643882126814049,0.06030038151121357
19,344,Paschim Medinipur,2021,1.2330342927225462e8,1.1323308620675955e9,2.0887469904798912e6,1.959148390606568e9,9.183287672943816,0.06293725879236686
19,344,Paschim Medinipur,2022,1.2325010961996858e8,8.929779176210965e8,2.3913729144992167e6,1.9503293186411996e9,7.245250494093022,0.0631945120457079
19,344,Paschim Medinipur,2023,1.2748716851856409e8,8.925163366743984e8,2.5022734352766443e6,1.9568639569146526e9,7.000832688071148,0.06514871310705242
19,345,Purba Medinipur,2016,8.911686584530169e7,8.430836189698241e8,1.4186591089938867e6,1.6988344238843293e9,9.460427170243355,0.05245765248948681
19,345,Purba Medinipur,2017,1.0168134502427815e8,8.621798753055058e8,1.5686723282662525e6,1.7489362987573261e9,8.479233581141612,0.058138964293053964
19,345,Purba Medinipur,2018,1.0254749919996454e8,7.917474414398047e8,1.6698069824012276e6,1.803491311528301e9,7.720787416725989,0.05686054517948551
19,345,Purba Medinipur,2019,9.979671776852864e7,8.190239437703855e8,1.6242910180831293e6,1.8003031284079883e9,8.206922653208427,0.055433285758259544
19,345,Purba Medinipur,2020,1.070456816832662e8,9.353435407713318e8,1.7451334197989926e6,1.8284299903842297e9,8.737797976184483,0.058545135578733
19,345,Purba Medinipur,2021,1.1458762411371876e8,1.0096163816447908e9,1.910149428345812e6,1.854472253485026e9,8.810867573646782,0.061789883293416455
19,345,Purba Medinipur,2022,1.1385545150087315e8,7.785169390618181e8,2.103275543524863e6,1.8562409559214463e9,6.83776603402998,0.06133656901474561
19,345,Purba Medinipur,2023,1.1353743362254052e8,7.442440026491923e8,2.086876419441736e6,1.8316350214148364e9,6.55505394919758,0.06198693096337454
20,346,Garhwa,2016,2.9417271088395987e7,2.0304589483513916e8,386864.9974846324,5.443233119475223e8,6.90226820241097,0.05404374650636326
20,346,Garhwa,2017,3.0465607570806354e7,1.882153004527242e8,447726.11414881505,5.648572376292013e8,6.177959852442968,0.05393505746456489
20,346,Garhwa,2018,3.2442094572257414e7,2.214424044542925e8,429101.99441711424,5.909319353625193e8,6.8257739635484915,0.054899883778247914
20,346,Garhwa,2019,3.440521441696428e7,2.32477818180477e8,460176.0999837268,6.107177863086818e8,6.757051863215493,0.05633570069232349
20,346,Garhwa,2020,3.4908574990119375e7,2.3224693256301898e8,487675.34956454247,6.201002909619561e8,6.653005246669474,0.0562950469446902
20,346,Garhwa,2021,3.672708494277628e7,2.5073425618005782e8,505699.52182063955,6.464591394924364e8,6.826957722637714,0.056812693485333556
20,346,Garhwa,2022,3.5623204534983315e7,1.892847624922317e8,617932.7523401732,6.292691221158587e8,5.313524287416282,0.0566104442169411
20,346,Garhwa,2023,3.6845466903487705e7,2.1517601613236526e8,615790.6385174028,6.445133330520141e8,5.839959002175033,0.05716788934219638
20,347,Chatra,2016,2.1799210124371815e7,1.5894895574923006e8,305763.70067039586,4.02832070956813e8,7.291500693941335,0.054114882344382345
20,347,Chatra,2017,2.303015560049293e7,1.5280796858683768e8,352113.69859145506,4.284491277556373e8,6.635125321670299,0.05375236897116057
20,347,Chatra,2018,2.483458447976707e7,1.7522735559114823e8,356874.23530411284,4.463554033773744e8,7.055779642051484,0.055638588200915065
20,347,Chatra,2019,2.622349058783289e7,1.8742560273660392e8,377003.025771894,4.63927887280978e8,7.1472408338943705,0.056524928349372165
20,347,Chatra,2020,2.6646226878556263e7,1.9062234557793346e8,386849.3602987828,4.6765625709749156e8,7.153821306360569,0.05697823235368658
20,347,Chatra,2021,2.713967095341576e7,1.920264885470268e8,407784.5727698447,4.813893113778838e8,7.075490667393616,0.0563778013178849
20,347,Chatra,2022,2.4350193244257003e7,1.3397346175749466e8,450914.2079606762,4.4757605728751916e8,5.501946551865346,0.05440459302454296
20,347,Chatra,2023,2.6934601000010174e7,1.5038141216382736e8,490525.18321067863,4.747483251235905e8,5.583205489614291,0.05673448346131254
20,348,Kodarma,2016,1.387615701350447e7,1.1113141029581186e8,208266.59087367935,1.713145898420726e8,8.008803171343278,0.08099810428461633
20,348,Kodarma,2017,1.4499302578959009e7,1.0381079423830786e8,245693.32209785935,1.790772149618796e8,7.159709487610477,0.08096676387359214
20,348,Kodarma,2018,1.5835251482282417e7,1.1936837482561032e8,240163.74108566466,1.8928706756434208e8,7.538142034508765,0.08365733425977308
20,348,Kodarma,2019,1.665799394064287e7,1.2889957926476045e8,251602.73446030074,1.9553233013383114e8,7.738001329815943,0.08519304162764994
20,348,Kodarma,2020,1.673255050051391e7,1.3112828579625833e8,253839.55996837193,1.9721039207345283e8,7.8367183647365035,0.08484619053077952
20,348,Kodarma,2021,1.699820081767878e7,1.2765827888610828e8,271809.26877410937,2.031042736880553e8,7.510105349110759,0.0836919898779976
20,348,Kodarma,2022,1.6726033137590572e7,1.0593016375493589e8,306099.9761304571,1.9761367431710324e8,6.333250860113709,0.08464005942600376
20,348,Kodarma,2023,1.7729124461163133e7,1.1644515808730063e8,319132.3988473697,2.0893761197076818e8,6.568015151700342,0.08485367614732554
20,349,Giridih,2016,4.8479673798111886e7,3.6230436150047106e8,762620.8061194372,6.830624338800437e8,7.473325068341973,0.07097400090168868
20,349,Giridih,2017,5.156085230346681e7,3.448285288534373e8,913468.7621312828,7.108801574967372e8,6.687797300632519,0.07253100506424455
20,349,Giridih,2018,5.6484551892268516e7,4.098029243332185e8,853128.1915571638,7.549266810626725e8,7.255132785948709,0.07482124199499485
20,349,Giridih,2019,5.907679510113388e7,4.4452203212249357e8,865756.5955899373,7.726831310040939e8,7.524477781191649,0.07645669062862054
20,349,Giridih,2020,5.9516823346592925e7,4.4299656953908795e8,898245.5848070462,7.79301278686083e8,7.443215961969643,0.07637203347970818
20,349,Giridih,2021,6.137554506302664e7,4.7147822914536816e8,930357.8503040727,8.10991931445772e8,7.681858118917013,0.07567960010848836
20,349,Giridih,2022,5.9678563068764865e7,3.95016402440348e8,1.09770526467205e6,7.82894040995477e8,6.619066916627815,0.07622814831095343
20,349,Giridih,2023,6.376588958004561e7,3.942121720209022e8,1.1763979098767254e6,8.241822617521216e8,6.182179447619027,0.07736867503613373
20,350,Deoghar,2016,3.0833702472631935e7,2.2804018723886913e8,528924.3501185064,4.3006196029658014e8,7.3958094212421654,0.0716959538838737
20,350,Deoghar,2017,3.2103865978483472e7,2.1351502961108395e8,637049.3753339057,4.424757292621514e8,6.650757567770348,0.07255508913905434
20,350,Deoghar,2018,3.447968092983949e7,2.5419144087190124e8,597475.160222012,4.675138804271523e8,7.3722097773798785,0.07375113846531471
20,350,Deoghar,2019,3.620756827432609e7,2.77753873722721e8,610412.0463265912,4.706608610973576e8,7.671155146855567,0.0769292101108795
20,350,Deoghar,2020,3.631493545793024e7,2.7115925932836986e8,648050.3343616148,4.779261830083679e8,7.466879836327941,0.0759844025061385
20,350,Deoghar,2021,3.893704809724032e7,3.046613243885925e8,665930.7945519469,5.049176775201556e8,7.8244586910579255,0.07711563653004802
20,350,Deoghar,2022,3.8166336619513474e7,2.6132140234193465e8,800060.4518081138,4.895590618374655e8,6.846908178458178,0.0779606376322879
20,350,Deoghar,2023,4.060097301165926e7,2.5451169772416043e8,875460.3393208272,5.1509606397799104e8,6.268610795388403,0.07882213794861001
20,351,Godda,2016,2.057316096561308e7,1.6143940332124308e8,445223.8106321262,2.8009216574828815e8,7.847087940986817,0.07345139736647138
20,351,Godda,2017,2.159016666695806e7,1.6669602091167387e8,461404.71793439577,2.907746675958716e8,7.7209233019394965,0.07425050760255635
20,351,Godda,2018,2.295026568929777e7,1.8258090992460987e8,475714.10086122266,3.105865019959214e8,7.955503103815984,0.07389331326961257
20,351,Godda,2019,2.424491738581058e7,1.9802791311010364e8,484139.4978809759,3.187216162085784e8,8.167811420384552,0.07606925966999419
20,351,Godda,2020,2.440200248264696e7,1.9591953810472628e8,494355.3282187101,3.23840066531319e8,8.028830348822844,0.07535201787727835
20,351,Godda,2021,2.5490524236085348e7,2.093652775705525e8,518083.37909001607,3.4723774904854476e8,8.213455150293344,0.07340942713150034
20,351,Godda,2022,2.5476496073254548e7,1.5159403246231788e8,643849.3998609022,3.4746046534345895e8,5.950348589006423,0.07332199952035248
20,351,Godda,2023,2.7080430874814883e7,1.7110304556231725e8,657876.3142670223,3.468034676315833e8,6.3183280337479815,0.07808581344285462
20,352,Sahibganj,2016,1.6476255611147236e7,1.364606568836476e8,313443.0293474585,2.1578566046667048e8,8.28226146184108,0.0763547289264483
20,352,Sahibganj,2017,1.8064907493939053e7,1.4525760550952858e8,351945.7529306755,2.214476161515893e8,8.04087181505158,0.08157643693745133
20,352,Sahibganj,2018,1.8798826815693494e7,1.4775806543481502e8,374136.30494873476,2.3509504793080577e8,7.859962054199294,0.07996266608400211
20,352,Sahibganj,2019,1.936926962941965e7,1.575515674721102e8,381798.4877480914,2.3811350524265087e8,8.134099554936643,0.08134469151458373
20,352,Sahibganj,2020,1.9889047020492356e7,1.6205122904362053e8,385774.7728930427,2.402727992041552e8,8.147762377787819,0.08277693973837219
20,352,Sahibganj,2021,2.0836962479313683e7,1.7359029139204833e8,415860.54729976744,2.520415656012829e8,8.330882755314438,0.08267272276937333
20,352,Sahibganj,2022,2.0305589794412773e7,1.2550688997942503e8,483362.37865483185,2.569575944538105e8,6.180903448269163,0.07902311600314585
20,352,Sahibganj,2023,2.118792463176044e7,1.3557743506428593e8,490985.7573717557,2.565803593429419e8,6.398806745850748,0.0825781236179537
20,353,Pakur,2016,1.535124885204606e7,1.248331118979417e8,296781.1762975534,2.273163313326325e8,8.13178869687228,0.06753253830048199
20,353,Pakur,2017,1.717061248335553e7,1.3405683724186002e8,340398.2849748666,2.3571163573565024e8,7.807341606003227,0.07284584161391298
20,353,Pakur,2018,1.759020402485327e7,1.396226416394894e8,343933.31598327734,2.4771382878829658e8,7.93752258030754,0.07101018183319256
20,353,Pakur,2019,1.8075625506197326e7,1.4441866488564125e8,360188.78982990107,2.5231872074318317e8,7.989691136062015,0.07163806733387487
20,353,Pakur,2020,1.8277342230991594e7,1.433457276331901e8,367001.6509789669,2.5369150846409315e8,7.842810285082308,0.07204554201142496
20,353,Pakur,2021,1.9424275437603787e7,1.5891575828273606e8,393295.98280175956,2.6813519332360595e8,8.181296583917273,0.07244209608158782
20,353,Pakur,2022,1.8761916689673923e7,1.1421029607744758e8,449891.3887753985,2.694079757131204e8,6.08734693616383,0.06964128155453195
20,353,Pakur,2023,1.8535236791186977e7,1.1269798981095049e8,441306.019041498,2.6555990515634185e8,6.080202323853529,0.06979681959245622
20,354,Dhanbad,2016,4.331624796293427e7,3.6409820014125204e8,735762.7511668311,4.588019863244333e8,8.405580290629304,0.09441163999735605
20,354,Dhanbad,2017,4.513567110650915e7,3.295543441323145e8,891234.4992641746,4.7321527538252157e8,7.301416729899658,0.09538084135180108
20,354,Dhanbad,2018,4.699085657462993e7,3.86762163868529e8,835000.0548974611,5.0352276948612136e8,8.230583395607635,0.0933241939040557
20,354,Dhanbad,2019,4.888528835577234e7,4.1880764092801416e8,824422.7750330109,5.0945842577918196e8,8.56715087533204,0.0959554026042569
20,354,Dhanbad,2020,4.9304183718904674e7,4.110592647318604e8,845679.6295632964,5.2055334231613046e8,8.337208604353147,0.0947149498637978
20,354,Dhanbad,2021,5.046103559075981e7,4.3945993093130475e8,857004.2229102345,5.377763345874847e8,8.70889639474178,0.0938327560089963
20,354,Dhanbad,2022,4.8758131560452975e7,3.570139043301902e8,1.0242184201417423e6,5.2348250015780497e8,7.322140797941467,0.09314185583234344
20,354,Dhanbad,2023,5.148796760986467e7,3.5745437578463054e8,1.0891948216373948e6,5.370565631405715e8,6.942483698194085,0.09587066082718737
20,355,Bokaro,2016,3.763808879583706e7,3.42705011239867e8,604172.4303180049,4.1905247474326366e8,9.105271340923444,0.08981712569266266
20,355,Bokaro,2017,3.819071949689115e7,2.959341841549291e8,737602.4002635835,4.358343019985294e8,7.748850716965914,0.08762669510354422
20,355,Bokaro,2018,4.0509376982871845e7,3.4401637794091105e8,695341.9201693981,4.6622473967549413e8,8.492265336155821,0.0868880896605091
20,355,Bokaro,2019,4.1988267879018515e7,3.692235871030119e8,699666.8131430175,4.7926205043809354e8,8.793494129523559,0.08761024963407187
20,355,Bokaro,2020,4.215651035158333e7,3.659194101854425e8,712438.1049621478,4.842151649615426e8,8.68002135693139,0.08706152430176674
20,355,Bokaro,2021,4.344188785347559e7,3.9138316329544085e8,726244.0244878489,5.1351428675136346e8,9.009349791968768,0.08459723317203355
20,355,Bokaro,2022,4.267053897301539e7,3.316646502285259e8,853783.9412692446,4.9107160859247476e8,7.772684812776064,0.08689270205483689
20,355,Bokaro,2023,4.454803956357756e7,3.226448087912613e8,916039.4045328328,5.14121228402405e8,7.242626430974426,0.08664890127569214
20,356,Lohardaga,2016,1.1626571023140073e7,8.67858972867116e7,174521.61272403176,1.8032682823329502e8,7.46444477172021,0.06447499319456991
20,356,Lohardaga,2017,1.215875179400675e7,8.460522990787677e7,189883.01164096617,1.9394260223464304e8,6.958381200739709,0.06269252682964614
20,356,Lohardaga,2018,1.2557608530698072e7,8.984355422221474e7,186707.9584115573,2.066032174808364e8,7.154511466302285,0.06078128251735896
20,356,Lohardaga,2019,1.3389138824148716e7,9.585225110956669e7,193814.03023424576,2.077420804790097e8,7.158955655660773,0.0644507785484586
20,356,Lohardaga,2020,1.316260431350694e7,9.452921365641043e7,200917.88877307702,2.0961966155848652e8,7.181649725610023,0.06279279441463276
20,356,Lohardaga,2021,1.3311561661760937e7,9.759264647071956e7,214271.8734572892,2.1981256853750002e8,7.331419780074803,0.060558692118144214
20,356,Lohardaga,2022,1.2738615150662627e7,7.266182500999282e7,251369.82189192538,2.1606918452132735e8,5.704059990085591,0.05895618655146657
20,356,Lohardaga,2023,1.3753764888358418e7,7.838813217932937e7,269664.20056424703,2.2168443475521982e8,5.6993945160193435,0.06204208655219791
20,357,Purbi Singhbhum,2016,4.1510186791877374e7,3.9925053761783236e8,662065.9126268273,4.5571745286200976e8,9.618133968405964,0.09108755113762686
20,357,Purbi Singhbhum,2017,4.279988397408227e7,3.740343732897642e8,736888.8923608611,4.664739259466414e8,8.739144562080192,0.0917519320875783
20,357,Purbi Singhbhum,2018,4.496948317282573e7,4.1865665690902495e8,704974.136122931,4.847744026183556e8,9.30979471789909,0.09276373284137383
20,357,Purbi Singhbhum,2019,4.6064953473395556e7,4.246089516580183e8,723071.4451631127,4.951793666012714e8,9.217613817915778,0.09302680317552085
20,357,Purbi Singhbhum,2020,4.6490156833155364e7,4.2777491742479986e8,751157.6911863855,5.0579616076256895e8,9.201408353170446,0.09191480766296048
20,357,Purbi Singhbhum,2021,4.774571453884808e7,4.552883457241949e8,778963.2852025506,5.1608649277842367e8,9.535690273390959,0.09251494702332232
20,357,Purbi Singhbhum,2022,4.7387101891101204e7,4.0953523502900946e8,866359.6516861633,5.2135424912243795e8,8.642335544599232,0.09089232891237553
20,357,Purbi Singhbhum,2023,4.9134628100882515e7,4.121396106649675e8,908825.3116725663,5.148536784386565e8,8.387966421945197,0.09543415956527303
20,358,Palamu,2016,4.0729477828596964e7,3.0112875667489946e8,534773.8807118185,6.0781578914802e8,7.393386135274022,0.06700957519660321
20,358,Palamu,2017,4.213681608000563e7,2.9102173016139644e8,608534.3351895966,6.346305002053231e8,6.906590417482667,0.06639582570704218
20,358,Palamu,2018,4.41730668061537e7,3.260688102548331e8,609487.9422752393,6.578768949221201e8,7.381620381616991,0.0671448824956574
20,358,Palamu,2019,4.706641363569687e7,3.463090211980467e8,639816.7939206883,6.801232570986059e8,7.35787994977789,0.06920277044558273
20,358,Palamu,2020,4.7799670145766325e7,3.464131886554429e8,678209.0111180679,6.995159409256738e8,7.247187848766465,0.06833249587209224
20,358,Palamu,2021,4.90849249167403e7,3.6296833309385926e8,706884.1257004846,7.313059611781365e8,7.394700790712013,0.06711954711495079
20,358,Palamu,2022,4.8566867444227725e7,2.778432325910351e8,863298.6211648402,7.054595834008118e8,5.720839066058756,0.06884429467964874
20,358,Palamu,2023,5.129669110103049e7,3.4836046979205704e8,822941.3996415016,7.304119015445428e8,6.791090464411239,0.07022981278448166
20,359,Latehar,2016,1.7929769490811937e7,1.267792944461168e8,237009.88657895243,3.689026297859567e8,7.070882562716967,0.04860298637940066
20,359,Latehar,2017,1.8747352531450722e7,1.232820734852656e8,267407.7771839969,3.91692865012546e8,6.575972435491706,0.047862379445819725
20,359,Latehar,2018,1.926895920645493e7,1.3518482449945417e8,266746.8992264087,4.029188862123237e8,7.015678587049396,0.04782342021143403
20,359,Latehar,2019,2.079152393207108e7,1.4465514363384682e8,281069.7774278482,4.2076527971868867e8,6.957409380209749,0.049413592171796306
20,359,Latehar,2020,2.0576813128402397e7,1.422035446241127e8,289704.9691287867,4.22659864240242e8,6.9108633944790805,0.048684095343168025
20,359,Latehar,2021,2.1054742465128865e7,1.488022271090782e8,303782.8873352896,4.3726252045899206e8,7.067397160308484,0.04815126263972457
20,359,Latehar,2022,1.9093540559041176e7,1.0474015472413144e8,343709.21928516065,4.1240775088041896e8,5.485632923880892,0.04629772480822628
20,359,Latehar,2023,2.008935758647241e7,1.1095099278608465e8,366631.76500399236,4.258238837409582e8,5.52287410428673,0.047177620498838405
20,360,Hazaribagh,2016,3.76510737120926e7,2.9555743937361073e8,551377.863879985,4.867449790541781e8,7.849907326246713,0.07735277266805
20,360,Hazaribagh,2017,3.896320930843185e7,2.6085851929747874e8,675196.6425950953,5.097744713378716e8,6.694995713328664,0.07643224896330197
20,360,Hazaribagh,2018,4.2011609190356985e7,3.048537636811527e8,643473.0396300078,5.334536665729433e8,7.256417203631573,0.07875399837487557
20,360,Hazaribagh,2019,4.418911967663508e7,3.3213583858962417e8,667597.1652669815,5.559927103416783e8,7.516235693766047,0.07947787597696958
20,360,Hazaribagh,2020,4.406043633479881e7,3.3270176136485004e8,684546.9097280739,5.589388445557177e8,7.551031924349853,0.07882872475936258
20,360,Hazaribagh,2021,4.5212339716970466e7,3.3788871378032684e8,713491.8517537066,5.80850433056909e8,7.473373771309168,0.07783817854628469
20,360,Hazaribagh,2022,4.3982513567955285e7,2.702824236686279e8,802363.5587955372,5.609184631909579e8,6.14522458456194,0.07841159892963262
20,360,Hazaribagh,2023,4.667008776877801e7,2.8695154901705146e8,850778.064971233,5.930786880143576e8,6.148511021421738,0.07869122379870139
20,361,Ramgarh,2016,1.827345779083924e7,1.519331149994784e8,301118.9573237862,2.2870956939167818e8,8.314415188330955,0.07989809013869857
20,361,Ramgarh,2017,1.84874629425623e7,1.3020497949130286e8,373424.44202288263,2.3853512383139557e8,7.04287980972996,0.07750415387727069
20,361,Ramgarh,2018,1.979433948582507e7,1.4489421114404953e8,367653.5641777888,2.5498202998974425e8,7.319982121545897,0.07763033138696569
20,361,Ramgarh,2019,2.055016163301554e7,1.596955303216088e8,369235.699090279,2.6477746565580574e8,7.771010913366476,0.07761295540055313
20,361,Ramgarh,2020,2.0701156780381706e7,1.622697197378991e8,371282.42387249775,2.691394435544232e8,7.8386788457967045,0.07691610158284244
20,361,Ramgarh,2021,2.0555856130098872e7,1.6695133659527642e8,367615.16944706463,2.7860362845450366e8,8.12183815349915,0.0737817243950779
20,361,Ramgarh,2022,2.0465706899752967e7,1.408141267459404e8,416828.9203770928,2.692072601117686e8,6.880491714050693,0.07602212099055605
20,361,Ramgarh,2023,2.1490721173614636e7,1.4350552343436563e8,441741.0382628111,2.810739868938993e8,6.67755736417796,0.07645930315752421
20,362,Dumka,2016,2.8710671743540373e7,2.229583353749716e8,519694.5736572771,4.308583908408509e8,7.765695535324251,0.06663598145903449
20,362,Dumka,2017,2.967591982872062e7,2.2190303386017132e8,557956.2831055925,4.418453283018574e8,7.4775452670353815,0.06716359306722554
20,362,Dumka,2018,3.1030558177931868e7,2.38780777884454e8,557762.1779863558,4.6546162549147135e8,7.695020389748217,0.06666620077469833
20,362,Dumka,2019,3.2396259763378475e7,2.5505224419878763e8,581896.6214896728,4.778064070066291e8,7.872891687549219,0.06780206227525326
20,362,Dumka,2020,3.219739558786767e7,2.4444038087001207e8,596028.4262347746,4.851758523944165e8,7.591930229354324,0.06636232085535303
20,362,Dumka,2021,3.433542255799251e7,2.7394019187528974e8,624301.9000117256,5.144825548128178e8,7.97835504754907,0.06673777805835347
20,362,Dumka,2022,3.356671901523437e7,1.9914953494768462e8,769487.7700983727,5.1587305019460016e8,5.932946108235956,0.06506778945434767
20,362,Dumka,2023,3.497919725075355e7,2.1315250788790116e8,783514.2314941861,5.208243372625459e8,6.0936935276097355,0.06716121876063685
20,363,Jamtara,2016,1.810408204632913e7,1.3292678509108008e8,302764.822279384,2.5041464833798635e8,7.342365371020452,0.07229641782733863
20,363,Jamtara,2017,1.8628943291435868e7,1.2427399868775757e8,352814.9653156637,2.5541602129964763e8,6.671017069706205,0.07293568820250654
20,363,Jamtara,2018,2.004868125817669e7,1.442670813161134e8,335094.67513085325,2.7097367111334246e8,7.1958389411410915,0.073987561875673
20,363,Jamtara,2019,2.073777971170584e7,1.5339827809197855e8,345867.4353348869,2.7377816654767156e8,7.39704443891792,0.07574665274885929
20,363,Jamtara,2020,2.0640709281162914e7,1.4787365538943598e8,359346.0526443207,2.7796293071565175e8,7.164175095687635,0.07425705732782685
20,363,Jamtara,2021,2.1577068273557615e7,1.6266783217532504e8,377640.77449215675,2.947089448553078e8,7.53892188285246,0.07321484009978466
20,363,Jamtara,2022,2.0904605974025045e7,1.238521309545248e8,470252.94350507384,2.871081185592754e8,5.924633600289663,0.07281091903261228
20,363,Jamtara,2023,2.2719572907467738e7,1.3114704511856554e8,491995.58316507033,2.978108823489047e8,5.772425637255645,0.07628859203623824
20,364,Ranchi,2016,6.5391761334038086e7,5.60753536342725e8,984232.5339201269,7.95556474834283e8,8.575293353519726,0.08219625306633248
20,364,Ranchi,2017,6.863090520047186e7,5.080132735446412e8,1.1718923318871825e6,8.425086674389132e8,7.402106559147473,0.08146017703188556
20,364,Ranchi,2018,7.301980565183996e7,5.751234810416086e8,1.1441101160802017e6,8.952076292922642e8,7.876266937545822,0.08156745235691094
20,364,Ranchi,2019,7.653430708699512e7,6.078552277672075e8,1.2077988743588587e6,9.211976573481888e8,7.942258196396418,0.08308130885537754
20,364,Ranchi,2020,7.716713822415243e7,6.231230608315717e8,1.2277671955972302e6,9.312230874828815e8,8.07497952070667,0.08286643583197348
20,364,Ranchi,2021,7.920215641601594e7,6.741703050531086e8,1.24972245465747e6,9.761257621795726e8,8.512019565628652,0.08113929524733263
20,364,Ranchi,2022,7.919492862554404e7,5.548662528217468e8,1.4381952241606046e6,9.705988524944049e8,7.00633566380634,0.08159388239746612
20,364,Ranchi,2023,8.242003004621817e7,5.712801911074634e8,1.4957026032954424e6,9.922711222107652e8,6.931327139617761,0.08306200614060759
20,365,Khunti,2016,1.24585462623492e7,8.734388984151904e7,213731.14747932117,2.356071080405905e8,7.01076096699017,0.05287848217296923
20,365,Khunti,2017,1.3320464602920221e7,8.291457165356585e7,247091.68600082712,2.4610107748539752e8,6.2246005770240656,0.05412599058494815
20,365,Khunti,2018,1.4251089462536193e7,9.774267322448494e7,232483.6992662041,2.690233051077397e8,6.858610598258792,0.05297343833029206
20,365,Khunti,2019,1.5255649347734751e7,1.026233858595258e8,259466.47506456912,2.7742904465790063e8,6.726910374009345,0.05498937346861638
20,365,Khunti,2020,1.5051727875781018e7,1.0299863505675581e8,261071.94474734523,2.8554413383819693e8,6.84297749114145,0.05271243948688525
20,365,Khunti,2021,1.5272369882948441e7,1.1147612003260441e8,258918.04286016052,2.9321648769919574e8,7.2992024739439545,0.05208564498806774
20,365,Khunti,2022,1.5207383723252203e7,9.118437983792222e7,306611.4623269285,2.918179057319585e8,5.996059644270081,0.05211257919594741
20,365,Khunti,2023,1.5787365413165461e7,9.100649211055164e7,313418.6258743082,3.005253842830653e8,5.764514200365512,0.05253255211977474
20,366,Gumla,2016,2.671403925290403e7,1.9307885665843537e8,402692.9597868069,4.686786963050974e8,7.227617464754835,0.05699862072568773
20,366,Gumla,2017,2.8225333515951592e7,1.8632140720081857e8,441191.9573703844,4.883609456967487e8,6.601211889861947,0.05779604975512993
20,366,Gumla,2018,2.8771866754781466e7,2.0321972029130933e8,416748.5261235615,5.0105007021648675e8,7.0631399075813235,0.05742313685805915
20,366,Gumla,2019,3.060971654427986e7,2.1513092694559136e8,441548.8901452675,5.1483384216297877e8,7.028190758786808,0.05945552533158819
20,366,Gumla,2020,2.9801759946328957e7,2.0656456559657985e8,452939.2977010897,5.28370258775605e8,6.931287479953844,0.05640317457570137
20,366,Gumla,2021,3.0766116997694846e7,2.2203789474042505e8,483959.16157988424,5.661433147859373e8,7.216961918108199,0.05434333709182405
20,366,Gumla,2022,2.847783492387461e7,1.6167234233291686e8,546126.9189834369,5.3147072612885267e8,5.677128994008516,0.05358307339202402
20,366,Gumla,2023,3.043422918392624e7,1.6840949776722386e8,570402.8783961531,5.452540592035117e8,5.533555548571899,0.05581660268312997
20,367,Simdega,2016,1.5769686587101134e7,1.179442349444676e8,236367.9213510094,3.7414683525260794e8,7.479174319224612,0.04214838961942339
20,367,Simdega,2017,1.7020144510928333e7,1.125321685550444e8,266959.351696812,3.735950161945848e8,6.611704646972268,0.04555773972654788
20,367,Simdega,2018,1.751534307490534e7,1.2378764965544385e8,247441.6580239099,3.8509750374816936e8,7.067383671907486,0.045482878762982897
20,367,Simdega,2019,1.8587005752118833e7,1.3180197377995428e8,263202.19893733156,3.994106941855355e8,7.091081561909425,0.04653607432825707
20,367,Simdega,2020,1.8233616472483918e7,1.2645919977138422e8,271060.27481286443,4.11482085386443e8,6.935497407342199,0.04431205420610191
20,367,Simdega,2021,1.889522468009408e7,1.3745095672633272e8,286384.6355369162,4.297006983598728e8,7.274375354273287,0.0439729903912546
20,367,Simdega,2022,1.711052879748958e7,1.0163956363765158e8,321714.3728620091,4.1108506934015775e8,5.9401766503302875,0.041622841775679396
20,367,Simdega,2023,1.787229252657733e7,1.0290694578201652e8,329133.2522199431,4.167145966895373e8,5.757904064572958,0.042888568503619356
20,368,Pashchimi Singhbhum,2016,3.183083128621185e7,2.3327303152876827e8,524532.6525633748,6.300869693652267e8,7.328524644275158,0.050518155165594714
20,368,Pashchimi Singhbhum,2017,3.3003290400932647e7,2.0879862264404777e8,615774.5026986909,6.436691809211782e8,6.326600169483322,0.05127368433843678
20,368,Pashchimi Singhbhum,2018,3.4316453952802874e7,2.4284712787680936e8,546311.9935824479,6.715165786535922e8,7.076696450361949,0.05110291397661132
20,368,Pashchimi Singhbhum,2019,3.572081183152401e7,2.5558574486760986e8,572473.1093033612,6.80189411478684e8,7.155093396899021,0.05251597750378012
20,368,Pashchimi Singhbhum,2020,3.5226594433209926e7,2.5021778079497296e8,588113.486807012,6.929676802740808e8,7.1030931266827135,0.05083439738383931
20,368,Pashchimi Singhbhum,2021,3.613199747795412e7,2.723276451648807e8,598017.1581129216,7.043202426265088e8,7.53702159231692,0.05130052395372429
20,368,Pashchimi Singhbhum,2022,3.614078129610973e7,2.4865932186741427e8,679629.365363609,7.085177457077512e8,6.8802973524587445,0.051008999442925806
20,368,Pashchimi Singhbhum,2023,3.682155898681676e7,2.2077531108206335e8,724911.5216363468,7.077566303489469e8,5.995816504160175,0.05202573512969075
20,369,Saraikela-Kharsawan,2016,2.3340607123011705e7,1.970890211650167e8,360771.133938618,3.093249925854243e8,8.444040042587622,0.07545658347204479
20,369,Saraikela-Kharsawan,2017,2.3521981949506003e7,1.7163884808106458e8,434217.4636910649,3.145330020657858e8,7.296955182157567,0.07478382807215342
20,369,Saraikela-Kharsawan,2018,2.5162140468621794e7,2.0228985345835143e8,400729.78072368447,3.335811595592946e8,8.039453309253044,0.07543034055599648
20,369,Saraikela-Kharsawan,2019,2.63753999825991e7,2.1538029415839493e8,414375.12150755303,3.378335510582299e8,8.165953665176259,0.0780721745959831
20,369,Saraikela-Kharsawan,2020,2.649112575421579e7,2.1396256908778718e8,427027.9413859058,3.472881659105967e8,8.076763934946676,0.07627995524913875
20,369,Saraikela-Kharsawan,2021,2.720397778318223e7,2.319819757923072e8,427127.2635033651,3.543879984297488e8,8.527502030814066,0.07676325920663181
20,369,Saraikela-Kharsawan,2022,2.74189606224046e7,2.1674999539961544e8,505868.9050865308,3.614977602817975e8,7.905113486413651,0.07584821715362984
20,369,Saraikela-Kharsawan,2023,2.8741114883083615e7,2.0906605629097474e8,543369.4519328098,3.640832010907016e8,7.274110873619116,0.07894106291359358
21,370,Bargarh,2016,2.8066155242481753e7,2.2079019306294033e8,468975.39382564713,3.69256611552382e8,7.86677730367378,0.0760071840677126
21,370,Bargarh,2017,2.8234686190604992e7,2.0322270002736795e8,527716.2478540947,3.654351555035654e8,7.197625596242316,0.07726319092561833
21,370,Bargarh,2018,3.0121302109631013e7,2.3403393441444716e8,538712.9990813727,4.2136618387827057e8,7.769715052909912,0.0714848586860801
21,370,Bargarh,2019,3.1894129373397276e7,2.5146121134370106e8,557724.653438711,4.361288729581151e8,7.884247549125562,0.07313005707939066
21,370,Bargarh,2020,3.2230252241660245e7,2.4883515809198913e8,572385.8336300459,4.447153694300629e8,7.720546405477686,0.07247388882234002
21,370,Bargarh,2021,3.3460227327111423e7,2.6215401943255508e8,600356.3568872587,4.6531181018711317e8,7.834794930402121,0.0719092586832392
21,370,Bargarh,2022,3.224818531737765e7,2.0373285630623728e8,658651.6469055722,4.2279794273930395e8,6.317653359441944,0.07627327869298975
21,370,Bargarh,2023,3.313063362994789e7,2.2034979471707198e8,672546.2587208842,4.4868327611693484e8,6.650938137141163,0.07383968913812036
21,371,Jharsuguda,2016,1.722947805747179e7,1.5954493063193303e8,231207.2202308542,1.9663556233055684e8,9.25999790009566,0.0876213735362271
21,371,Jharsuguda,2017,1.75753186424227e7,1.5713784522031766e8,250046.69563416316,2.0415968482378602e8,8.940824824707516,0.08608613721946269
21,371,Jharsuguda,2018,1.8127538666593444e7,1.6136799360952294e8,247765.98924615496,2.1313704369285387e8,8.901814889348543,0.08505109366495933
21,371,Jharsuguda,2019,1.9443206001245655e7,1.7322481230872244e8,261284.82533060413,2.1823751506289443e8,8.90927207671536,0.08909195101329058
21,371,Jharsuguda,2020,1.9256809695379198e7,1.7225995528861552e8,264395.03537958086,2.2315441410284925e8,8.945404665340307,0.08629365353491937
21,371,Jharsuguda,2021,1.9659461203450814e7,1.7859506597570178e8,275759.6390545221,2.3198959126248088e8,9.084433399647448,0.08474285892080147
21,371,Jharsuguda,2022,1.8724547703905787e7,1.415561473280726e8,309247.62444933486,2.2178640289061353e8,7.559923452706158,0.0844260399188712
21,371,Jharsuguda,2023,1.9435655782605372e7,1.4644086312730083e8,322493.35926992417,2.2819524775148973e8,7.534649963206451,0.08517116799807892
21,372,Sambalpur,2016,2.912159749119661e7,2.6173340777558717e8,421381.49437665835,3.975605464335478e8,8.987604744372577,0.07325072307210012
21,372,Sambalpur,2017,2.9576679619468775e7,2.487077726452053e8,467414.41309047944,4.0915602892765003e8,8.408914585580932,0.07228704339756592
21,372,Sambalpur,2018,3.1125050645587493e7,2.665028528939978e8,453952.9571547947,4.374238287742226e8,8.562326722889336,0.07115536145529183
21,372,Sambalpur,2019,3.2991300549182307e7,2.8323659440892756e8,474348.27415005054,4.4363179190908e8,8.585190328786465,0.07436640283873906
21,372,Sambalpur,2020,3.274869296512458e7,2.8359779763458645e8,479984.7291122027,4.502601917917356e8,8.659820345703608,0.0727328188503776
21,372,Sambalpur,2021,3.364837045416294e7,2.925400276469845e8,503997.3059338845,4.66910121230013e8,8.694032540015375,0.07206605495190542
21,372,Sambalpur,2022,3.240987882863079e7,2.3691573824367326e8,553708.7665251376,4.441473471657168e8,7.3099853133169574,0.07297100621100472
21,372,Sambalpur,2023,3.3363645109986205e7,2.3247059624428478e8,585721.6464214873,4.5223516386786145e8,6.9677817120379055,0.07377499092426772
21,373,Debagarh,2016,8.319896658823285e6,5.7822099904777706e7,132018.48156990443,1.509297751756549e8,6.9498579460668095,0.055124289750915184
21,373,Debagarh,2017,8.706450349347439e6,5.228390257058263e7,154574.2285393439,1.5937425610931757e8,6.00519160767986,0.05462896305771952
21,373,Debagarh,2018,9.361945359957134e6,6.519918582057359e7,149105.06588001017,1.6966647375407472e8,6.964277542084706,0.055178522620367106
21,373,Debagarh,2019,9.675391214682842e6,6.768381660790046e7,154138.13798573765,1.7149753302636722e8,6.99546045282254,0.056417086846347116
21,373,Debagarh,2020,9.518536593688497e6,6.432834929793936e7,157036.9631196428,1.733610704448108e8,6.758218415695736,0.054905848061884845
21,373,Debagarh,2021,9.989400564528055e6,7.079188552231368e7,168282.50994093128,1.7809301213679916e8,7.086700054224747,0.056090918136950066
21,373,Debagarh,2022,9.497611742342204e6,5.454466076528451e7,179270.64867587356,1.720481808986481e8,5.7429869997858285,0.05520320931458818
21,373,Debagarh,2023,1.007484364945704e7,5.512267092165078e7,184510.12263516968,1.7466281626829425e8,5.4713177533649855,0.05768167412336566
21,374,Sundargarh,2016,5.394378469848571e7,4.594338642028079e8,762524.5657948711,8.646838223868911e8,8.516900821304533,0.062385560249731714
21,374,Sundargarh,2017,5.719284384210391e7,4.4268638046451455e8,871815.6681568199,9.01060466650268e8,7.74024074911659,0.06347281448793424
21,374,Sundargarh,2018,5.99217656591679e7,4.806402361069926e8,856031.519988276,9.385396471403456e8,8.02112939796953,0.06384574785065786
21,374,Sundargarh,2019,6.3044354463091694e7,5.0735318699979144e8,899656.6557334721,9.585948567641546e8,8.047559394026521,0.06576746580500656
21,374,Sundargarh,2020,6.214291389716627e7,4.937129274258281e8,917399.8054725552,9.729527016169002e8,7.9447984728045,0.06387043665523941
21,374,Sundargarh,2021,6.4310317490153976e7,5.307932723025804e8,935097.989979178,9.96354698096714e8,8.253625437066857,0.06454560570949555
21,374,Sundargarh,2022,5.9558104036947004e7,4.224928413533329e8,1.0300575248226654e6,9.644298905718061e8,7.093792661553472,0.0617547264131717
21,374,Sundargarh,2023,6.245649016944728e7,4.262617127509588e8,1.078771711054947e6,9.806408589124386e8,6.824938634791861,0.06368946347872297
21,375,Kendujhar,2016,4.003154636529779e7,2.9085833260095006e8,720827.2908359673,8.029652833227136e8,7.265728132178449,0.049854641535241835
21,375,Kendujhar,2017,4.126109811265082e7,2.681634645345921e8,826613.527767193,8.324803269071424e8,6.499183899625107,0.049564051880895944
21,375,Kendujhar,2018,4.340753792895708e7,3.1939526704859e8,771292.9557565259,8.821216922412146e8,7.358059965790459,0.049208106217942735
21,375,Kendujhar,2019,4.51730784462706e7,3.307925340859355e8,807609.1880101472,8.953795732697226e8,7.322780413988922,0.050451316731862435
21,375,Kendujhar,2020,4.470602335358562e7,3.1950326232008785e8,814132.0295596399,9.155087225199257e8,7.146760958654182,0.04883189231723853
21,375,Kendujhar,2021,4.81629403624447e7,3.653931443462353e8,869213.7210670168,9.300942851402612e8,7.586603757920736,0.051782858073557106
21,375,Kendujhar,2022,4.68606111967043e7,3.1568327629023844e8,963346.3439613433,9.241526809151961e8,6.73664444889785,0.05070656847556602
21,375,Kendujhar,2023,4.752969309651726e7,2.898661286865353e8,978146.3484901049,9.051860201474802e8,6.098632450622225,0.05250820498616774
21,376,Mayurbhanj,2016,5.215846618723228e7,4.031054456039545e8,920433.8026253474,1.0350061383269571e9,7.728475836634734,0.050394354444645316
21,376,Mayurbhanj,2017,5.3913579989765234e7,3.8039742581429607e8,1.015734560118399e6,1.0640951715942211e9,7.0556884904788255,0.05066612595280573
21,376,Mayurbhanj,2018,5.579912851069393e7,4.115980595615178e8,977435.5442913021,1.1318510434440677e9,7.376424516784968,0.04929900346330452
21,376,Mayurbhanj,2019,5.895568844142163e7,4.383462442336003e8,1.0404452063939346e6,1.1677060102917855e9,7.435181503632871,0.05048846877707671
21,376,Mayurbhanj,2020,6.0183865915540725e7,4.4567661809578276e8,1.0767377668196582e6,1.1817063350563874e9,7.405250748119519,0.05092962957896721
21,376,Mayurbhanj,2021,6.506518543515868e7,4.9929875193414664e8,1.1314906739817718e6,1.2294999895125577e9,7.673823544723891,0.05292003740557504
21,376,Mayurbhanj,2022,6.325390335347731e7,4.163941181925621e8,1.255677391187736e6,1.2049792383160727e9,6.582899965329513,0.05249377030086676
21,376,Mayurbhanj,2023,6.4671341719702184e7,3.872398620286762e8,1.317474989803748e6,1.2085846584324446e9,5.987812402393736,0.05350998067738345
21,377,Baleshwar,2016,4.213324396310342e7,3.7999181410643303e8,652798.1160168471,8.104935714110751e8,9.01881218638651,0.05198467384478959
21,377,Baleshwar,2017,4.46384032793301e7,3.678827064053912e8,705885.2751626552,8.433478604874274e8,8.241394838953392,0.052930001213888855
21,377,Baleshwar,2018,4.457414301445568e7,3.4478842909769446e8,721720.114115796,8.757582475637027e8,7.735166753197641,0.05089777131812094
21,377,Baleshwar,2019,4.777563932244999e7,3.966188293056188e8,729591.8448548737,9.018801680583601e8,8.301695904658377,0.052973378298477515
21,377,Baleshwar,2020,4.9413816392082624e7,4.191510108667505e8,774929.9387765208,9.139084586804496e8,8.482465866245242,0.05406867167356013
21,377,Baleshwar,2021,5.2141851504976295e7,4.424951642551323e8,814965.0677252858,9.29146210811083e8,8.486372299474283,0.05611802631090743
21,377,Baleshwar,2022,5.384046499119375e7,3.5878966670641345e8,947211.0634260504,9.336582894515665e8,6.6639407138310895,0.05766613502978674
21,377,Baleshwar,2023,5.2772525511070155e7,3.259137033680819e8,947162.376564919,9.416278927266393e8,6.1758216081531785,0.05604392766898459
21,378,Bhadrak,2016,2.1516524256621104e7,1.9850703681309015e8,385902.2241074762,4.231288509389783e8,9.225794763390057,0.050850997772600756
21,378,Bhadrak,2017,2.34380695562686e7,2.0419659940485448e8,419330.2340749986,4.427112841245673e8,8.712176526084304,0.05294211012175995
21,378,Bhadrak,2018,2.3458777270293683e7,1.930444944684647e8,432843.59384766547,4.691911826721354e8,8.229094476843036,0.049998333593336865
21,378,Bhadrak,2019,2.6104083742737107e7,2.2226532298728424e8,461843.578271931,4.94209751783069e8,8.514580522257354,0.052819847541566455
21,378,Bhadrak,2020,2.611655262006576e7,2.1744580061419547e8,488829.92717466777,4.966066513092563e8,8.325976394263018,0.052590017776064715
21,378,Bhadrak,2021,2.729784900902762e7,2.2997556086507142e8,509744.4617913476,5.088790001292394e8,8.42467700619989,0.053643103767486607
21,378,Bhadrak,2022,2.7042765221206818e7,1.7089138223050553e8,577247.186280101,5.0677810750641096e8,6.319301330046428,0.05336214177496749
21,378,Bhadrak,2023,2.703053306931107e7,1.6179131225627294e8,589514.1752619701,5.079495422130784e8,5.985502092815239,0.05321499641783732
21,379,Kendrapara,2016,1.857779052173546e7,1.6557300919882002e8,351211.3540270194,3.59228725684781e8,8.91241663022869,0.051715771021155064
21,379,Kendrapara,2017,2.007642157682143e7,1.6923772366847622e8,394295.19390063355,3.6795605482504594e8,8.42967572786298,0.054562009005035335
21,379,Kendrapara,2018,2.0241026735967077e7,1.6215095607650957e8,407729.843579064,3.8761435745914143e8,8.01100449061594,0.05221949689544379
21,379,Kendrapara,2019,2.288911726274869e7,1.9076998488807872e8,445989.2098966122,4.1046051519874e8,8.33452783251501,0.05576448017579975
21,379,Kendrapara,2020,2.342484001852534e7,1.896636603893058e8,476085.164933434,4.2006931101517314e8,8.096689678107166,0.05576422605573113
21,379,Kendrapara,2021,2.4207281378859356e7,2.0135690893746954e8,485081.9572504212,4.2502295822981006e8,8.318030669619848,0.056955232441280194
21,379,Kendrapara,2022,2.3255743257643107e7,1.4182678627401602e8,515754.0880379401,4.1405817023586476e8,6.098570348956875,0.056165401214992736
21,379,Kendrapara,2023,2.3554861499446955e7,1.4089462254763475e8,532105.3296666164,4.183921645735065e8,5.981551729817762,0.05629852443211481
21,380,Jagatsinghapur,2016,1.9265203182402182e7,1.9041010833878413e8,320430.28053338476,3.4725831174024206e8,9.88362834982786,0.055478018901425286
21,380,Jagatsinghapur,2017,1.9911842045922115e7,1.8257316300580928e8,340613.5138203672,3.5179502632062656e8,9.169074492693642,0.05660069232409906
21,380,Jagatsinghapur,2018,1.981080442888595e7,1.7533633969098908e8,336573.35791515675,3.685231319702704e8,8.850541143868584,0.05375728878393483
21,380,Jagatsinghapur,2019,2.268736744756497e7,2.012944791159372e8,392116.0737355553,3.8657066467466295e8,8.872535766045527,0.058688797471630735
21,380,Jagatsinghapur,2020,2.289643578813459e7,2.0095388058553594e8,412364.54935317213,3.980891771155983e8,8.77664464657309,0.05751584595701243
21,380,Jagatsinghapur,2021,2.3415769925336346e7,2.1460737003013614e8,407899.7928489652,4.0035525776205957e8,9.165078522484393,0.058487479485664406
21,380,Jagatsinghapur,2022,2.3010129752889995e7,1.622268286338909e8,445922.40442233713,3.840887519172986e8,7.050235282289782,0.05990836658982531
21,380,Jagatsinghapur,2023,2.2804462700712517e7,1.580459374427514e8,451279.64989774185,3.903922180968405e8,6.930482840878918,0.058414234822313116
21,381,Cuttack,2016,4.303513456395371e7,3.9299933684122396e8,722464.2053456799,5.55309793949238e8,9.132057813301245,0.07749752486426999
21,381,Cuttack,2017,4.4741641934202634e7,3.8189713746826404e8,799091.0017407459,5.714663546095511e8,8.535608461349822,0.07829269662738401
21,381,Cuttack,2018,4.63528486175326e7,4.214865615658574e8,772815.0506515608,5.93999400808318e8,9.093002353396537,0.07803517739993569
21,381,Cuttack,2019,5.111634175644622e7,4.574777996249211e8,874688.1541322777,6.204001936748315e8,8.94973669682121,0.08239253030155834
21,381,Cuttack,2020,5.137087287167923e7,4.302673826709108e8,939421.5337921644,6.351201896592603e8,8.37570706158114,0.08088370312907156
21,381,Cuttack,2021,5.311777069020738e7,4.8562844004777926e8,905131.6223126868,6.444906661324831e8,9.142485344124356,0.08241821562593174
21,381,Cuttack,2022,5.2006366473801605e7,3.6747339856859356e8,1.0312913092336068e6,6.398573505653875e8,7.0659310289195,0.0812780636619209
21,381,Cuttack,2023,5.39392017951862e7,3.922677646632794e8,1.0617981561066196e6,6.586246910855354e8,7.272405812617852,0.08189671982428173
21,382,Jajapur,2016,2.788642519174615e7,2.7036924844397897e8,479895.08991061273,4.6180003596613425e8,9.69537137101399,0.06038636426999148
21,382,Jajapur,2017,2.9582616308537155e7,2.7654594990540653e8,532487.2170814015,4.807032029608953e8,9.348258687504897,0.06154029373285384
21,382,Jajapur,2018,3.0175144224434618e7,2.818142494782829e8,530078.0455179862,4.982771212384192e8,9.33928425933027,0.060558959940679676
21,382,Jajapur,2019,3.3332806655783787e7,3.0755692811583805e8,589420.390238755,5.213673990206725e8,9.22685363077495,0.06393343104765575
21,382,Jajapur,2020,3.373749660307482e7,3.1138129089837956e8,604664.7043742085,5.2679504555292577e8,9.229531596899825,0.06404292691793226
21,382,Jajapur,2021,3.526785031375248e7,3.367032575416131e8,620567.570598342,5.436343161598997e8,9.547030923240529,0.06487421648227797
21,382,Jajapur,2022,3.5107544894128814e7,2.726673777196562e8,704183.5985689419,5.437275637558784e8,7.766631889011856,0.0645682640247595
21,382,Jajapur,2023,3.697707159250648e7,2.874263764586429e8,743578.7691566863,5.561080771382393e8,7.773097329775859,0.06649259939325534
21,383,Dhenkanal,2016,2.358477632326647e7,1.8265207532237715e8,424810.82262985234,3.396485733795572e8,7.7444904636297185,0.06943876162527109
21,383,Dhenkanal,2017,2.425681618482011e7,1.7145493433019012e8,473358.15271556424,3.5429274300955504e8,7.068319808495166,0.06846546158063961
21,383,Dhenkanal,2018,2.5461633438298643e7,2.0476771698302466e8,449059.78173451446,3.7208222336642164e8,8.042206619588635,0.06843012602949419
21,383,Dhenkanal,2019,2.688219701467071e7,2.185441390104048e8,472399.57149439293,3.8436867020421654e8,8.129697840215082,0.06993857485936118
21,383,Dhenkanal,2020,2.7529637481951613e7,2.2178671458149114e8,476533.17702457076,3.9440036674893534e8,8.056288962282709,0.06980124716637558
21,383,Dhenkanal,2021,2.8938710908898726e7,2.4648930692794415e8,503561.13109515194,4.1187114609591764e8,8.517632582318933,0.0702615640430403
21,383,Dhenkanal,2022,2.8676435405278765e7,2.0723755394272605e8,575128.0315342825,4.0785277548090154e8,7.226754337276442,0.07031075213713138
21,383,Dhenkanal,2023,2.973159348551077e7,2.0195845525192264e8,585199.9822722034,4.160117877654488e8,6.792722204759861,0.0714681515281334
21,384,Anugul,2016,3.0932808188727323e7,2.7695684714050746e8,501951.15056590067,4.62239302337385e8,8.953498352000171,0.0669194679732138
21,384,Anugul,2017,3.2077332087621987e7,2.5773189968244278e8,573221.5545994041,4.8229334302996707e8,8.034704974167614,0.06651000382070145
21,384,Anugul,2018,3.389165733370996e7,2.864448270589655e8,569836.6813434009,5.094144230285194e8,8.451779865425948,0.06653061986784883
21,384,Anugul,2019,3.466181902794514e7,2.994534566631399e8,577297.10287864,5.1808306564541596e8,8.639288561910549,0.06690397993372789
21,384,Anugul,2020,3.547410929649365e7,3.081790544621304e8,579251.5396216401,5.362677519103975e8,8.687436008226756,0.06614999535236057
21,384,Anugul,2021,3.727231546136203e7,3.297827598098296e8,621333.2591224344,5.487905730768344e8,8.84792789843431,0.06791719335190484
21,384,Anugul,2022,3.6688317913827606e7,2.804984574080119e8,697881.6595019593,5.457807121984069e8,7.645443382464088,0.06722171944487908
21,384,Anugul,2023,3.790583149856697e7,2.799122247480135e8,705249.4292782865,5.509546622586473e8,7.384410621848398,0.06880027358906705
21,385,Nayagarh,2016,1.6077930328323444e7,1.231750475750814e8,290397.01979146927,2.221769919323261e8,7.661125845165029,0.07236541546669555
21,385,Nayagarh,2017,1.683102091975379e7,1.1799309722250897e8,330033.48176656576,2.3372635336287913e8,7.010453957907327,0.07201165241996595
21,385,Nayagarh,2018,1.7449863248883363e7,1.35742138685728e8,321882.178333794,2.5168321204380742e8,7.778980084237297,0.06933264681096837
21,385,Nayagarh,2019,1.8373749413602594e7,1.472888599444495e8,331121.45712305844,2.6833158482316944e8,8.016265849114472,0.06847404648882799
21,385,Nayagarh,2020,1.8960288519236844e7,1.5016050538706067e8,336990.2722990597,2.784707351829082e8,7.919737362367135,0.06808718520020834
21,385,Nayagarh,2021,1.95960179169019e7,1.622470659717942e8,345918.0520757351,2.820858625686657e8,8.279593673562285,0.0694682737321932
21,385,Nayagarh,2022,1.8819760525966167e7,1.225640569121606e8,393102.87989360327,2.746109886238626e8,6.512519473510592,0.06853243790525725
21,385,Nayagarh,2023,1.9864831113810886e7,1.2533178649207021e8,398952.72276766034,2.9114267972079885e8,6.309229903542153,0.06823057042980074
21,386,Khordha,2016,4.731029946149554e7,4.427462657002893e8,683599.9575622504,4.678613926331035e8,9.35834840911602,0.10112033223180746
21,386,Khordha,2017,4.961620960510284e7,4.391580184873186e8,748372.5353607674,4.821061944435125e8,8.851099710812106,0.10291551981067996
21,386,Khordha,2018,5.18144017339785e7,4.8461571202634656e8,744533.7606082326,5.055698117969094e8,9.352915324863213,0.10248713535687269
21,386,Khordha,2019,5.6530338460119635e7,5.2976476974734545e8,813673.6422102762,5.27726456678998e8,9.371335537307596,0.10712053137503685
21,386,Khordha,2020,5.731927524805304e7,5.210425236484796e8,881692.8445713505,5.404658996161802e8,9.090179898361116,0.10605530393084775
21,386,Khordha,2021,5.979097199582459e7,5.861028328280998e8,830278.1254336259,5.546924999279985e8,9.802530603935146,0.1077912032406887
21,386,Khordha,2022,5.9006132299616e7,4.660725305773266e8,979850.4185952438,5.537849586475528e8,7.898713445760953,0.10655062290554097
21,386,Khordha,2023,6.1341491185617104e7,5.0725730529189616e8,1.0068167252293165e6,5.726342080035424e8,8.26939964268156,0.10712159757182657
21,387,Puri,2016,2.6763191990979508e7,2.3896209407200012e8,456373.1854337933,4.379685880738244e8,8.928759101400981,0.061107560495795826
21,387,Puri,2017,2.753257454709768e7,2.2863688267582715e8,488299.39102306275,4.45388375834892e8,8.304231857602604,0.06181700295946691
21,387,Puri,2018,2.844814478738039e7,2.4307993903572816e8,491281.56474399846,4.7021383493510264e8,8.544667529376415,0.06050044187089201
21,387,Puri,2019,3.304240593570605e7,2.820982384159921e8,582090.2063636733,4.910965224976371e8,8.537460588218035,0.06728291572430149
21,387,Puri,2020,3.366002891717801e7,2.617885565050172e8,641467.136655821,5.1461333717936575e8,7.7774311231032955,0.06540838817289725
21,387,Puri,2021,3.432659716545549e7,2.9167204159630215e8,593343.4810165755,5.27100968097212e8,8.496969279839535,0.06512338098973992
21,387,Puri,2022,3.35498785221696e7,2.156313485893953e8,661712.7625644088,5.0283789458822e8,6.427187163938824,0.06672106236075147
21,387,Puri,2023,3.413186334898117e7,2.222179511352997e8,679859.883843583,5.1297171343362063e8,6.510571921117599,0.06653751552988485
21,388,Ganjam,2016,5.042131210526208e7,4.123090894751117e8,824064.2882964953,5.759278004393802e8,8.177278064766629,0.08754797401131745
21,388,Ganjam,2017,5.318040877763186e7,4.0316489320322746e8,945616.4073116722,6.113634521721547e8,7.581079244595843,0.08698656844579697
21,388,Ganjam,2018,5.499395401433732e7,4.3781830993874824e8,951446.6247296417,6.544249941527036e8,7.961208059791551,0.08403400619736266
21,388,Ganjam,2019,5.77609460576839e7,4.768878069130169e8,950993.205680779,7.026396807277915e8,8.256232618433314,0.08220564201249683
21,388,Ganjam,2020,5.909698032291015e7,4.906166184304106e8,991062.2960341092,7.261590102321345e8,8.301889804684539,0.08138297465181676
21,388,Ganjam,2021,6.1160407110547446e7,5.415714080754625e8,986394.7314966631,7.362420387784889e8,8.854934649087147,0.0830710607234812
21,388,Ganjam,2022,5.9346492430375114e7,4.0571318780387133e8,1.1057018421269036e6,6.975405850238166e8,6.836346533535258,0.0850796264827355
21,388,Ganjam,2023,6.1633674642265745e7,4.2135658750241095e8,1.1600761347836698e6,7.440776279617229e8,6.836467076611113,0.08283231792776913
21,389,Gajapati,2016,9.289251662814436e6,7.098818008373854e7,172057.08789109814,2.1598837762863818e8,7.641969736691437,0.043008108884386394
21,389,Gajapati,2017,9.833073785436e6,6.94463282164189e7,198988.08066699875,2.3342897937572378e8,7.062524875922065,0.04212447748233022
21,389,Gajapati,2018,1.0017036005670507e7,7.120554557820636e7,205819.4888057643,2.5533315655422792e8,7.108444607556355,0.03923123867206443
21,389,Gajapati,2019,1.0924713368787445e7,7.728194615839234e7,220180.45265126854,2.652534802567172e8,7.0740479452020635,0.04118593791197125
21,389,Gajapati,2020,1.1489183095142325e7,8.358635406449193e7,221504.02477977244,2.912908203168542e8,7.2752216908992065,0.03944231089275269
21,389,Gajapati,2021,1.1785812277331483e7,9.017234136091512e7,226742.47196148225,2.889245941477712e8,7.650922926572503,0.040792000805939005
21,389,Gajapati,2022,1.1343964455351738e7,6.891234505540536e7,244856.71350707836,2.817319982822189e8,6.074802625363888,0.04026509066956665
21,389,Gajapati,2023,1.1667420168928836e7,7.000658885989861e7,255871.02251042405,3.022448201648783e8,6.000177232524042,0.038602547969437864
21,390,Kandhamal,2016,1.3443263256453939e7,9.733537324926078e7,249717.02073843824,3.553698895602825e8,7.240457275321996,0.03782893163258142
21,390,Kandhamal,2017,1.4179236475391004e7,9.525775082151823e7,285129.46816254687,3.751593086570159e8,6.718115674764597,0.037795240976825045
21,390,Kandhamal,2018,1.4838249811436713e7,1.0038290366503231e8,304842.84630885976,3.987401864053501e8,6.7651444705871775,0.037212827593836977
21,390,Kandhamal,2019,1.544454818083238e7,1.0295380717268005e8,323049.1979927846,4.0485211856329274e8,6.666029071698708,0.03814861642725441
21,390,Kandhamal,2020,1.5674658061725069e7,1.0471872918698595e8,321397.38485343865,4.2169789020916814e8,6.680766417654228,0.0371703497353288
21,390,Kandhamal,2021,1.685410447596412e7,1.221643834587886e8,332893.3939450945,4.296420808783356e8,7.248346160011585,0.03922824422018569
21,390,Kandhamal,2022,1.6108971105731234e7,9.620319958104856e7,344571.65741691244,4.172260661213925e8,5.972026329280675,0.038609694872334045
21,390,Kandhamal,2023,1.6331038423279786e7,8.794291354683925e7,357622.8065623108,4.2768305923678e8,5.385016633203019,0.038184908358126865
21,391,Baudh,2016,8.147383547056399e6,6.12759544330849e7,164587.14785934266,1.5112574956545648e8,7.520936516511921,0.053911286266458226
21,391,Baudh,2017,8.394660996105326e6,5.8630944881760165e7,185071.57576241196,1.5903122592555147e8,6.984313590383434,0.05278624337609762
21,391,Baudh,2018,8.99069129101484e6,6.6285176301556885e7,188982.99637205724,1.7042888233509883e8,7.372645123273365,0.05275333128886723
21,391,Baudh,2019,9.320882091944227e6,6.757914194510688e7,198041.89260499316,1.802257951560164e8,7.25029469083335,0.05171780257024474
21,391,Baudh,2020,9.702727378556266e6,7.058451600960943e7,200636.39704057205,1.8823474989283857e8,7.274708775761993,0.051545888227758144
21,391,Baudh,2021,1.0299818654665202e7,7.651856169365129e7,207960.62225963577,1.9780546903411457e8,7.429117371789158,0.05207044428528334
21,391,Baudh,2022,9.66358732416771e6,5.5082965721402094e7,221997.1487325636,1.7545014854478785e8,5.700053600555236,0.05507882098886253
21,391,Baudh,2023,9.631785471399322e6,5.1918351893212534e7,217706.54215876464,1.7509625999083945e8,5.390314396783356,0.05500851629785371
21,392,Subarnapur,2016,1.0375403044159146e7,8.369873901106422e7,200871.54469301933,1.6412010599615124e8,8.067034953228404,0.06321835451655422
21,392,Subarnapur,2017,1.0314291828285936e7,7.729290695401426e7,215635.0911381298,1.6324999001261875e8,7.493767700274489,0.06318096452862675
21,392,Subarnapur,2018,1.1030791710420035e7,8.769081611809509e7,217793.54575874496,1.8835154260467222e8,7.949639374956157,0.058564913023156764
21,392,Subarnapur,2019,1.1635886152902955e7,9.160333384839432e7,224564.63637918956,1.9133344092564726e8,7.872484540040025,0.0608147017929014
21,392,Subarnapur,2020,1.2239952823135147e7,9.540069698947224e7,234619.87932472202,2.0750009638070616e8,7.794204631994346,0.0589876970499241
21,392,Subarnapur,2021,1.267418261697968e7,9.90839950096141e7,242007.90724670966,2.1281540799370024e8,7.817781864439184,0.05955481671399874
21,392,Subarnapur,2022,1.2301805833490167e7,7.407409651820639e7,265211.5224169132,1.9064897947924712e8,6.021400233496507,0.06452594641257582
21,392,Subarnapur,2023,1.2218410040826546e7,7.265399157534343e7,269066.73520150216,1.8845672680902267e8,5.946272169011981,0.06483403510031445
21,393,Balangir,2016,3.1253182646735225e7,2.3577312296516344e8,497857.5351593629,4.333813014288909e8,7.543971621392384,0.07211474639928193
21,393,Balangir,2017,3.127591982352164e7,2.1066709726381972e8,588993.1203495784,4.302748112411304e8,6.7357602415064255,0.07268824250554211
21,393,Balangir,2018,3.3763532017396845e7,2.5556953747061658e8,615574.1022222072,4.897125482605546e8,7.5693958007394775,0.06894561337528306
21,393,Balangir,2019,3.541575927872469e7,2.697749377254413e8,641168.793111705,5.236973669702895e8,7.617369872047418,0.06762638407676758
21,393,Balangir,2020,3.623975622200039e7,2.704738228615205e8,653061.3191278555,5.544377446817325e8,7.463455913020783,0.06536307560157784
21,393,Balangir,2021,3.781024986401703e7,2.858510386302583e8,697274.7961740454,5.782634557719938e8,7.5601467765568735,0.06538585395049659
21,393,Balangir,2022,3.580790071867222e7,2.2217174827860308e8,755617.6335772863,5.216664620778109e8,6.204545472355782,0.06864137015066761
21,393,Balangir,2023,3.672034775003333e7,2.2664043569652042e8,775833.5895722143,5.46743322594742e8,6.172066703706931,0.06716195010076281
21,394,Nuapada,2016,1.511810641233197e7,1.0518421379072565e8,213037.58843297782,2.2805916382398516e8,6.95749923448918,0.06629028256895673
21,394,Nuapada,2017,1.510451667511913e7,9.27196399856356e7,253658.6564627988,2.312000596971813e8,6.138537364678987,0.06533093760833175
21,394,Nuapada,2018,1.6172268862973873e7,1.0931028824369863e8,260997.58473684147,2.5474615096157706e8,6.759118907178363,0.06348385952811947
21,394,Nuapada,2019,1.6670930773519753e7,1.1392583334935556e8,276949.3821557782,2.6336783976184514e8,6.833801597347901,0.0632990375309101
21,394,Nuapada,2020,1.6979968049874727e7,1.1210004078970535e8,285227.7911395712,2.756135721896025e8,6.6018993946535955,0.06160788060971729
21,394,Nuapada,2021,1.7666935007338613e7,1.2272144125536583e8,300849.7476435272,2.9126926113436735e8,6.946391165439221,0.06065499304160545
21,394,Nuapada,2022,1.686108198299831e7,9.81770484891908e7,322996.26906929957,2.708518651769493e8,5.822701567324479,0.06225204309367725
21,394,Nuapada,2023,1.6925181373141415e7,9.189975194130549e7,339297.78610538656,2.821440895614851e8,5.429764675204089,0.05998772258333295
21,395,Kalahandi,2016,3.167306477529661e7,2.360222674357179e8,460649.898487526,4.4725513097228104e8,7.451829152315041,0.07081654872565245
21,395,Kalahandi,2017,3.141234546559046e7,2.0473770444071862e8,551839.3312272753,4.542905521524624e8,6.517746491263802,0.06914593604633958
21,395,Kalahandi,2018,3.3505037360583242e7,2.4408242083478475e8,569533.3211851204,4.945743925011222e8,7.284946982985124,0.06774519236862273
21,395,Kalahandi,2019,3.436914398616986e7,2.5034879791858742e8,580816.7911538843,5.1480242589531636e8,7.2841150195456645,0.06676181435314124
21,395,Kalahandi,2020,3.4865099475824796e7,2.4835777263146105e8,589158.3483255195,5.39392964593279e8,7.123392055819904,0.06463766078616597
21,395,Kalahandi,2021,3.67317260146288e7,2.7086145036697245e8,633176.8753334571,5.607844679959981e8,7.374046355978454,0.06550061228673495
21,395,Kalahandi,2022,3.484245551293578e7,2.0875073004272118e8,709003.4509732873,5.239887570778952e8,5.991274925075799,0.06649466241840789
21,395,Kalahandi,2023,3.506809172668822e7,2.0878929846317568e8,712937.5646553423,5.409189549885762e8,5.953825491572975,0.06483058395953019
21,396,Rayagada,2016,1.4613172576869113e7,1.1836735857236095e8,231029.9959365309,2.670074643115578e8,8.100045212613322,0.05472945340515921
21,396,Rayagada,2017,1.5121370217026772e7,1.1865943349675816e8,258571.23917749122,2.829709062223958e8,7.847135001241275,0.053437897269701676
21,396,Rayagada,2018,1.592665175066221e7,1.2661763465765138e8,269248.22463063884,3.0687967720783925e8,7.9500472943025695,0.05189868516407369
21,396,Rayagada,2019,1.683190024117627e7,1.3396594867603856e8,285502.58231263683,3.234529841641889e8,7.959050775997029,0.05203816648861764
21,396,Rayagada,2020,1.735764778878871e7,1.361077685443119e8,287548.5267986122,3.453535027547947e8,7.8413717227413615,0.05026052334877534
21,396,Rayagada,2021,1.792761340078092e7,1.4527450597076267e8,303424.33660350007,3.5681903631845886e8,8.103393503813205,0.050242872649823064
21,396,Rayagada,2022,1.7484278484160747e7,1.146652165975473e8,332644.7771888697,3.364364132742149e8,6.5581897875525215,0.05196904316629383
21,396,Rayagada,2023,1.7263128706644893e7,1.0807562218913594e8,337786.98829077254,3.386813077319316e8,6.260488699683718,0.05097160165777075
21,397,Nabarangapur,2016,2.2366892338070672e7,1.6294852072764087e8,414544.8948923933,3.766704741871209e8,7.285255290038049,0.05938052985527964
21,397,Nabarangapur,2017,2.3094984943370834e7,1.511309888269849e8,486178.7223835309,3.889944681209061e8,6.543887740024937,0.059370985543662075
21,397,Nabarangapur,2018,2.4878725655574363e7,1.7713293076696056e8,490235.8981078466,4.182835908427697e8,7.119855462824797,0.0594781296714222
21,397,Nabarangapur,2019,2.6048232511772428e7,1.881831630973778e8,519567.90384778986,4.2707276845320165e8,7.224411983128949,0.060992492230575866
21,397,Nabarangapur,2020,2.558383532932452e7,1.7859334208466733e8,532952.380805647,4.381981500350261e8,6.980710272160067,0.05838417010039763
21,397,Nabarangapur,2021,2.7245318801281173e7,1.9901443803909647e8,544698.0484118778,4.5182247522643226e8,7.304536955160829,0.06030093741491522
21,397,Nabarangapur,2022,2.6199999087425664e7,1.6073804618790475e8,593162.505839044,4.379007325305875e8,6.135040144526142,0.0598309094758036
21,397,Nabarangapur,2023,2.5528070151323367e7,1.477287364740454e8,591588.6081240806,4.6055701086555994e8,5.786913605233382,0.05542868645804895
21,398,Koraput,2016,2.195108745309598e7,1.8133539973613256e8,393508.99753192806,3.735292252052007e8,8.260884574561569,0.0587667201703883
21,398,Koraput,2017,2.241577555480035e7,1.7212034040183383e8,462775.43245775043,3.897118531454618e8,7.678536037312087,0.05751884468967783
21,398,Koraput,2018,2.416187964477177e7,1.938989331070642e8,471665.0266410416,4.2546464353705955e8,8.024993748738448,0.056789394869346366
21,398,Koraput,2019,2.508625919470069e7,2.0335559888978893e8,499434.99152841454,4.347767140747474e8,8.106254396540177,0.05769917841181308
21,398,Koraput,2020,2.544727791653179e7,2.0154733427614766e8,502164.18991929095,4.5118514695965075e8,7.920192286861956,0.056400965519389154
21,398,Koraput,2021,2.686107398193631e7,2.2064513741258493e8,527193.0640008874,4.687540013474417e8,8.214308093599149,0.05730313534332225
21,398,Koraput,2022,2.5500700349357087e7,1.760303439126214e8,562989.8666430084,4.48313356714411e8,6.902961154047654,0.056881420032287355
21,398,Koraput,2023,2.5790920875604533e7,1.726021282142337e8,553287.2960158467,4.641642381635722e8,6.692360038120894,0.05556421360172899
21,399,Malkangiri,2016,1.1669011673421137e7,8.102527734033418e7,220996.63725176174,3.020148334452014e8,6.9436280987607475,0.03863721374314021
21,399,Malkangiri,2017,1.1746262639853364e7,7.816866136524405e7,247587.68674412245,3.105717359460708e8,6.654768734697718,0.03782141541010365
21,399,Malkangiri,2018,1.2802459471220143e7,8.869928151092154e7,256187.38563600468,3.2021707647868794e8,6.928300121575625,0.03998056447208933
21,399,Malkangiri,2019,1.3766042666408533e7,9.43901387113034e7,287714.8389263498,3.348434387451248e8,6.856737335387697,0.04111187818999473
21,399,Malkangiri,2020,1.3444653607056277e7,8.998002799315718e7,278508.47286356287,3.396957303424976e8,6.692625234013628,0.03957851808587859
21,399,Malkangiri,2021,1.4458657715076666e7,1.034591355914585e8,285295.51935920253,3.542697236390242e8,7.1555145456951506,0.04081256949241594
21,399,Malkangiri,2022,1.3560253511194032e7,7.941304332866983e7,308421.83076977066,3.2396967219829965e8,5.8563096378039035,0.04185655224818048
21,399,Malkangiri,2023,1.3074683100019664e7,7.175782740113537e7,298225.91712316265,3.2611479546819854e8,5.488303376242247,0.04009227205177404
22,400,Koriya,2016,1.9436810445938706e7,1.4224827516508716e8,288029.8818636824,4.1037124982110155e8,7.318498863830292,0.04736396727210312
22,400,Koriya,2017,2.0979612042138465e7,1.3751369548159972e8,316983.9176360024,4.2888332174126846e8,6.554634814285292,0.04891682884044344
22,400,Koriya,2018,2.2347036343323812e7,1.5121918667815986e8,311991.85538172734,4.470438632863512e8,6.766856434783428,0.04998846461965535
22,400,Koriya,2019,2.314790273694919e7,1.587724480150792e8,325608.9720341411,4.6069203868861824e8,6.8590424721995715,0.050245936098311565
22,400,Koriya,2020,2.2773577564022988e7,1.5656062854648158e8,334387.86439669365,4.640123083295114e8,6.874661133339513,0.04907968421357192
22,400,Koriya,2021,2.306033646322917e7,1.592079677963694e8,340389.222305418,4.791782471974226e8,6.903974191800466,0.048124756493230905
22,400,Koriya,2022,2.1525329146730453e7,1.2080618626776473e8,396265.0991117922,4.675947081555416e8,5.612280557675669,0.04603415900842536
22,400,Koriya,2023,2.17206558623653e7,1.2020187647849472e8,420241.6200629865,4.7842489146061593e8,5.53398926994487,0.045400346533084494
22,401,Surguja,2016,8.24762959472018e7,5.733464346515315e8,1.0449195608835809e6,1.604538598857429e9,6.9516511146252995,0.05140187715392581
22,401,Surguja,2017,8.749797805780914e7,5.3499950398746884e8,1.2087288716891622e6,1.6828629100516655e9,6.114421337073634,0.05199352694458212
22,401,Surguja,2018,9.374898529502831e7,6.273885234841127e8,1.134183099028942e6,1.755761363131181e9,6.692216683836303,0.05339506111914817
22,401,Surguja,2019,9.821166528200316e7,6.598224218865219e8,1.206424551126478e6,1.8173962799210088e9,6.718371183218613,0.05403976357114136
22,401,Surguja,2020,9.724847668206209e7,6.548969655881704e8,1.2603323192087635e6,1.832242608234271e9,6.734264514283842,0.05307620085081433
22,401,Surguja,2021,1.0170696726689701e8,7.031160359365516e8,1.254071149083479e6,1.9119742055761333e9,6.913155065291163,0.05319473817705075
22,401,Surguja,2022,9.624231106544198e7,5.430049638034523e8,1.512013603092853e6,1.8566617754960017e9,5.64206072975767,0.05183621073888438
22,401,Surguja,2023,9.591042975307344e7,5.3232071590089756e8,1.585298862919634e6,1.9011807901933208e9,5.550185910660455,0.05044782182094362
22,402,Jashpur,2016,2.8231409613262083e7,1.9971427601204142e8,401431.03307629505,5.452361137403607e8,7.0741871818622535,0.05177831934057429
22,402,Jashpur,2017,2.96799501321126e7,1.8569507711908042e8,480106.61113460467,5.794011738317901e8,6.2565831914308125,0.05122521574443546
22,402,Jashpur,2018,3.109407887328918e7,2.1896116359913057e8,438497.8671087566,5.894127276188229e8,7.041892589628223,0.0527543390501705
22,402,Jashpur,2019,3.305663688255046e7,2.3264577221488822e8,461736.4807573056,6.109881062741573e8,7.037793137924883,0.054103568536107594
22,402,Jashpur,2020,3.1850515686038956e7,2.1877156842415673e8,484392.8225492023,6.228421682755708e8,6.868697844036821,0.05113737846976827
22,402,Jashpur,2021,3.2862631760625463e7,2.330707924621214e8,483690.32194771135,6.462826952190102e8,7.092274111210302,0.05084869516657734
22,402,Jashpur,2022,3.07993197927514e7,1.8388870359369084e8,545147.6392506799,6.07236784354435e8,5.97054431172759,0.05072044478579266
22,402,Jashpur,2023,3.0234104663062945e7,1.668567709946083e8,558508.7108841108,6.087467547589729e8,5.518826267690258,0.049666145119794246
22,403,Raigarh,2016,4.189092323085588e7,3.570734354350546e8,626697.5060886848,4.915722897397517e8,8.523885555523938,0.085218235659772
22,403,Raigarh,2017,4.3200546053925075e7,3.2286403517485905e8,735527.9243320093,5.0839259135286474e8,7.473610050480475,0.08497477498435943
22,403,Raigarh,2018,4.574629015039192e7,3.731455553092091e8,688813.9176790552,5.3499380508874094e8,8.156848436943958,0.08550807451462705
22,403,Raigarh,2019,4.831294807299266e7,3.9749874071261585e8,719217.3534073717,5.490654573015933e8,8.227581974754733,0.08799123570881476
22,403,Raigarh,2020,4.7325794775171116e7,3.861457259461352e8,740120.2145263024,5.617840899013788e8,8.15930778934793,0.08424196346229593
22,403,Raigarh,2021,4.8098625108932026e7,4.005071238032666e8,750563.2062315199,5.852368129921107e8,8.326789443486431,0.0821866021431916
22,403,Raigarh,2022,4.683620075462357e7,3.3922269188959396e8,841900.6875428173,5.677911440709176e8,7.242745705758523,0.08248843125452779
22,403,Raigarh,2023,4.805086497270749e7,3.407647435740811e8,877921.2031080864,5.869130065346509e8,7.091750455847835,0.08187050625512181
22,404,Korba,2016,3.1962412259050973e7,2.6325073455471647e8,503533.8443254919,4.749742069029142e8,8.236259904950394,0.0672929430578199
22,404,Korba,2017,3.453738463589369e7,2.4688147597002688e8,583570.5232079399,4.929228789186236e8,7.148238888750431,0.07006650758768178
22,404,Korba,2018,3.680739727666187e7,2.770523419280062e8,566754.4711615356,5.1739527302907854e8,7.52708320682251,0.07113980199543345
22,404,Korba,2019,3.8277737337256275e7,2.935490035731839e8,590457.5257598603,5.3100689722753525e8,7.668922564225561,0.07208519802117438
22,404,Korba,2020,3.754436534440002e7,2.8665074690323913e8,611420.5868726347,5.3675055988339084e8,7.634987148504161,0.069947510352959
22,404,Korba,2021,3.7873868291354544e7,2.8782324501538676e8,606072.2534025579,5.496170658230928e8,7.599520672175123,0.0689095565739677
22,404,Korba,2022,3.6076922069462895e7,2.2959517522566244e8,685517.7288094593,5.395359015803883e8,6.364045546446491,0.06686658286091385
22,404,Korba,2023,3.685495988586356e7,2.2843526900613523e8,723057.8228617597,5.599587334970818e8,6.198223243589964,0.06581727845495891
22,405,Janjgir - Champa,2016,3.694917523644163e7,2.987582062019281e8,627964.4462852697,4.4840854479178154e8,8.085652908086395,0.08240069388864785
22,405,Janjgir - Champa,2017,3.891845084442894e7,2.7057089382059395e8,751076.5171828885,4.626731683771409e8,6.952252413698665,0.08411650708196065
22,405,Janjgir - Champa,2018,4.1538217169847354e7,3.234991488508493e8,718587.7946528052,4.938408462308824e8,7.787988288666316,0.08411255870565888
22,405,Janjgir - Champa,2019,4.314623579880978e7,3.40242957634313e8,756420.6364769664,5.014457129892616e8,7.885808607287563,0.08604368265829357
22,405,Janjgir - Champa,2020,4.2741298796980575e7,3.3448130269022286e8,767738.6699980064,5.162503971672603e8,7.825716861787364,0.08279179838215756
22,405,Janjgir - Champa,2021,4.332204979969962e7,3.3342194554914886e8,796472.5218191738,5.372694689965686e8,7.696356638033796,0.08063374581959785
22,405,Janjgir - Champa,2022,4.229888379899277e7,2.7812146420105696e8,868058.4358610077,5.2571398344961315e8,6.575149016288691,0.08045987957451181
22,405,Janjgir - Champa,2023,4.433047677500368e7,2.9022177026528627e8,902880.3377401812,5.493502743244908e8,6.5467775530204,0.08069619484492786
22,406,Bilaspur,2016,6.286943394258185e7,5.045306409982396e8,1.0362289714557736e6,9.013708192498926e8,8.025054614918648,0.06974869010614394
22,406,Bilaspur,2017,6.887354077494234e7,5.239564795357336e8,1.1209369299878872e6,9.629218593164176e8,7.607514782024393,0.07152557614990272
22,406,Bilaspur,2018,7.149740211991876e7,5.559589518130363e8,1.152767435573694e6,1.0187165928581532e9,7.775932206327667,0.07018380050070915
22,406,Bilaspur,2019,7.383011386041161e7,5.735093863536259e8,1.216352453499632e6,1.0377412151994448e9,7.7679602043949565,0.07114501455569741
22,406,Bilaspur,2020,7.250456263717318e7,5.668907775944403e8,1.2299219111728675e6,1.0544707056349645e9,7.818691086122003,0.06875920046874467
22,406,Bilaspur,2021,7.367918593460728e7,5.764284797463975e8,1.2495978257594735e6,1.093170658811987e9,7.823491430239157,0.06739952754922895
22,406,Bilaspur,2022,7.023937021412914e7,4.346422544843296e8,1.4288178822942674e6,1.0280511874155908e9,6.188014686909853,0.06832283360394077
22,406,Bilaspur,2023,7.200789324920301e7,4.3955928245806026e8,1.4946202282231702e6,1.0792339847282324e9,6.104320826841096,0.0667212988732334
22,407,Kabeerdham,2016,1.8661611389075097e7,1.3819995851168814e8,316280.20311106433,3.171512778564989e8,7.405574772208221,0.05884135645046619
22,407,Kabeerdham,2017,2.083137211102841e7,1.430395212618697e8,379370.98364306276,3.663815052076402e8,6.8665434278399085,0.05685705150215648
22,407,Kabeerdham,2018,2.066535686958025e7,1.495672480242907e8,366267.6695561058,3.661844421760685e8,7.237583602751918,0.0564342841732308
22,407,Kabeerdham,2019,2.1816647254498333e7,1.6417359410240826e8,376857.87981325126,3.8215878636176085e8,7.525152338362056,0.05708791223197512
22,407,Kabeerdham,2020,2.1570766820776917e7,1.599329069719949e8,380582.270337498,3.8542980889611673e8,7.414335721155164,0.05596548664089132
22,407,Kabeerdham,2021,2.2157911173052542e7,1.6662665457297277e8,386061.1732741161,4.107798505616995e8,7.519962205445459,0.053941085821891846
22,407,Kabeerdham,2022,2.082845802271908e7,1.3019939768256634e8,419446.9519249806,3.6320243556311655e8,6.251033923901068,0.05734669149568397
22,407,Kabeerdham,2023,2.1632269336471945e7,1.2569045267388482e8,447852.53391025885,3.8208870066959256e8,5.810322103468408,0.05661583108467329
22,408,Rajnandgaon,2016,4.7221119950315356e7,3.530528398332502e8,671583.3759408208,5.205764713221508e8,7.476587599038774,0.09070928586223653
22,408,Rajnandgaon,2017,4.973286907141209e7,3.293990312975571e8,824161.6918883605,5.975562790654873e8,6.623366748147361,0.0832270880814588
22,408,Rajnandgaon,2018,4.925061620332921e7,3.57153833300256e8,792752.6236910694,5.934853715197035e8,7.2517637510515724,0.0829853920025291
22,408,Rajnandgaon,2019,5.159257534488491e7,3.8526095943850017e8,810804.4796580669,6.236620798482345e8,7.467372133744365,0.08272520810859582
22,408,Rajnandgaon,2020,5.173532150501736e7,3.802882212524811e8,826545.2358255956,6.448447813960094e8,7.350649617894039,0.08022910783741906
22,408,Rajnandgaon,2021,5.2427354189217865e7,4.0094631398466367e8,831781.3070400642,6.71580861506097e8,7.647654934818773,0.07806558702647291
22,408,Rajnandgaon,2022,4.860470622866122e7,2.895623166903807e8,928867.7711570051,6.089299969978211e8,5.957495459969093,0.07981985855237007
22,408,Rajnandgaon,2023,5.091778059082243e7,3.0460302739650524e8,976834.6873862797,6.551371579174938e8,5.982252640670041,0.07772079476101838
22,409,Durg,2016,8.383540657762703e7,7.320909127754817e8,1.3135733154673611e6,8.553621032607228e8,8.732478825609384,0.09801159796305961
22,409,Durg,2017,9.075490328050579e7,7.58583808251075e8,1.4316093550867878e6,9.409167620246015e8,8.358598608236512,0.09645370020322042
22,409,Durg,2018,9.194014752931312e7,7.7106100029041e8,1.4107531108333932e6,9.575200644428117e8,8.386553872393712,0.09601902972426359
22,409,Durg,2019,9.53823926245544e7,8.200741122151691e8,1.4833621228177897e6,9.757671721025697e8,8.597751530968164,0.09775118014989757
22,409,Durg,2020,9.549382583660293e7,8.099222647618858e8,1.4684540212627542e6,9.957765135016161e8,8.481409742109644,0.09589885334893264
22,409,Durg,2021,9.666423613184854e7,8.487377247625523e8,1.5011921011586466e6,1.0323955969119064e9,8.78026619488191,0.09363100387195553
22,409,Durg,2022,9.24461000183216e7,6.284629466831819e8,1.7361575926527907e6,9.438286486528913e8,6.798155320328589,0.09794796984629378
22,409,Durg,2023,9.663852282002953e7,6.646137339198563e8,1.819540826394727e6,1.0150118692705232e9,6.877316773121318,0.0952092539464415
22,410,Raipur,2016,9.879648110859841e7,8.826031016233178e8,1.4379102815656408e6,1.0116198286332607e9,8.933547953526288,0.09766166924789962
22,410,Raipur,2017,1.0311792580582872e8,8.371080123071587e8,1.6763979761562718e6,1.0470678645871861e9,8.11796790679668,0.0984825619173058
22,410,Raipur,2018,1.0910609500863759e8,9.283319363205628e8,1.6301260923426843e6,1.1440668984982734e9,8.50852499346686,0.09536688383507344
22,410,Raipur,2019,1.1407748594445987e8,9.820637614089956e8,1.7450151470990966e6,1.1863243029822035e9,8.60874302478165,0.09616045600489666
22,410,Raipur,2020,1.1421371409211203e8,9.822358864055223e8,1.782602084740818e6,1.209911537440165e9,8.599982009282707,0.0943984006746116
22,410,Raipur,2021,1.1722468945024902e8,1.0117204295198003e9,1.8225097733964322e6,1.2591583334288146e9,8.630608741763242,0.09309765605969061
22,410,Raipur,2022,1.1247397398439889e8,7.834610497172116e8,2.0206071200400891e6,1.1978322426288066e9,6.965709683432048,0.09389793493749958
22,410,Raipur,2023,1.1627048081735109e8,8.548502639168451e8,2.0632734863712885e6,1.2702199970969863e9,7.35225534381101,0.09153570332940789
22,411,Mahasamund,2016,2.8799387260726918e7,2.0574262004786697e8,445594.5676870002,3.3887808915672493e8,7.143992967115436,0.08498450676581727
22,411,Mahasamund,2017,2.9765584987260405e7,1.8742223658364913e8,523381.6406140919,3.439011865633464e8,6.296608538480442,0.08655272546370701
22,411,Mahasamund,2018,3.1260860608865734e7,2.226618699867464e8,498609.3256505667,3.867272604083602e8,7.122704418559686,0.08083438590767092
22,411,Mahasamund,2019,3.258627206482318e7,2.3086511039002964e8,530691.9059622368,3.891898439416321e8,7.084735250806676,0.08372847486151318
22,411,Mahasamund,2020,3.236152873514909e7,2.211619095202521e8,549023.0841279576,3.9049307511078435e8,6.834099567120874,0.08287350224064281
22,411,Mahasamund,2021,3.2945620859817654e7,2.3166588476164806e8,552037.4195340896,4.1110615515431607e8,7.031765640337375,0.0801389627636466
22,411,Mahasamund,2022,3.1803187887925453e7,1.8181343739594963e8,614178.4150630985,3.9184424797702986e8,5.716830590589246,0.08116282949696323
22,411,Mahasamund,2023,3.2655396411856752e7,2.0171769856219396e8,609144.0648955831,4.1091926482388175e8,6.177162757973836,0.0794691298444056
22,412,Dhamtari,2016,2.4143179366135255e7,1.8937747505093086e8,348807.64366394415,2.3454916328480393e8,7.8439327388903735,0.10293440841150701
22,412,Dhamtari,2017,2.4397393163110644e7,1.7836806162606505e8,396950.82647845184,2.4901950321774665e8,7.310947544008972,0.09797382473202178
22,412,Dhamtari,2018,2.5386418398986448e7,1.942992509103418e8,385992.3281777712,2.691995261889974e8,7.6536692910607345,0.09430335468407681
22,412,Dhamtari,2019,2.6430325722014163e7,2.0522301259833485e8,409352.286355824,2.706111159937998e8,7.764679662173135,0.0976690319056211
22,412,Dhamtari,2020,2.618532740602984e7,1.9885110235905123e8,420086.4875091711,2.7716007923290056e8,7.593989537562959,0.09447726915976969
22,412,Dhamtari,2021,2.6624485763544906e7,2.0412964209963444e8,428062.46761900076,2.8963116945540756e8,7.666989098401113,0.09192548513893319
22,412,Dhamtari,2022,2.5361611830062155e7,1.5308359049277765e8,483093.257882161,2.722363468415288e8,6.0360355453166195,0.09316027093481892
22,412,Dhamtari,2023,2.5706465124080967e7,1.624352349851298e8,492887.5333638143,2.8427542031059664e8,6.318847581769064,0.09042802608820111
22,413,Uttar Bastar Kanker,2016,2.672099858378401e7,1.897295779788114e8,370452.70271048555,4.443914603678424e8,7.100392501571828,0.06012941509196838
22,413,Uttar Bastar Kanker,2017,2.7517809880558364e7,1.7826099601032105e8,415236.35546246934,4.7801515259787834e8,6.4780226618348875,0.05756681504970456
22,413,Uttar Bastar Kanker,2018,2.7868936420966804e7,1.9184202002146465e8,412771.57821998076,4.931480264049634e8,6.883722332407884,0.05651231461703425
22,413,Uttar Bastar Kanker,2019,2.984312721597405e7,2.0697739508976802e8,438205.9225581426,5.1988184244241744e8,6.935512943796982,0.057403672872609515
22,413,Uttar Bastar Kanker,2020,2.912238718807827e7,1.9820591081298128e8,438158.5042831974,5.339687190548062e8,6.8059637258761585,0.05453950044045402
22,413,Uttar Bastar Kanker,2021,2.9498378487523343e7,2.0662807740506908e8,441210.70099563233,5.441253701348844e8,7.004726632430479,0.05421246666041491
22,413,Uttar Bastar Kanker,2022,2.724942120411516e7,1.5170642066348538e8,489402.29942677513,4.859036803044424e8,5.56732634895654,0.05607988230721378
22,413,Uttar Bastar Kanker,2023,2.6753350995595288e7,1.463167195563695e8,504314.2255038839,5.18658882951938e8,5.46909878992203,0.05158178501316522
22,414,Bastar,2016,3.423759327424537e7,2.6113849707717237e8,501593.315863056,8.200431373587586e8,7.627244560838021,0.041750966155902174
22,414,Bastar,2017,3.5780023546687e7,2.585296102213036e8,576148.44617734,8.53488377035164e8,7.225529348351751,0.04192209819069727
22,414,Bastar,2018,3.7172477768241696e7,2.739971923761661e8,573273.2497755974,9.002183138872472e8,7.370969298426902,0.04129273665598584
22,414,Bastar,2019,4.029772834392806e7,2.993258828333396e8,634310.7543533038,9.352349602216759e8,7.427859959715101,0.043088346841072336
22,414,Bastar,2020,4.0176209661743775e7,2.961008006753142e8,635605.8567272737,9.50327185551869e8,7.3700531525567134,0.04227618684654681
22,414,Bastar,2021,4.166908621041234e7,3.08981947114918e8,664326.4530079046,9.806650626099646e8,7.4151361408474825,0.04249064007594323
22,414,Bastar,2022,3.995856810945914e7,2.6597271910591587e8,723566.7210181264,9.54177702349215e8,6.656212464303841,0.041877490965341053
22,414,Bastar,2023,3.931220520668282e7,2.4334368322333413e8,739074.8708099425,9.893190633082834e8,6.190028820412427,0.03973662963212575
22,415,Narayanpur,2016,3.52237517357854e6,2.5124248207528573e7,55354.837110211745,1.1759271949425551e8,7.132757576758558,0.029954024268914116
22,415,Narayanpur,2017,3.7048073861155403e6,2.345405820657193e7,65139.40469772445,1.2327845966666669e8,6.330709200826582,0.030052349746524976
22,415,Narayanpur,2018,3.7979115882034847e6,2.527814439927902e7,63317.283444588276,1.2898716132919733e8,6.655801171831983,0.029444105514583454
22,415,Narayanpur,2019,4.342118322310505e6,2.9075843925253797e7,73286.20054252684,1.385070896302964e8,6.696234825259693,0.031349430082608064
22,415,Narayanpur,2020,4.1935715220921254e6,2.7533090675900966e7,70572.905331862,1.3839356835140547e8,6.565546940323798,0.030301780437107552
22,415,Narayanpur,2021,4.455099333609259e6,2.9808355177044865e7,75552.32878140753,1.4355166125365734e8,6.690839630032647,0.031034815582782076
22,415,Narayanpur,2022,4.0903612292026603e6,2.3072064317290217e7,76139.48953190852,1.3123416988124235e8,5.640593342360544,0.031168416220441277
22,415,Narayanpur,2023,4.132838680218677e6,2.2307173681833487e7,79654.45665409406,1.3980695678747702e8,5.397542804804849,0.029561037413188794
22,416,Dakshin Bastar Dantewada,2016,1.385993929769443e7,9.766298488027854e7,222053.74350722771,4.34222861635321e8,7.0464222665480625,0.03191895342750194
22,416,Dakshin Bastar Dantewada,2017,1.3923009381294092e7,9.159469057663454e7,251714.08397138506,4.409061036495979e8,6.578656098565464,0.031578173370807205
22,416,Dakshin Bastar Dantewada,2018,1.4801409915425634e7,1.0084307252009878e8,257079.53720254736,4.5697265236888415e8,6.813072071938419,0.03239014378365343
22,416,Dakshin Bastar Dantewada,2019,1.6127729116263662e7,1.076185088730237e8,297163.9366503533,4.75773988122798e8,6.672886684616877,0.03389787907467751
22,416,Dakshin Bastar Dantewada,2020,1.5918026708710853e7,1.0556152808459312e8,286106.8285633183,4.86829550501237e8,6.631571237836061,0.0326973304975463
22,416,Dakshin Bastar Dantewada,2021,1.719588013778596e7,1.1876290256875089e8,306345.5762636872,5.0454048521932435e8,6.906474202956505,0.034082260277509525
22,416,Dakshin Bastar Dantewada,2022,1.62103927868196e7,9.380049599350977e7,318230.17084711685,4.7285498763754237e8,5.7864418973103104,0.03428195368692051
22,416,Dakshin Bastar Dantewada,2023,1.6351082236560004e7,9.317707533712468e7,319954.7800897469,4.873023663044234e8,5.698526494398427,0.033554284500119366
22,417,Bijapur,2016,6.90959026657428e6,4.654253916930693e7,111343.00490301613,2.362841779015855e8,6.735933300482424,0.02924271243185901
22,417,Bijapur,2017,6.995359325803481e6,4.3259744793906145e7,121551.25078250494,2.4050335712304306e8,6.184063288119566,0.02908632714937368
22,417,Bijapur,2018,7.507906453141616e6,4.860262606113319e7,123466.10154545793,2.5072820869331342e8,6.4735257910407045,0.029944402715073683
22,417,Bijapur,2019,8.026227360457797e6,5.2388682294442415e7,137141.77518978642,2.581138122102711e8,6.527186427902821,0.0310956910508891
22,417,Bijapur,2020,8.128255011524442e6,5.247847831732778e7,132609.31357512577,2.6523453625079656e8,6.456303135534317,0.030645537818795386
22,417,Bijapur,2021,8.408557351583507e6,5.6018061759453304e7,138184.3729373612,2.6838557573288143e8,6.662030050720167,0.031330138844541965
22,417,Bijapur,2022,7.654171285203257e6,4.096394862437368e7,143620.2540793479,2.428869475422028e8,5.351846346000067,0.03151330840399856
22,417,Bijapur,2023,8.219993262019386e6,4.368755381771102e7,157977.14342285116,2.618631023551624e8,5.314791925629682,0.03139042189636434
23,418,Sheopur,2016,1.1893436981879923e7,8.78079151563988e7,271154.14511487464,2.2799006094486064e8,7.3828881668248885,0.05216647134787314
23,418,Sheopur,2017,1.2484782032378152e7,8.3507719220791e7,312775.538066203,2.43451806726034e8,6.688760685146227,0.051282355223708706
23,418,Sheopur,2018,1.2856159376070281e7,9.532659917929706e7,313059.2600479695,2.4012757298075974e8,7.4148582318240805,0.053538871927466584
23,418,Sheopur,2019,1.3648808894894013e7,1.0052092448891734e8,309091.9902268016,2.547761056254059e8,7.36481294910078,0.053571777704152855
23,418,Sheopur,2020,1.4078734124155048e7,1.0290626377653341e8,317255.55792172835,2.651181250309207e8,7.3093406601077815,0.053103627383126094
23,418,Sheopur,2021,1.442211673237367e7,1.0761276087454054e8,330398.6424653464,2.6494850709222585e8,7.4616481665953795,0.05443365916892477
23,418,Sheopur,2022,1.374486114896865e7,7.92094921004594e7,365045.06208172184,2.4854595680515468e8,5.762844108934699,0.055301085262649465
23,418,Sheopur,2023,1.4811150622568142e7,8.966663653547832e7,382573.3416713191,2.6176994650145146e8,6.05399531882762,0.056580790959843884
23,419,Morena,2016,2.9041471119367268e7,2.2232724577787167e8,660562.7465098388,4.377195753323223e8,7.655509077486277,0.06634720665009923
23,419,Morena,2017,3.0585236287225462e7,2.3146636387040374e8,705221.0145690358,4.715011705566828e8,7.56791157984548,0.06486778442376862
23,419,Morena,2018,3.1598371565504942e7,2.5598660511325634e8,686612.4676185551,4.569683020262332e8,8.101259414036063,0.06914784116402667
23,419,Morena,2019,3.3261172152176023e7,2.710774895864708e8,692187.977070721,4.790826021851562e8,8.149968027171173,0.06942680030639313
23,419,Morena,2020,3.3749013975530565e7,2.6864271858941567e8,723209.8610772687,4.943296528506625e8,7.960016810689426,0.06827228304211436
23,419,Morena,2021,3.5559433382992454e7,2.9616555741443837e8,735552.942565261,4.9350123763136107e8,8.328747936576795,0.07205540872332093
23,419,Morena,2022,3.490751923471022e7,2.2949422450963768e8,848342.7594603752,4.8758058737272125e8,6.574349296109263,0.07159333275101426
23,419,Morena,2023,3.585829958709847e7,2.3814888535098237e8,835176.1179125557,4.977574417005897e8,6.641388133102286,0.07203970565379894
23,420,Bhind,2016,2.6402397575466745e7,1.810647927131673e8,661701.5276650724,3.65438194191188e8,6.857892060583684,0.07224859906584828
23,420,Bhind,2017,2.695731414207723e7,1.8152326599985504e8,698972.4842459173,3.7955062707118183e8,6.733729667694095,0.0710242908833914
23,420,Bhind,2018,2.8397981030631956e7,2.1417478261471942e8,671082.0998239785,3.8239320131937045e8,7.5419017423702135,0.0742638230299348
23,420,Bhind,2019,2.882192650096196e7,2.1508901208057362e8,679238.6757834638,3.879705049456495e8,7.462686856598389,0.07428896303599059
23,420,Bhind,2020,2.9141357124234073e7,2.128974074429195e8,704637.4443074798,4.074369235342333e8,7.305679228846659,0.0715236038782469
23,420,Bhind,2021,3.0902661449859347e7,2.4136664282669577e8,721696.2003496472,4.17899049225203e8,7.810545483867841,0.07394767111136956
23,420,Bhind,2022,2.9517347982105963e7,1.8157019066807222e8,820327.3664953038,3.9838556940179616e8,6.1513043373050955,0.0740924126002564
23,420,Bhind,2023,2.9986829990829535e7,1.8973297637347698e8,782505.9386944466,4.099675597981847e8,6.327210192991405,0.07314439709715372
23,421,Gwalior,2016,3.2845461742002074e7,2.745584033683554e8,592263.1457692765,3.8057464713122314e8,8.359097080899184,0.08630491281957853
23,421,Gwalior,2017,3.427584725164768e7,2.6349775711032686e8,662666.373112994,3.9648891844859457e8,7.687563641411088,0.08644843690906735
23,421,Gwalior,2018,3.608048253240513e7,2.9701215800957686e8,687493.8023451023,4.032771265913986e8,8.231934197188743,0.08946820970821379
23,421,Gwalior,2019,3.7590031990436964e7,3.207116390501642e8,689664.1515966217,4.1403137408792895e8,8.531826712245268,0.09079029837592421
23,421,Gwalior,2020,3.8285765987333074e7,3.082542391172384e8,740290.9345072058,4.32875489866521e8,8.051405820618163,0.08844521550328167
23,421,Gwalior,2021,4.044846770280677e7,3.554232834633153e8,732600.1308881989,4.401985514739774e8,8.78706422391007,0.09188687142964828
23,421,Gwalior,2022,3.962023270954416e7,2.9014342221675074e8,822731.1376534108,4.216718256222311e8,7.323112520408236,0.09395987661987945
23,421,Gwalior,2023,4.0424161476652466e7,3.037274882371302e8,811925.9790692393,4.3648343188260186e8,7.513513630024268,0.09261327813131082
23,422,Datia,2016,1.4433491569654567e7,1.0436752038973852e8,336902.9322260392,2.387563633955231e8,7.2309267571239735,0.06045280370493869
23,422,Datia,2017,1.4628741117694609e7,9.228952933375692e7,373664.1453686092,2.4582188992807525e8,6.308781363430207,0.059509513664445485
23,422,Datia,2018,1.5516818601473663e7,1.1740002722957394e8,368141.29617254366,2.4778532089615124e8,7.565985673018322,0.06262202516821762
23,422,Datia,2019,1.6326546504009418e7,1.2519962966351128e8,373319.11563009856,2.633204857165556e8,7.668469852627141,0.062002568693359086
23,422,Datia,2020,1.6050366116298117e7,1.095081965263941e8,397046.0675339564,2.6542316238553917e8,6.822784959104176,0.06047085707231622
23,422,Datia,2021,1.716126139529931e7,1.2839957509839275e8,402046.6430485972,2.8028472564806217e8,7.48194273956826,0.06122795794747569
23,422,Datia,2022,1.6248979815654427e7,9.221510461371529e7,450758.0477345266,2.5789059770739508e8,5.675131956584398,0.06300725951277472
23,422,Datia,2023,1.689893447120104e7,1.0499083722456145e8,447590.1596617722,2.6933770609285384e8,6.212867290744607,0.06274254992494498
23,423,Shivpuri,2016,2.901083736736167e7,2.0987492404344296e8,654501.0852572857,7.200817142701557e8,7.23436284812518,0.04028825728030856
23,423,Shivpuri,2017,3.020416250561766e7,2.000866124812378e8,721167.9219153114,7.559634340799134e8,6.624471459654734,0.03995452841231572
23,423,Shivpuri,2018,3.2619420973201778e7,2.3809892659043047e8,736923.3455987384,7.880024614969516e8,7.299299603939589,0.04139507497379558
23,423,Shivpuri,2019,3.4212055083579145e7,2.5189772214678323e8,740280.8388954612,7.760659940895222e8,7.362835162383662,0.044083950777558036
23,423,Shivpuri,2020,3.4320495333045185e7,2.3764987623981383e8,769673.3174794194,7.860670718818779e8,6.924430254682099,0.04366102659774371
23,423,Shivpuri,2021,3.730774953488161e7,2.739164960655793e8,811871.7944309231,8.465378634627258e8,7.34208038492045,0.04407097561150532
23,423,Shivpuri,2022,3.521527348869424e7,1.976412224564368e8,895806.7646916456,7.821335926585745e8,5.612372214570161,0.04502462727498115
23,423,Shivpuri,2023,3.687528874846329e7,2.1078711163953918e8,934165.2875147098,8.149177520356617e8,5.716215893992786,0.04525031962593642
23,424,Tikamgarh,2016,3.136195105508268e7,2.3397192063338965e8,651637.9292556351,6.476355108531673e8,7.4603751604118065,0.048425311042267875
23,424,Tikamgarh,2017,3.129027903980369e7,2.029730067834777e8,739551.3062435613,6.4450974976057e8,6.486775222594854,0.04854896151908915
23,424,Tikamgarh,2018,3.3408438731264845e7,2.4911887129239586e8,713434.4143397654,6.439008019228247e8,7.456764840054057,0.05188444964115613
23,424,Tikamgarh,2019,3.582463830343595e7,2.702490932024697e8,720042.1424272424,6.7265008656497e8,7.543665644673098,0.05325895145034775
23,424,Tikamgarh,2020,3.508199177451792e7,2.4829280020147777e8,759728.2639354574,6.660418806584481e8,7.077500097409724,0.05267235108374253
23,424,Tikamgarh,2021,3.663824772661036e7,2.6172082400847498e8,787412.7535233194,6.906745900453202e8,7.143377215018586,0.05304704741520354
23,424,Tikamgarh,2022,3.570758939873903e7,1.9865092985356233e8,911006.8832314995,6.786343338091222e8,5.563269131255817,0.05261683298325784
23,424,Tikamgarh,2023,3.6843312777922854e7,2.2142712481677562e8,926289.6772189152,6.926297462169156e8,6.009967837350895,0.05319337348584561
23,425,Chhatarpur,2016,4.0618444014326364e7,3.1162251176687986e8,817226.7276394055,7.278508094611713e8,7.671946066101616,0.055806002392710455
23,425,Chhatarpur,2017,4.1293525530364886e7,2.939095782300276e8,871839.1752427162,7.428610956348002e8,7.117570477577735,0.05558714243216379
23,425,Chhatarpur,2018,4.305893556817752e7,3.447091953613982e8,863411.5147105105,7.37226215850069e8,8.005520592017461,0.058406679852706825
23,425,Chhatarpur,2019,4.4916338689482704e7,3.5825448412368673e8,851472.8476985896,7.749395716099494e8,7.976039333935584,0.05796108539943094
23,425,Chhatarpur,2020,4.529728763401562e7,3.5124358898564404e8,886996.5126564109,7.921064155935395e8,7.754185897918545,0.05718586132151644
23,425,Chhatarpur,2021,4.639689996714211e7,3.604520481888927e8,918810.7386359369,8.066802690888557e8,7.768882154716409,0.0575158482796999
23,425,Chhatarpur,2022,4.432575660964743e7,2.5355676782264465e8,1.054317825728359e6,7.723865278316598e8,5.720303210063163,0.05738804991081894
23,425,Chhatarpur,2023,4.635595046527053e7,2.7679644520456165e8,1.0950735063664631e6,8.025417530178388e8,5.971109262702641,0.0577614190052491
23,426,Panna,2016,2.0856435872316767e7,1.6035017780820024e8,383819.1205825324,3.4248610010526186e8,7.688282829811625,0.060897174705503716
23,426,Panna,2017,2.2264786073323615e7,1.497165347287921e8,451952.6063907687,3.669762054757812e8,6.724364394777358,0.06067092563796481
23,426,Panna,2018,2.32290761579088e7,1.7365948326587045e8,447653.4270230039,3.8579562457793725e8,7.475953072147668,0.060210833607357656
23,426,Panna,2019,2.4160324923109993e7,1.7691781466122004e8,442577.94750361587,3.929924714794271e8,7.322658748351246,0.06147783145096399
23,426,Panna,2020,2.4463225898764953e7,1.7893952708472887e8,463438.50249864283,4.072329922399739e8,7.314633312271494,0.060071817276408895
23,426,Panna,2021,2.529055220150411e7,1.812026976985906e8,497414.1255284837,4.266299421307866e8,7.1648375351730715,0.059279834123201564
23,426,Panna,2022,2.4214694843639337e7,1.3562588790286744e8,559551.5655301042,3.9612538728374684e8,5.600974481761572,0.06112886379154037
23,426,Panna,2023,2.452404587930267e7,1.3859219663206437e8,577963.3053750644,4.178469352813535e8,5.651277823983796,0.05869145806415841
23,427,Sagar,2016,4.264231010667069e7,3.1853633325846446e8,802306.1945690119,7.312140993122627e8,7.469959588531641,0.05831713330853106
23,427,Sagar,2017,4.250373701850023e7,2.7098622745934534e8,887598.7437062889,7.356753784390012e8,6.375585924159928,0.05777512509483073
23,427,Sagar,2018,4.722613817606856e7,3.491719844708704e8,922882.7946508782,7.976289513823186e8,7.39361713568632,0.05920815448614801
23,427,Sagar,2019,4.867225063970462e7,3.6355600815632e8,926992.3357313508,8.093827375996897e8,7.469471893698448,0.06013502435701475
23,427,Sagar,2020,4.8853111194912665e7,3.594004558945081e8,935862.9531474895,8.124730247971276e8,7.356756757222341,0.06012890238061892
23,427,Sagar,2021,5.0245626764815435e7,3.856378487121824e8,955533.0351110103,8.300771093144878e8,7.675053005453319,0.06053127619229298
23,427,Sagar,2022,4.8578218059074454e7,2.8800161401789165e8,1.09619269572629e6,7.874973922484031e8,5.928616271343298,0.0616868303784189
23,427,Sagar,2023,5.1679605587107256e7,3.3491815824959767e8,1.1582497056970901e6,8.408801998379211e8,6.480663976529094,0.06145893980744041
23,428,Damoh,2016,2.2533143254972465e7,1.641900421738977e8,465424.94359256426,3.9584542132864964e8,7.286601798782127,0.05692409723810947
23,428,Damoh,2017,2.3741811892283626e7,1.7406642113191852e8,485022.2709653443,4.3380372420680904e8,7.331640142785067,0.05472938697263257
23,428,Damoh,2018,2.4961366140101388e7,1.9739983362120977e8,490846.52050968097,4.243805314855584e8,7.90821433864068,0.05881835826144824
23,428,Damoh,2019,2.5745176669296212e7,2.04236987755003e8,494914.6841648769,4.4068268086321604e8,7.933019469179901,0.058421122016563395
23,428,Damoh,2020,2.6530693375557162e7,2.067841071692926e8,516234.59948231326,4.6486236447819763e8,7.794146358790745,0.057072147377079115
23,428,Damoh,2021,2.667112534890853e7,2.1105333772637784e8,534115.4723275501,4.6704020281689256e8,7.913177076910062,0.05710670128191339
23,428,Damoh,2022,2.494113037064298e7,1.3794453195081714e8,602635.3523625425,4.269549962643498e8,5.530805135968701,0.05841629817865076
23,428,Damoh,2023,2.6688745847012047e7,1.5448589263548428e8,646913.908203429,4.6246902719218373e8,5.788428333090063,0.05770926111322319
23,429,Satna,2016,4.888969648025189e7,3.7261908586470413e8,802390.7143773686,7.94374097271178e8,7.621628128029325,0.06154492782203882
23,429,Satna,2017,5.1433249710688e7,3.47242372863229e8,931387.4492056797,8.417627416448108e8,6.751320883212069,0.06110183685510604
23,429,Satna,2018,5.461166562744151e7,4.056123777711126e8,915232.9235220323,8.617508030432523e8,7.427211258088761,0.06337292107484173
23,429,Satna,2019,5.6327401662749276e7,4.1124471753001827e8,920062.4740042565,8.871595394288454e8,7.300970848829065,0.06349185141943346
23,429,Satna,2020,5.655612860515985e7,4.2314196149776286e8,934495.2746693963,8.992170174852982e8,7.481805631567891,0.06289486020106878
23,429,Satna,2021,5.804113312403403e7,4.393667375159782e8,988559.6722751061,9.410861570152688e8,7.569920052681441,0.06167462212823978
23,429,Satna,2022,5.756531440102169e7,3.4461911229465574e8,1.1443418652043832e6,8.900323083926469e8,5.986575698934067,0.06467778063583075
23,429,Satna,2023,5.837481450385267e7,3.6249143087611413e8,1.1661463168902122e6,9.232383260027918e8,6.209723045067494,0.06322832670583495
23,430,Rewa,2016,5.184072983774799e7,3.8770518253780115e8,784811.1405947083,9.387276006141734e8,7.4787755448514615,0.05522446533353296
23,430,Rewa,2017,5.377798887552544e7,3.5099972059213585e8,919143.9798063972,9.77842912378439e8,6.526828688305172,0.054996552303804604
23,430,Rewa,2018,5.807846898273566e7,4.30770815333653e8,885448.4169591812,1.0104543699410809e9,7.41704839811985,0.05747757712812127
23,430,Rewa,2019,6.084636938774589e7,4.4443124641935384e8,903977.3506606104,1.0335815812370709e9,7.304153902547549,0.05886944048956466
23,430,Rewa,2020,6.232877738358907e7,4.515003815519714e8,930676.4032173629,1.0688786344837966e9,7.243851082996692,0.05831230541313053
23,430,Rewa,2021,6.301950845671837e7,4.659871532231426e8,978410.7869130175,1.0941451549584098e9,7.394331765427547,0.05759702738812004
23,430,Rewa,2022,6.170604164455456e7,3.597447153886503e8,1.1833401512268947e6,1.0602640692331649e9,5.829975571288279,0.058198748250691365
23,430,Rewa,2023,6.393216015793507e7,3.8771015771901834e8,1.2030333098648908e6,1.0927695650208945e9,6.064399462824922,0.05850470419782659
23,431,Umaria,2016,1.588193025218236e7,1.1030003204487287e8,255560.25024564646,3.187487643926011e8,6.945001665003305,0.04982585668197501
23,431,Umaria,2017,1.7155064496133465e7,1.0629146562739512e8,302707.9857545665,3.423750944633119e8,6.195923405088443,0.0501060526117555
23,431,Umaria,2018,1.8062967161503997e7,1.205123067159373e8,301504.3591963619,3.5548644303345966e8,6.671789060923198,0.05081197192041398
23,431,Umaria,2019,1.8861449543205068e7,1.3301024040565e8,295211.2561088418,3.669113811336895e8,7.051962793260904,0.051406008407061714
23,431,Umaria,2020,1.8639495043443855e7,1.2529434611537261e8,319550.5517664938,3.726709623526464e8,6.721981782411155,0.050015957577628244
23,431,Umaria,2021,1.9204835270384118e7,1.3467501945563802e8,318031.26526523154,3.8875007965884274e8,7.01255790844096,0.04940149539580235
23,431,Umaria,2022,1.8159458748078004e7,1.012837566768606e8,355199.4901076111,3.645161587969249e8,5.577465610729201,0.049817980108242045
23,431,Umaria,2023,1.8361638265477687e7,1.0333451373731208e8,366634.01037790347,3.7373998324962854e8,5.6277393249596175,0.049129445840461694
23,432,Neemuch,2016,2.033800682009179e7,1.6021818613583523e8,359233.9163593301,3.360524682338005e8,7.87777226908768,0.06052033162256707
23,432,Neemuch,2017,2.1725968803460103e7,1.5309283972568953e8,418217.6222930217,3.685222317325674e8,7.046536847705856,0.05895429619352355
23,432,Neemuch,2018,2.2505986605309118e7,1.7131044373858714e8,403271.52000449906,3.741430485041246e8,7.611772225003251,0.0601534271324595
23,432,Neemuch,2019,2.338099294728142e7,1.8404052554098785e8,414246.7793938395,3.825148716861061e8,7.871373382471629,0.061124402416615056
23,432,Neemuch,2020,2.4220225585167777e7,1.8712151600816286e8,428822.2694034798,4.142692662305837e8,7.725837042688578,0.058464934668087866
23,432,Neemuch,2021,2.5273756331487294e7,1.9791742631048688e8,449295.89467506704,4.100891534909812e8,7.830946208178465,0.061629906854005885
23,432,Neemuch,2022,2.3862006147152137e7,1.5010275993259403e8,481676.04887127026,3.6572912852594966e8,6.290450140987344,0.06524502503622445
23,432,Neemuch,2023,2.4847996691061348e7,1.595747157416753e8,523009.1273292532,4.0119329653590685e8,6.4220354552397225,0.061935224007007926
23,433,Mandsaur,2016,3.106822829004629e7,2.386360095997088e8,561976.5934609596,5.132963901214117e8,7.681030516830712,0.06052687859873244
23,433,Mandsaur,2017,3.335303954995237e7,2.1531339207966527e8,660727.822077748,5.287877571069852e8,6.455585307515781,0.0630745305686121
23,433,Mandsaur,2018,3.4941516535470985e7,2.4728022683178374e8,648957.358641439,5.624146515459559e8,7.076974652223709,0.062127678287584316
23,433,Mandsaur,2019,3.642548670693779e7,2.6637198600189596e8,684096.4043105771,5.751367501019914e8,7.3127914019378455,0.06333361013789904
23,433,Mandsaur,2020,3.845022557883408e7,2.8352545470130646e8,706713.377551013,6.605659587696003e8,7.373830723567468,0.058208003407340565
23,433,Mandsaur,2021,3.9418419156306624e7,2.7845078648106843e8,735753.0667396091,6.081555399818819e8,7.063976497305032,0.06481634477502413
23,433,Mandsaur,2022,3.833574076605284e7,2.346919928369789e8,772347.4418751005,5.626921717447839e8,6.122015334703117,0.06812915247635701
23,433,Mandsaur,2023,3.962795125268894e7,2.4927615137914896e8,832590.4107278312,6.166891909507658e8,6.290412284743952,0.0642591954491589
23,434,Ratlam,2016,3.035854445026234e7,2.3341715294015965e8,498093.05889980687,5.69716802663814e8,7.688680638907989,0.05328707931434614
23,434,Ratlam,2017,3.2229413774053082e7,2.1716610344424048e8,571096.3199317127,5.876984622103553e8,6.738133835343735,0.05484005122769436
23,434,Ratlam,2018,3.378350449324085e7,2.423048581052381e8,567397.7227988375,6.231563456159123e8,7.172283093179888,0.054213528805279305
23,434,Ratlam,2019,3.4896407079757966e7,2.594410859001393e8,592425.7033675055,6.401485832105927e8,7.434607388295595,0.054512980259581276
23,434,Ratlam,2020,3.647837923997644e7,2.713566918069956e8,620315.6298794214,7.015069823234298e8,7.438836304152937,0.052000023034921246
23,434,Ratlam,2021,3.799291196580816e7,2.861053880184834e8,638476.5475380553,6.909897296074871e8,7.530493800421637,0.054983323684694746
23,434,Ratlam,2022,3.570087841305376e7,2.1993164495050648e8,663535.0287135938,6.385911408188266e8,6.160398699604269,0.05590569009033964
23,434,Ratlam,2023,3.631502618053315e7,2.3364546338017738e8,706240.7453200542,6.755682434121859e8,6.433850886370122,0.05375478574468188
23,435,Ujjain,2016,4.137804334389804e7,3.2218787154442996e8,685239.1492080023,6.105971889905794e8,7.786445310298669,0.06776651463512788
23,435,Ujjain,2017,4.421016390836248e7,3.048767995758985e8,752654.9831547367,6.356218774747893e8,6.896079376856375,0.06955418854366917
23,435,Ujjain,2018,4.61735640218584e7,3.40056910116339e8,755267.7422442826,6.510449347786572e8,7.364753345775026,0.0709222383207029
23,435,Ujjain,2019,4.773630826134497e7,3.602685494933984e8,780487.1916702923,6.63274505747664e8,7.547055116223348,0.07197066651541972
23,435,Ujjain,2020,4.9189487608489096e7,3.772105419327463e8,794436.727035249,7.02928704014587e8,7.668519439256112,0.0699779185677817
23,435,Ujjain,2021,5.112987747607596e7,3.995452140541438e8,822361.0715576257,6.997173754074872e8,7.814319802371791,0.07307218496082077
23,435,Ujjain,2022,4.929953789161437e7,3.216656790610554e8,868018.3138637712,6.589366774867188e8,6.524719963262968,0.07481680649444199
23,435,Ujjain,2023,5.097277372139207e7,3.492736004118493e8,927483.3357988892,7.094950715888634e8,6.852159984875757,0.07184373191943702
23,436,Shajapur,2016,3.2395631306998443e7,2.4451429701507148e8,584615.9189522266,5.2099190935021824e8,7.547755272861404,0.06218068020941499
23,436,Shajapur,2017,3.3753076103236526e7,2.27121410434964e8,641199.8377821284,5.453225555718099e8,6.728909973724905,0.06189561711388226
23,436,Shajapur,2018,3.597140769497366e7,2.724950436478851e8,618759.7639587104,5.745215924037223e8,7.575323322305266,0.06261106313598076
23,436,Shajapur,2019,3.7713063114861734e7,2.9092933239505464e8,639133.1316268216,5.968830790766314e8,7.714285405801657,0.06318333428584244
23,436,Shajapur,2020,3.939198568488791e7,3.013455771053112e8,657839.3741999936,6.56146228280013e8,7.649920964022829,0.060035376242500056
23,436,Shajapur,2021,4.12571583090295e7,3.230002534137936e8,676014.7239775652,6.304484645511373e8,7.828950578573952,0.06544096881638614
23,436,Shajapur,2022,3.890744062096182e7,2.4420247669447064e8,766134.7573986107,5.951629621916628e8,6.276498088720434,0.0653727518219326
23,436,Shajapur,2023,4.144525368660505e7,2.695408295915214e8,840211.3766444518,6.565864471441865e8,6.503539141772365,0.06312231065211686
23,437,Dewas,2016,3.583028546209906e7,2.782586086291126e8,590374.0029532022,5.544745105038947e8,7.766017072999654,0.06462025716842647
23,437,Dewas,2017,3.7455124161857896e7,2.6368407005025724e8,642645.3041498638,5.816870442761067e8,7.039999891891365,0.06439050780040967
23,437,Dewas,2018,3.913363954590233e7,2.9851517328401476e8,637458.4911823599,5.953348770290248e8,7.62809635770952,0.06573382655018616
23,437,Dewas,2019,4.0873997826052494e7,3.1984973880713195e8,642761.7033226464,6.149126168444127e8,7.825261922465151,0.06647122974286698
23,437,Dewas,2020,4.227867715801146e7,3.314236510933339e8,648345.6620202371,6.281055664065411e8,7.839026037987848,0.06731141932062834
23,437,Dewas,2021,4.3763290835181415e7,3.515704158761445e8,670554.8328879168,6.293161026369027e8,8.033454732648126,0.06954103137009919
23,437,Dewas,2022,4.064784687968297e7,2.5831185167901987e8,769808.7980753299,5.932391022392845e8,6.354871696983586,0.06851848896381
23,437,Dewas,2023,4.366636941975788e7,2.9023448843946064e8,839066.4842782263,6.605462359659582e8,6.646636583167301,0.06610645408629391
23,438,Dhar,2016,4.685227829416792e7,3.626976938047434e8,741759.3035798848,7.884088769723536e8,7.741303240954481,0.059426370837033136
23,438,Dhar,2017,4.964009925449353e7,3.3190623009075963e8,833215.4299617287,8.180748363257046e8,6.686252345893824,0.06067916656310651
23,438,Dhar,2018,5.208023152355796e7,3.7762866489497536e8,851714.9157455653,8.642605541474684e8,7.250902191634054,0.06025987333753929
23,438,Dhar,2019,5.4752992226161815e7,4.1783054404590696e8,854667.2886167268,8.906497868747741e8,7.631191046509804,0.06147533299063161
23,438,Dhar,2020,5.6889487966392316e7,4.401331578693026e8,888230.4189675215,9.395772580321964e8,7.736634193812975,0.060547961841412395
23,438,Dhar,2021,5.894994967657121e7,4.541520814427957e8,945757.3895557552,9.447289524140083e8,7.704028314434537,0.06239879652882449
23,438,Dhar,2022,5.531241299565444e7,3.5481881082237476e8,988343.9880639863,8.797295822048829e8,6.41481344974501,0.06287433560779426
23,438,Dhar,2023,5.861946141281781e7,3.856534025853728e8,1.0742439254790575e6,9.618244618037604e8,6.578931182418631,0.06094611204094937
23,439,Indore,2016,6.300251041988469e7,6.335078011888607e8,804872.0909900302,5.346927746732115e8,10.055278701861292,0.11782936557986962
23,439,Indore,2017,6.648178823276895e7,5.981560743795192e8,869807.8318686504,5.509556067536842e8,8.997292195047898,0.12066632486869487
23,439,Indore,2018,6.989599233116065e7,6.408698083857807e8,911555.2034065371,5.698548534291322e8,9.168906356596237,0.1226557813986452
23,439,Indore,2019,7.268626664191553e7,6.827739297053131e8,938912.6502330212,5.864853263759805e8,9.393437870030626,0.12393535417341073
23,439,Indore,2020,7.470121482594596e7,7.157007869510531e8,973875.0033636334,6.079618557506628e8,9.580845353300317,0.12287154879759826
23,439,Indore,2021,7.789115776441945e7,7.729423635371822e8,1.0014086935546638e6,6.197698374005742e8,9.92336467606418,0.12567755489861998
23,439,Indore,2022,7.712923116401431e7,6.472983862355194e8,1.0602740960281081e6,6.090822432129288e8,8.392387379812561,0.12663188267836392
23,439,Indore,2023,7.944468169922346e7,6.913997155365143e8,1.1811358635176204e6,6.517458696538066e8,8.702907491707812,0.12189518246033959
23,440,Khargone (West Nimar),2016,3.750471998790319e7,2.755692727021322e8,706942.7626395655,6.206333536291819e8,7.34758912454258,0.06042975255614709
23,440,Khargone (West Nimar),2017,3.85777428907134e7,2.4365124306972888e8,769660.4863076643,6.369914198473039e8,6.315850146027637,0.0605624215471553
23,440,Khargone (West Nimar),2018,4.034130192953949e7,2.9496763995143163e8,752084.1117801929,6.642125661760223e8,7.311802689626255,0.06073552953355098
23,440,Khargone (West Nimar),2019,4.324347972711643e7,3.2541058326975316e8,761716.1248202822,6.888738666353017e8,7.525078585794286,0.06277416203685088
23,440,Khargone (West Nimar),2020,4.410924147101778e7,3.313782555824464e8,800662.8268816374,7.15301520694899e8,7.512671824116048,0.06166524213197067
23,440,Khargone (West Nimar),2021,4.5329104734060824e7,3.4707778177011937e8,826295.7878140555,7.065756753626263e8,7.6568417533585444,0.06415321998000735
23,440,Khargone (West Nimar),2022,4.181389986581958e7,2.5604671729879746e8,874948.7440939758,6.628806066447802e8,6.12348329432196,0.06307908158222303
23,440,Khargone (West Nimar),2023,4.489192255588451e7,2.831831456269947e8,949972.891854125,7.226707564989623e8,6.308109109706075,0.0621194674783398
23,441,Barwani,2016,2.4090912476814058e7,1.6833408072217986e8,412303.0888565471,5.971345162727941e8,6.987451425270442,0.040344196860675856
23,441,Barwani,2017,2.4851624096187163e7,1.4738913562037653e8,459880.19730664056,6.065304716706264e8,5.930764727887123,0.04097341396176831
23,441,Barwani,2018,2.608411399695104e7,1.7693821926320013e8,460657.8836820852,6.49979878144064e8,6.7833708779175845,0.04013064846165847
23,441,Barwani,2019,2.7669288642747864e7,1.9853751194551408e8,459784.14462736534,6.698770849435929e8,7.175374636801545,0.04130502336123016
23,441,Barwani,2020,2.873004480442409e7,2.0451533028851616e8,492697.57910745847,7.009380721804459e8,7.1185176243450625,0.04098799301206737
23,441,Barwani,2021,2.9282922528318416e7,2.0777772326954132e8,516858.7401192166,7.066229247480816e8,7.095525491644739,0.04144066305060522
23,441,Barwani,2022,2.6195294742833406e7,1.5023177411139706e8,512022.8165431992,6.432451462597923e8,5.735067140349622,0.04072365706161693
23,441,Barwani,2023,2.85319654696143e7,1.660084266164195e8,585721.3096028632,7.13469291066774e8,5.818331260537013,0.03999046045409119
23,442,Rajgarh,2016,2.9956580060311545e7,2.233791507105473e8,576307.0123162995,5.2149150688397676e8,7.456764098599317,0.0574440420694644
23,442,Rajgarh,2017,3.1380752163602553e7,2.2056343273226738e8,616073.6541347441,5.732767662640203e8,7.0286216079961035,0.0547392708204579
23,442,Rajgarh,2018,3.375452934012613e7,2.566964096902645e8,614355.4424317494,5.898841746385263e8,7.604798962049617,0.057222300226668195
23,442,Rajgarh,2019,3.600881957917537e7,2.841300925497781e8,630569.1510699677,6.306993228531748e8,7.8905694735435405,0.0570934806403116
23,442,Rajgarh,2020,3.750386054480691e7,2.916389473214095e8,655305.9651621743,7.075931875327358e8,7.776238048159877,0.053002009071874856
23,442,Rajgarh,2021,3.922556411910937e7,3.12435626677165e8,679536.9550574408,6.670239413773935e8,7.965102190205517,0.05880683088842242
23,442,Rajgarh,2022,3.732467224636127e7,2.399551282148079e8,753040.8447503494,6.071984624981272e8,6.428860959072475,0.06147030098330723
23,442,Rajgarh,2023,4.0622477743442856e7,2.723253946307191e8,840171.3376156553,6.908668403918389e8,6.703810544266394,0.05879928716857073
23,443,Vidisha,2016,2.720536883335891e7,2.112179797449072e8,482743.8113915136,4.005595356066445e8,7.76383444895311,0.06791841515433299
23,443,Vidisha,2017,2.7653502623623446e7,1.9732349766655433e8,542944.0103211175,4.16438051236918e8,7.135569781239487,0.06640484110778568
23,443,Vidisha,2018,3.0595593141351454e7,2.3362943037194055e8,564113.2920189305,4.530167579206916e8,7.636048410389496,0.0675374422831125
23,443,Vidisha,2019,3.1305239016719688e7,2.3857770669664562e8,585674.3404832198,4.661205607706303e8,7.621015337695541,0.06716124893732041
23,443,Vidisha,2020,3.0942142476048954e7,2.2967877315087047e8,589173.3939850581,4.6441451552769226e8,7.422846473176685,0.06662613127173869
23,443,Vidisha,2021,3.3164404708378814e7,2.5984363484675375e8,606397.9277765955,4.884911856551241e8,7.8350157987640765,0.06789151100833364
23,443,Vidisha,2022,3.1975005081307646e7,1.9098612573118883e8,702606.6978186567,4.759548918306717e8,5.972981872732771,0.067180746810526
23,443,Vidisha,2023,3.3352167261431765e7,2.157364644425684e8,732338.0092284924,5.021384116276003e8,6.468439149741393,0.06642026678127673
23,444,Bhopal,2016,4.493415472517304e7,4.5352517681021386e8,597403.8446587924,4.0783205085593224e8,10.093105780760125,0.11017808588331414
23,444,Bhopal,2017,4.697364910906079e7,4.422400603300227e8,664051.1490007379,4.2596227585254663e8,9.414641372724834,0.11027654741266674
23,444,Bhopal,2018,5.025663425557369e7,4.631902421249956e8,724297.2860316682,4.5078996706043583e8,9.216499452977708,0.11148569828049425
23,444,Bhopal,2019,5.133531406702355e7,4.8083885523119116e8,772440.7406019199,4.647950330668733e8,9.366629268176023,0.11044720880147095
23,444,Bhopal,2020,5.203416694437813e7,4.9187774765548354e8,759689.0547218535,4.686168247784925e8,9.452976314222072,0.11103776943769321
23,444,Bhopal,2021,5.4438608459112756e7,5.406725032350956e8,780542.172390348,4.865532679699488e8,9.931784050673869,0.11188622509154551
23,444,Bhopal,2022,5.34914624682955e7,4.416865456482859e8,877713.6187284939,4.797549695082873e8,8.257140957962674,0.11149746405570372
23,444,Bhopal,2023,5.522095841995247e7,5.0346830359042454e8,916570.6788965896,5.064147778815449e8,9.117340915410681,0.10904294430536772
23,445,Sehore,2016,3.3113770492752016e7,2.540322573288268e8,532648.9223529518,5.341439308227444e8,7.671499003244881,0.061994096688034475
23,445,Sehore,2017,3.396947236361324e7,2.4869121365242967e8,563656.7410560994,5.61718250679385e8,7.321020797450416,0.06047421874316522
23,445,Sehore,2018,3.634642185999655e7,2.687427767250848e8,594818.5037876182,5.922983509358075e8,7.393926636307145,0.061365056651889495
23,445,Sehore,2019,3.794005807707322e7,2.8733770900909245e8,617536.678791705,6.079921999925857e8,7.573465186199271,0.062402211866428366
23,445,Sehore,2020,3.8665149033897586e7,2.932630839192488e8,607663.3997533545,6.307809968135419e8,7.584687793706581,0.06129726359737968
23,445,Sehore,2021,4.039746903174682e7,3.1861014440139115e8,629375.7738396892,6.359445331101182e8,7.886883808265504,0.06352357309242207
23,445,Sehore,2022,3.790498300429557e7,2.3570065314487e8,733136.4141944896,6.092050869347925e8,6.218197040694077,0.06222039805185148
23,445,Sehore,2023,4.109564583600218e7,2.7351174603384256e8,772786.8063869984,6.630186145217218e8,6.655492095812991,0.061982642622556115
23,446,Raisen,2016,3.1140357747207496e7,2.3030907085275578e8,502659.9531684037,4.1624154517171806e8,7.3958389535010625,0.07481318986157598
23,446,Raisen,2017,3.103827354394761e7,2.137672029845241e8,542480.778022338,4.157603385384269e8,6.88721306234535,0.07465424348330157
23,446,Raisen,2018,3.39338083153722e7,2.4808131205497864e8,570271.1188467982,4.6279716062872994e8,7.3107418344965565,0.07332328545246831
23,446,Raisen,2019,3.482501377446665e7,2.5865056396971047e8,577944.0152489119,4.70912097207805e8,7.427148935095339,0.07395225983990596
23,446,Raisen,2020,3.499335229152792e7,2.638334096346111e8,568877.2020172813,4.756893319425093e8,7.539529435094637,0.07356345821048839
23,446,Raisen,2021,3.6970892380049765e7,2.883383219476677e8,597950.9753664919,4.9794394881548727e8,7.799063084105074,0.07424709642118635
23,446,Raisen,2022,3.604448815882883e7,2.2706887132846078e8,689692.752692604,4.700775172063266e8,6.299683611205391,0.07667775385864321
23,446,Raisen,2023,3.7114252176662445e7,2.5424569285014144e8,702194.4295451507,4.9128186317053086e8,6.8503520329587,0.07554574055948726
23,447,Betul,2016,3.786860093754881e7,2.6583772927734444e8,639321.1688117695,7.554472604700329e8,7.020003979438059,0.050127391969079726
23,447,Betul,2017,3.8372843898089014e7,2.4690821496318355e8,679991.2031311351,7.684134191614239e8,6.434451812300513,0.04993775868719943
23,447,Betul,2018,4.0674718189391464e7,2.808638369680164e8,694426.5398270845,8.242991781375495e8,6.905120661444917,0.04934460602192198
23,447,Betul,2019,4.202839639030501e7,2.938600988479815e8,714521.736038004,8.348961108542088e8,6.991941736700863,0.05033967201895865
23,447,Betul,2020,4.226827624524891e7,2.8913477473356223e8,744276.4416072505,8.786870268658125e8,6.840467613487359,0.048103903839363096
23,447,Betul,2021,4.426002893168971e7,3.196459345155006e8,763749.2219006156,9.072270175114772e8,7.222000125866106,0.048786056937650424
23,447,Betul,2022,3.979430937598948e7,2.205698553849165e8,836763.2409787412,8.06993319425896e8,5.542748670441829,0.049311820083342936
23,447,Betul,2023,4.227951365743001e7,2.521158654137041e8,864211.6291781836,8.525006503075826e8,5.963073924087071,0.049594699596036136
23,448,Harda,2016,1.3605819406738708e7,1.051772653803406e8,223806.5820874213,1.820460599285003e8,7.730314671694692,0.07473833496908681
23,448,Harda,2017,1.3487743760437442e7,1.00934085580286e8,227664.85080684387,1.8308796758784845e8,7.48339287674994,0.07366810576432781
23,448,Harda,2018,1.4114340567431765e7,1.0247186739309637e8,246197.38198918916,1.9091754999515548e8,7.26012433266247,0.07392898435890213
23,448,Harda,2019,1.4707492402013736e7,1.0930399537086608e8,254828.05983697544,1.9642029888021985e8,7.431858020603178,0.07487766023094483
23,448,Harda,2020,1.4889205669738324e7,1.0999979420770532e8,256098.4881149869,2.045657083968329e8,7.38788869249588,0.07278446513066136
23,448,Harda,2021,1.5499262566368425e7,1.2161669697535859e8,261582.87685452605,2.1074180629415208e8,7.846611827794472,0.07354621676125644
23,448,Harda,2022,1.3802190396698948e7,7.853565215741508e7,291166.0632860256,1.9177451981759343e8,5.690086131270754,0.07197092924454676
23,448,Harda,2023,1.521622060254569e7,9.845341318079732e7,301027.3599924551,2.0985889329288074e8,6.47029349484628,0.07250691340161511
23,449,Hoshangabad,2016,2.8444330226795107e7,2.1223839287775928e8,456526.34630576463,3.629219545648668e8,7.461535961139511,0.07837588734718201
23,449,Hoshangabad,2017,2.84230952934018e7,1.97648903313892e8,489255.6189032693,3.701792415112976e8,6.953813484197643,0.07678198047346302
23,449,Hoshangabad,2018,3.0508308495988827e7,2.2270024448086953e8,513151.02678838983,4.014223263259535e8,7.299658862114552,0.0760005273628358
23,449,Hoshangabad,2019,3.17922534616155e7,2.3896853870493442e8,516036.2583582315,4.0914116856804913e8,7.516564970565991,0.07770485080463799
23,449,Hoshangabad,2020,3.1765450445498083e7,2.352794118755116e8,517423.6534793726,4.1961964632147664e8,7.40677083358836,0.07570057961767146
23,449,Hoshangabad,2021,3.2962523476652484e7,2.6348143552176365e8,525820.7239922845,4.2474547106109834e8,7.993363606047603,0.0776053559660226
23,449,Hoshangabad,2022,3.0777136921961296e7,1.9161413880722624e8,604709.7310932637,4.0979635105762875e8,6.2258597767909425,0.07510349187475604
23,449,Hoshangabad,2023,3.2487307049690172e7,2.18584495664367e8,606142.8490751085,4.32208489972572e8,6.728304544603724,0.07516582344727152
23,450,Katni,2016,2.8249855818436425e7,2.1844613255227625e8,479529.0709032911,4.0646859879590994e8,7.732645927690502,0.06950070903907839
23,450,Katni,2017,3.0246297246346302e7,2.0218772362518921e8,571254.1285175385,4.426931528312539e8,6.684709932539366,0.06832339071184056
23,450,Katni,2018,3.1666920200503446e7,2.3103109949347585e8,562769.4137700506,4.624424284113665e8,7.295660519894918,0.06847754067309343
23,450,Katni,2019,3.336060949507017e7,2.4918668404454696e8,562196.3998655328,4.775810397349417e8,7.4694883521648565,0.06985329550265514
23,450,Katni,2020,3.286528596723013e7,2.423532687493536e8,592338.1351569336,4.958559773338158e8,7.374141487495446,0.06627990277327009
23,450,Katni,2021,3.371009437934112e7,2.478301688353918e8,607430.9338715922,5.1487182413714e8,7.351808809745485,0.06547278914676477
23,450,Katni,2022,3.304876282588519e7,1.9392782968620306e8,677341.3856917685,4.7717463227515304e8,5.867930085852127,0.0692592618939313
23,450,Katni,2023,3.313109774512118e7,2.065880421933468e8,680540.0779526561,4.8905018760642236e8,6.235472298039642,0.06774580316035869
23,451,Jabalpur,2016,4.8803603602415785e7,4.408722512124916e8,712471.9489989493,4.881593594811312e8,9.033600362877063,0.0999747370495765
23,451,Jabalpur,2017,5.141935320643358e7,4.033643877721785e8,854323.0932099943,5.18153060823541e8,7.844602520626603,0.09923583800645469
23,451,Jabalpur,2018,5.311617191690613e7,4.5563122537473136e8,817755.3255679901,5.2526039297097504e8,8.578013228956177,0.10112350488958576
23,451,Jabalpur,2019,5.494093324078671e7,4.626108289834075e8,861808.9036664793,5.487032683798139e8,8.420148725103514,0.1001286786627202
23,451,Jabalpur,2020,5.528442463302177e7,4.609681799380151e8,893746.7914884669,5.639940568174787e8,8.338120239071378,0.09802306241484575
23,451,Jabalpur,2021,5.726737882018189e7,5.0324231856674176e8,895476.8284767672,5.821208689608111e8,8.78759127682288,0.09837712728357309
23,451,Jabalpur,2022,5.5531262769539244e7,3.8829629676769537e8,965455.6536071763,5.601297457307484e8,6.992390905626747,0.09913999960329342
23,451,Jabalpur,2023,5.642271537900021e7,4.1616305225179285e8,1.0032670899504451e6,5.857307577416054e8,7.375806879487463,0.09632875623016375
23,452,Narsimhapur,2016,2.512900764327803e7,1.8297432779964292e8,425169.51319254196,3.963856332378639e8,7.2813988676782575,0.06339535426148647
23,452,Narsimhapur,2017,2.539087039995057e7,1.7555789707371703e8,460918.31636075693,4.091244241829505e8,6.9142134282272885,0.06206148765295027
23,452,Narsimhapur,2018,2.6797012887837302e7,1.9653035076187843e8,471846.7280430625,4.208915373760761e8,7.334039491061339,0.06366726462331687
23,452,Narsimhapur,2019,2.8262329455192138e7,2.208517991997641e8,455931.3525543635,4.3826903425529635e8,7.814352300644876,0.06448625671949489
23,452,Narsimhapur,2020,2.8320527324083306e7,2.184846476793873e8,469975.2859603732,4.475149757410768e8,7.714709729066082,0.06328397675895654
23,452,Narsimhapur,2021,2.8827434075612027e7,2.2997171227889743e8,487825.61669326,4.5463604910245097e8,7.977529726568804,0.0634077172994169
23,452,Narsimhapur,2022,2.7203556595602304e7,1.705118089596654e8,559343.6741119259,4.2158692254591745e8,6.267996920197932,0.06452656650572317
23,452,Narsimhapur,2023,2.8847026641435366e7,1.9046963233450678e8,578899.8322130429,4.45799834409241e8,6.602747475572388,0.06470847320897388
23,453,Dindori,2016,1.5381767523733426e7,1.0925892185406065e8,268685.9748962365,3.5183498970114505e8,7.1031447904461364,0.04371869761105618
23,453,Dindori,2017,1.7807858542912126e7,1.0899769083711968e8,337040.49071634345,3.839348228592716e8,6.120763514291441,0.04638250422374285
23,453,Dindori,2018,1.7976113275138784e7,1.1973604590406533e8,317182.9627651079,3.901996951418697e8,6.660841755467905,0.04606900902011978
23,453,Dindori,2019,1.8408098888775695e7,1.2777835883844815e8,320796.17071464757,3.9825821854447e8,6.941420708922895,0.04622151667340978
23,453,Dindori,2020,1.840226919257129e7,1.2067229903986698e8,348120.9188134623,4.0905986253100485e8,6.55746841745911,0.04498673880812856
23,453,Dindori,2021,1.902466465960979e7,1.3479089424451488e8,335900.8809365444,4.222440065764323e8,7.085060191924536,0.045056091651513
23,453,Dindori,2022,1.793718395800966e7,1.0497040536396728e8,363724.38440702105,4.0259704704891235e8,5.85211177014739,0.0445536898233395
23,453,Dindori,2023,1.8221897356524196e7,9.91627157844252e7,390457.8736046849,4.1188519428013563e8,5.441953373144253,0.044240233952500194
23,454,Mandla,2016,2.6654472601229195e7,1.8479603841087723e8,421671.1213973924,4.892378172585326e8,6.933021754943866,0.054481627668500364
23,454,Mandla,2017,2.9534880792427156e7,1.7931073621391442e8,513683.58987484814,5.262560983940754e8,6.071151513158987,0.0561226385452936
23,454,Mandla,2018,2.953265514196648e7,1.9282879040973902e8,490202.9581652599,5.349922404182329e8,6.529341485985306,0.055202025208588405
23,454,Mandla,2019,3.0553267330170542e7,2.084104569213793e8,487682.60154734424,5.465199213058364e8,6.821216685901854,0.055905130149999996
23,454,Mandla,2020,3.046125607509908e7,2.0119151809436008e8,514919.2195969936,5.574168551443208e8,6.604833287187605,0.05464717436147917
23,454,Mandla,2021,3.1359750030886177e7,2.225401190196772e8,506001.90220919775,5.766563764144572e8,7.096361380447794,0.054382039830852665
23,454,Mandla,2022,3.01279486250291e7,1.7090028990944093e8,563749.296344946,5.455157347854012e8,5.672483448390635,0.05522837693560029
23,454,Mandla,2023,3.066613387667257e7,1.738628464523745e8,600961.9686655112,5.632064568171108e8,5.66953914541638,0.05444918733705274
23,455,Chhindwara,2016,5.1641481138904475e7,3.5460795072278553e8,808795.272141998,9.983767296914867e8,6.866726958682041,0.05172544551880978
23,455,Chhindwara,2017,5.377531978032707e7,3.636188279831472e8,859839.5060459919,1.0582481368947533e9,6.761816191303653,0.050815416446771615
23,455,Chhindwara,2018,5.509238644083969e7,3.9326202554567415e8,854723.9224997123,1.08275779636628e9,7.138228182726735,0.050881542137797546
23,455,Chhindwara,2019,5.758196838614903e7,4.231997204625529e8,882013.1247970514,1.1103795243879287e9,7.349518127350973,0.05185791625425529
23,455,Chhindwara,2020,5.821889051787768e7,4.254785405427232e8,901477.0037938606,1.1541214601648476e9,7.308255735517125,0.05044433582368536
23,455,Chhindwara,2021,5.9979925563537136e7,4.496880035741227e8,940340.1940616636,1.178990344773514e9,7.497308463608632,0.05087397520211192
23,455,Chhindwara,2022,5.5137052616834104e7,3.124874001565043e8,1.075428783068563e6,1.0790554134648821e9,5.667466527964129,0.051097517262609554
23,455,Chhindwara,2023,5.960279890844161e7,3.5864559723973536e8,1.1237077741565153e6,1.1553412751087582e9,6.017260997938471,0.05158891159915575
23,456,Seoni,2016,3.724938110174848e7,2.6147094410718566e8,483693.57654067467,5.140273467752488e8,7.0194708307492455,0.07246575758163942
23,456,Seoni,2017,3.96133824180242e7,2.4112544054301044e8,597981.7302093,5.606611860512753e8,6.086969246869909,0.07065476156289756
23,456,Seoni,2018,3.970299043620131e7,2.703193824552943e8,550334.3740339583,5.74194540751999e8,6.80853959576849,0.06914553799867887
23,456,Seoni,2019,4.193733427310804e7,2.9012854309562564e8,577613.3648029864,6.005789188663565e8,6.918144610866888,0.0698281823682195
23,456,Seoni,2020,4.153411122661214e7,2.870969476818428e8,601802.664716114,6.105302317249618e8,6.912317110035841,0.06802957342384787
23,456,Seoni,2021,4.270088789003995e7,2.99107695482575e8,623184.978950921,6.404961062083831e8,7.004718408966441,0.06666845820940459
23,456,Seoni,2022,4.010108029622676e7,2.3071248003441083e8,712990.4531123585,5.761934418267808e8,5.753273436279953,0.06959655800504967
23,456,Seoni,2023,4.1913695408955336e7,2.4478824863151562e8,745325.7083116143,6.188624125391392e8,5.840292683408054,0.06772700128448107
23,457,Balaghat,2016,4.8560390946148396e7,3.3354793049695456e8,596289.8777576424,5.622217549395909e8,6.8687241597137545,0.08637230864779692
23,457,Balaghat,2017,5.133070169315423e7,3.1450305972791797e8,741765.4802478292,5.938790634968289e8,6.126997086616137,0.08643292018228947
23,457,Balaghat,2018,5.09429903070452e7,3.331274318244688e8,716808.6927385705,6.03568145014633e8,6.539220210997286,0.08440304666146707
23,457,Balaghat,2019,5.283130352998552e7,3.661701896660824e8,701362.2138185588,6.195400903903301e8,6.930932329887616,0.08527503602987194
23,457,Balaghat,2020,5.261759722704731e7,3.6191386482780147e8,744076.9055028011,6.279655988970896e8,6.878190641547671,0.08379057279484864
23,457,Balaghat,2021,5.331439201075614e7,3.839121827536446e8,753259.610410171,6.577125614819585e8,7.200910828659372,0.08106032199024465
23,457,Balaghat,2022,5.013430463347005e7,2.9906556743644905e8,864917.3838753295,6.322098597681143e8,5.965288032274622,0.07930009926111974
23,457,Balaghat,2023,5.156978154556504e7,2.987381430384685e8,908999.3115094028,6.54073601348066e8,5.792891381060343,0.07884400385411997
23,458,Guna,2016,2.3316538962645784e7,1.7803545347695845e8,452617.53116708464,4.351869472413565e8,7.63558664354859,0.05357821301959761
23,458,Guna,2017,2.3975204131419845e7,1.82401629384637e8,468837.70848833525,4.6865248198349434e8,7.607928107089486,0.051157744924232015
23,458,Guna,2018,2.529757361124815e7,2.0102526950984532e8,476461.0153208434,4.747859790980316e8,7.94642492592502,0.05328205702136968
23,458,Guna,2019,2.628515322792659e7,2.1158437265358388e8,493614.34746081906,4.921149536262447e8,8.049577296311389,0.05341262856216688
23,458,Guna,2020,2.6738112897910435e7,2.112911112206243e8,510789.8619173645,5.26746053476869e8,7.902244710663053,0.050760917374551504
23,458,Guna,2021,2.7732937204814892e7,2.2251453012410232e8,529191.9173533806,5.216810486437002e8,8.023475064353088,0.05316071434244499
23,458,Guna,2022,2.698197354207713e7,1.7422892530155486e8,592100.3128054516,4.8766934055191493e8,6.457234309782899,0.055328418865825256
23,458,Guna,2023,2.8881014790215563e7,1.880980272741105e8,638483.2845722483,5.261664208690907e8,6.512860737076149,0.0548895057622864
23,459,Ashoknagar,2016,1.4693570834397428e7,1.0963903817165291e8,303202.61108556396,2.884005174779412e8,7.461701407188889,0.0509484898393821
23,459,Ashoknagar,2017,1.5171529133448226e7,1.0550602021704775e8,334950.3321356698,2.9845991795821846e8,6.954211357933705,0.050832718970230686
23,459,Ashoknagar,2018,1.6967192310317524e7,1.243066733445659e8,354730.47030188463,3.203531841096853e8,7.326296011213161,0.05296401956319607
23,459,Ashoknagar,2019,1.7697301064530972e7,1.309562376345188e8,362603.45086011774,3.3060988100715e8,7.399785829319591,0.05352925632657736
23,459,Ashoknagar,2020,1.7245836395512976e7,1.2171872942678681e8,372508.6045724392,3.297683162574295e8,7.05786177227424,0.0522968264241924
23,459,Ashoknagar,2021,1.8472079087868337e7,1.383181604399887e8,378040.93426263187,3.4240376486662835e8,7.487958436190872,0.053948235922766506
23,459,Ashoknagar,2022,1.738850702400204e7,9.963248984296377e7,429852.4835877786,3.3106516662982917e8,5.729789780424341,0.05252291324095867
23,459,Ashoknagar,2023,1.8088515224636458e7,1.0806481897569077e8,453172.1307861362,3.485221949979397e8,5.974222739327277,0.051900612024847914
23,460,Shahdol,2016,2.92640252540565e7,2.0417309924018824e8,466458.73180913966,5.3553548720173883e8,6.976931487300652,0.054644418443613986
23,460,Shahdol,2017,3.119015605643964e7,1.9693506472522447e8,538702.0960292227,5.665863228877221e8,6.314013446064965,0.05504925692076837
23,460,Shahdol,2018,3.2865039280946214e7,2.2759990124201006e8,527736.9426902235,5.885264380510074e8,6.925289189414206,0.05584292761729391
23,460,Shahdol,2019,3.361319914894249e7,2.3543556789370582e8,523878.30998084845,5.95551813482399e8,7.0042594532723275,0.056440427831785794
23,460,Shahdol,2020,3.2933552785156984e7,2.2802076714193758e8,541284.6327613844,6.001063147410502e8,6.923661368375221,0.05487953047014349
23,460,Shahdol,2021,3.369225781057335e7,2.444734760420981e8,556218.7794015344,6.207462636098844e8,7.256072816983406,0.054277020717997684
23,460,Shahdol,2022,3.205021754417087e7,1.8588069159762317e8,645288.504952504,5.977695653860028e8,5.799670200099163,0.05361634214929429
23,460,Shahdol,2023,3.290279240944987e7,1.7997045891170198e8,683351.6246264917,6.143141916943513e8,5.469762464902931,0.05356020234320173
23,461,Anuppur,2016,2.0735364963704772e7,1.5871159884554347e8,343863.67894637183,3.842110953001417e8,7.654150246371482,0.05396867820151451
23,461,Anuppur,2017,2.311016806342468e7,1.624429824148219e8,373177.77603636496,4.131352190588274e8,7.0290697137729765,0.05593850874314824
23,461,Anuppur,2018,2.3175319668425243e7,1.7003966687523177e8,372109.27081524144,4.244647046299287e8,7.337101248570865,0.05459893229198112
23,461,Anuppur,2019,2.3983808250126738e7,1.772972587523211e8,375842.34145001223,4.2988198647086e8,7.392373092016536,0.055791610267327416
23,461,Anuppur,2020,2.361280188676062e7,1.7442797193819368e8,389764.9634666746,4.376242580534964e8,7.387008656350651,0.05395679387561309
23,461,Anuppur,2021,2.3967463069334205e7,1.8028641763824102e8,395176.0342739483,4.5040242805488676e8,7.522131863380784,0.05321344108387775
23,461,Anuppur,2022,2.2418044414284114e7,1.3333200652682973e8,457812.6360120749,4.2869357157988274e8,5.9475306615894885,0.05229386652957248
23,461,Anuppur,2023,2.3404966757895622e7,1.3688389381705743e8,476346.26712528727,4.443560680878409e8,5.848497681411144,0.052671648794202795
23,462,Sidhi,2016,2.7969193496894296e7,1.95789052150901e8,413289.77185994235,6.568213912556448e8,7.000167958816597,0.04258264707765625
23,462,Sidhi,2017,2.9779126470962863e7,1.875463813882001e8,464519.109332873,6.824870264759381e8,6.29791413025743,0.04363324915453578
23,462,Sidhi,2018,3.189845350769514e7,2.2495256239508334e8,450763.0423836965,6.95894535730101e8,7.05214634749663,0.04583805716225193
23,462,Sidhi,2019,3.2736503385094505e7,2.3246674152680945e8,457695.70225901506,7.091932048904564e8,7.101147571938168,0.046160204524451215
23,462,Sidhi,2020,3.2857428121973086e7,2.284238716913797e8,466911.26194459264,7.168056249918468e8,6.951970520742719,0.04583868621615074
23,462,Sidhi,2021,3.3157299798221663e7,2.370311970553015e8,495381.7813130431,7.3258261428444e8,7.148688177196331,0.045260833592957295
23,462,Sidhi,2022,3.0651531293039676e7,1.64497199447728e8,585762.0775002355,7.017147171495938e8,5.366687813247421,0.04368090128927035
23,462,Sidhi,2023,3.338275075623355e7,1.846579148449929e8,622374.8951984071,7.36252253757602e8,5.531536816525277,0.04534145815630227
23,463,Singrauli,2016,3.433131428145549e7,2.684699042314086e8,460444.2500047851,8.837814972800512e8,7.81997164543235,0.03884593011634033
23,463,Singrauli,2017,3.622307911516429e7,2.585330381046031e8,511436.39339623356,9.154345777514015e8,7.13724631974679,0.039569271246165605
23,463,Singrauli,2018,3.838076360408245e7,2.829066785881308e8,521679.8489148849,9.507782940327474e8,7.371053934894584,0.040367732251532146
23,463,Singrauli,2019,3.944289502518915e7,2.926359744086972e8,527352.1723529007,9.676513786092222e8,7.419231631496955,0.04076147246529974
23,463,Singrauli,2020,4.110315515271997e7,3.019772818273607e8,541524.0964822031,9.907928169375423e8,7.346815121743218,0.041485116212051656
23,463,Singrauli,2021,4.164709017624669e7,3.070037625872774e8,580747.4502285057,1.0046050831141123e9,7.371553721714182,0.0414561810170694
23,463,Singrauli,2022,3.923199130899513e7,2.3121442792493412e8,680057.0281086053,9.698046569167091e8,5.893517514924642,0.040453498577460986
23,463,Singrauli,2023,4.203061545387442e7,2.704801746776966e8,706698.8099259917,1.0153144268693359e9,6.435313205787557,0.041396649492584696
23,464,Jhabua,2016,2.0267691191793505e7,1.4355761403485453e8,324301.7229775144,5.57958858284754e8,7.083076837729882,0.0363247054703985
23,464,Jhabua,2017,2.166058838369326e7,1.314447640304178e8,378101.36177665275,5.891774129291896e8,6.068383817743999,0.03676411876688243
23,464,Jhabua,2018,2.2911045087382004e7,1.5709317900527322e8,363799.73625274614,6.211564657052963e8,6.85665705803139,0.03688449907925776
23,464,Jhabua,2019,2.3849895348647863e7,1.6362325984694806e8,389113.24415938917,6.451106983232576e8,6.860544143067884,0.036970236907615125
23,464,Jhabua,2020,2.518552203642965e7,1.7624579044039863e8,403463.69064607454,6.793143143811008e8,6.997901023670168,0.0370749173147857
23,464,Jhabua,2021,2.6176650781689715e7,1.849279901203194e8,431528.6241153108,6.946609833104128e8,7.06461615974472,0.03768262708083109
23,464,Jhabua,2022,2.28596906639737e7,1.2434541603357086e8,458781.1705447114,6.503429091190141e8,5.439505628548864,0.03515021128613602
23,464,Jhabua,2023,2.364653983886878e7,1.2987698768321058e8,488961.3914567624,6.904052141415058e8,5.492430967414797,0.03425023356504108
23,465,Alirajpur,2016,1.6253955151249079e7,1.127661877527671e8,232537.59872591664,4.983146807100606e8,6.937769097025058,0.032617853297214575
23,465,Alirajpur,2017,1.7616617379997607e7,1.1071317975570811e8,270100.2117946356,5.291253640505591e8,6.284587861993013,0.03329384409989142
23,465,Alirajpur,2018,1.814569254682917e7,1.2700902354307918e8,253446.69279246856,5.508308120563265e8,6.999403479106841,0.03294240654238064
23,465,Alirajpur,2019,1.9412690937135685e7,1.3628527551801467e8,269334.07070829027,5.741786252337086e8,7.020421638573893,0.03380949774860413
23,465,Alirajpur,2020,2.0031773061645836e7,1.4056654657344145e8,286486.5534508735,5.888662751165059e8,7.017179464886186,0.03401752470487904
23,465,Alirajpur,2021,2.0863244497097068e7,1.4907687693571556e8,309312.6374831839,6.082446635617036e8,7.145431141185076,0.03430074400476937
23,465,Alirajpur,2022,1.7347300156459667e7,9.237469864710754e7,323650.5316504083,5.842880507958103e8,5.325018753002305,0.029689637042606548
23,465,Alirajpur,2023,1.9447882517491892e7,1.035549951716053e8,362585.31800879305,6.36998976040533e8,5.32474397037649,0.030530476890836322
23,466,Khandwa (East Nimar),2016,2.46376937951783e7,1.8943636279242942e8,461498.7321906511,3.8231317363276273e8,7.688883722936069,0.06444374793855377
23,466,Khandwa (East Nimar),2017,2.5117567579135563e7,1.8301794094524473e8,477886.49440091697,4.115418551282936e8,7.286451618717747,0.061032838497813165
23,466,Khandwa (East Nimar),2018,2.6268484074284922e7,2.019020664297842e8,484335.4222174396,4.1456254456661683e8,7.686095088655411,0.06336434494280221
23,466,Khandwa (East Nimar),2019,2.7505864263418432e7,2.1679062509758192e8,497920.02162600594,4.2754575414019996e8,7.881614735731236,0.06433431743167016
23,466,Khandwa (East Nimar),2020,2.8167024131641388e7,2.177454648215507e8,511822.9509347137,4.424127990491614e8,7.730510110116554,0.06366683828356294
23,466,Khandwa (East Nimar),2021,2.8878853569721173e7,2.274369471151849e8,532006.8430470768,4.391260938461474e8,7.875553181711043,0.06576437605149284
23,466,Khandwa (East Nimar),2022,2.585413103143305e7,1.5251324557596147e8,582185.933245551,4.055539900500076e8,5.8989894261206555,0.06375015821751638
23,466,Khandwa (East Nimar),2023,2.9513548037079617e7,1.8762745112414268e8,634940.8919903571,4.601810479948184e8,6.357332940397922,0.06413464475706078
23,467,Burhanpur,2016,1.1490537052259052e7,9.62606595258491e7,215265.61180781393,1.7637412355047485e8,8.377385590251777,0.06514865571519443
23,467,Burhanpur,2017,1.1667616512456464e7,9.31369632094587e7,227609.43931193548,1.905140882545994e8,7.982518375541804,0.06124280161824087
23,467,Burhanpur,2018,1.2038569407499403e7,9.89579257489366e7,232103.02517723094,1.8940564334538144e8,8.220073531934032,0.06355971868033021
23,467,Burhanpur,2019,1.2764307053891942e7,1.0749248708943954e8,236339.7512770153,1.980293973115311e8,8.421333538561672,0.0644566272845425
23,467,Burhanpur,2020,1.300012967604764e7,1.079860724069829e8,246633.5253079518,2.0822754936742115e8,8.306538095996387,0.06243232327106095
23,467,Burhanpur,2021,1.3380583928352669e7,1.132516225250713e8,254943.35548091907,2.0841958455409774e8,8.463877445968391,0.06420022358733558
23,467,Burhanpur,2022,1.1954459432862978e7,7.709528446472992e7,275983.5185630381,1.8966893546365657e8,6.449081608223446,0.06302803041330736
23,467,Burhanpur,2023,1.3266677553158225e7,9.116011406925231e7,295894.9137504298,2.1084809974429765e8,6.871359743536618,0.0629205459724188
24,468,Kachchh,2016,8.209369107630578e7,6.39697132029138e8,1.1575172298434942e6,1.2083747218064494e9,7.792281278162312,0.06793727938431261
24,468,Kachchh,2017,8.501447653873096e7,6.077168675903414e8,1.2756520436606542e6,1.274196995028772e9,7.148392748304194,0.06672004161869122
24,468,Kachchh,2018,8.488264910373238e7,6.087421137213535e8,1.3062809002046192e6,1.3345841780539448e9,7.171572991052968,0.06360231935875788
24,468,Kachchh,2019,8.946872931199552e7,6.812388851584101e8,1.2843778247781e6,1.3767821735968552e9,7.614268028584519,0.0649839393825515
24,468,Kachchh,2020,9.153706163613322e7,6.947226458248949e8,1.3256123085606184e6,1.406350214369543e9,7.5895231221914266,0.06508838317855886
24,468,Kachchh,2021,9.500897291689806e7,7.201033088281112e8,1.3474292051018854e6,1.45313438426358e9,7.579318949779273,0.06538209675978918
24,468,Kachchh,2022,9.160833937837233e7,5.973234430589429e8,1.4631138361665045e6,1.3915619102872853e9,6.520404660887937,0.06583130703790244
24,468,Kachchh,2023,9.510014179589312e7,6.33339140123487e8,1.58688564377634e6,1.4775452614638133e9,6.659707632011519,0.06436360650074219
24,469,Banas Kantha,2016,8.175316320851368e7,5.374707365724376e8,1.4964228317411619e6,2.2294706042749314e9,6.57431120067616,0.036669316496819856
24,469,Banas Kantha,2017,8.520169463014857e7,5.331546142320668e8,1.5628011367418184e6,2.2967145201349225e9,6.257558802632199,0.03709720728597272
24,469,Banas Kantha,2018,8.640056719060351e7,5.666266179767524e8,1.6176248831017078e6,2.3923954020920086e9,6.55813539657383,0.03611466863506397
24,469,Banas Kantha,2019,9.346165821618587e7,6.322321933728664e8,1.6122696944363469e6,2.4669798552728677e9,6.764615623558188,0.037885051236402685
24,469,Banas Kantha,2020,9.875802455270489e7,6.78852375560674e8,1.6673028980894524e6,2.5567003273623424e9,6.873895854390911,0.03862714120062325
24,469,Banas Kantha,2021,1.0171722148484033e8,6.72100140312303e8,1.7776622943218932e6,2.6280132063363094e9,6.607535385858637,0.03870498871146977
24,469,Banas Kantha,2022,9.993263326941589e7,5.1692063840159285e8,1.9715018255981584e6,2.581814436645664e9,5.172691056864155,0.03870635776568435
24,469,Banas Kantha,2023,1.0706074995593922e8,5.748769774325179e8,2.1430562368360814e6,2.719219985812924e9,5.369633387297474,0.039371860502096484
24,470,Patan,2016,3.2763519851724006e7,2.384777965732991e8,543978.2265401429,4.606514415916475e8,7.278759963903893,0.07112431850537396
24,470,Patan,2017,3.414074452190606e7,2.3510315487302363e8,575353.4284378872,4.8626602765693927e8,6.88629255645471,0.07021001381982696
24,470,Patan,2018,3.46115175139331e7,2.5038309648184627e8,591519.6140906177,4.9782154901549864e8,7.234097620280673,0.06952595278846706
24,470,Patan,2019,3.663628875288494e7,2.71849117325926e8,586537.7119343425,5.147100625200828e8,7.420214398886654,0.0711784972174611
24,470,Patan,2020,3.721452293954338e7,2.775199358036359e8,598202.0338395602,5.3362496040187645e8,7.457301985423249,0.0697390971207885
24,470,Patan,2021,3.833852992216806e7,2.7077979487485003e8,638746.3337227765,5.551114940202014e8,7.062863271611258,0.06906455790442137
24,470,Patan,2022,3.6684110628210284e7,2.07647215996549e8,693798.6323493272,5.482978572553883e8,5.66041298100511,0.0669054422569509
24,470,Patan,2023,3.838706344963441e7,2.2709966750093874e8,733862.880988382,5.821672639900123e8,5.916046894259154,0.06593820337224077
24,471,Mahesana,2016,5.644516722042169e7,4.4264348865228224e8,777910.7865985818,7.095263253643613e8,7.842008633329643,0.07955330930312633
24,471,Mahesana,2017,5.9168752610225715e7,4.221723521475661e8,866745.61138845,7.372856556728479e8,7.1350558111073825,0.08025214129010584
24,471,Mahesana,2018,6.050952386143476e7,4.5943057269253504e8,871052.7177889865,7.644632692208716e8,7.592698527005751,0.07915295122433426
24,471,Mahesana,2019,6.344739436230434e7,4.9888505179275495e8,885409.3761572363,7.864086210553235e8,7.862971471199688,0.08067993237047798
24,471,Mahesana,2020,6.483511843970947e7,5.3057679906656057e8,862578.4161708979,7.911734428624963e8,8.183478519591922,0.08194804694800358
24,471,Mahesana,2021,6.612974624803358e7,4.945941651313082e8,953351.4177966473,8.184050215084177e8,7.479148086796346,0.08080320197223204
24,471,Mahesana,2022,6.555850928090181e7,4.37857236577565e8,982980.9429583793,8.107425391606888e8,6.678877256062311,0.08086230352334843
24,471,Mahesana,2023,6.867331548577033e7,4.877329092235746e8,1.0720612009572517e6,8.610487013286687e8,7.102218755182088,0.07975543703834845
24,472,Sabar Kantha,2016,7.238293674832095e7,5.264404137392667e8,1.0148673295772027e6,1.3542404503987014e9,7.272990533248548,0.05344910257776654
24,472,Sabar Kantha,2017,7.549467932941638e7,4.8620131016001487e8,1.1460069750355165e6,1.3957331181926353e9,6.4402063096195885,0.0540896238295012
24,472,Sabar Kantha,2018,7.789462579223466e7,5.548676471444038e8,1.111268908267361e6,1.427848505774648e9,7.123311030781263,0.05455384480720848
24,472,Sabar Kantha,2019,8.20460880262019e7,6.0133055237901e8,1.1181587412255232e6,1.4618413426443396e9,7.329180060199476,0.05612516600316414
24,472,Sabar Kantha,2020,8.303209973922262e7,6.228118577679094e8,1.1231774284851959e6,1.4698111322561047e9,7.500856412447272,0.05649167972470821
24,472,Sabar Kantha,2021,8.538828198458128e7,5.972537169689435e8,1.2233115438346744e6,1.5154973218779528e9,6.994562990233141,0.05634340671666184
24,472,Sabar Kantha,2022,8.260282554460031e7,5.058299305936522e8,1.2945762314550665e6,1.4614866430010726e9,6.123639563885572,0.05651972663600983
24,472,Sabar Kantha,2023,8.593850911288752e7,5.538090659668738e8,1.3855681313809764e6,1.5428083840375342e9,6.444248005738599,0.0557026459034311
24,473,Gandhinagar,2016,3.981771590299962e7,3.451669141440127e8,506708.3723313786,4.7914997594580656e8,8.66867690213265,0.08310073651658313
24,473,Gandhinagar,2017,4.152541425580831e7,3.342245365681371e8,557111.9317468981,4.9631539954900813e8,8.048674349380823,0.08366739031982812
24,473,Gandhinagar,2018,4.234257959736668e7,3.572768301169196e8,570908.4315656397,5.127606401983264e8,8.43776721952809,0.08257767129120783
24,473,Gandhinagar,2019,4.448796723721515e7,3.839095713166968e8,591279.9491034518,5.2860301851945466e8,8.629514791486093,0.08416139461673887
24,473,Gandhinagar,2020,4.554256622786039e7,4.107847943619243e8,573201.2899137118,5.346816210206994e8,9.019799022889254,0.08517698091234238
24,473,Gandhinagar,2021,4.674697348140409e7,3.982335424634415e8,633056.8670740399,5.553728526159122e8,8.518916045374755,0.08417223359265207
24,473,Gandhinagar,2022,4.641080729559874e7,3.6742823305775404e8,647236.520201042,5.538759670995021e8,7.916867955291918,0.08379278042815168
24,473,Gandhinagar,2023,4.927496397656133e7,4.071107653722907e8,722925.7632876489,5.927374838220855e8,8.262020558065581,0.08313117580961284
24,474,Ahmadabad,2016,1.2505894665817173e8,1.236750425574398e9,1.593310943661031e6,8.60077304769355e8,9.889339856306755,0.14540430954832426
24,474,Ahmadabad,2017,1.3001308489901128e8,1.2207293209936383e9,1.7215767908065347e6,8.867642053533242e8,9.38928048620529,0.14661517020435957
24,474,Ahmadabad,2018,1.335435373510763e8,1.2654929435129216e9,1.788780808467697e6,9.23675437351023e8,9.476257470895295,0.14457842219347222
24,474,Ahmadabad,2019,1.3960111604740164e8,1.3685478104340796e9,1.8470401722180643e6,9.601354077239201e8,9.803272704276866,0.145397320965735
24,474,Ahmadabad,2020,1.4249587610390976e8,1.4209290932166264e9,1.8532925033444196e6,9.847390113723117e8,9.971720810926959,0.1447042053359199
24,474,Ahmadabad,2021,1.4648737134015122e8,1.447702440492579e9,1.986627636952726e6,1.0133812040769839e9,9.882779841348503,0.1445530771153152
24,474,Ahmadabad,2022,1.4473442258942714e8,1.368938755750318e9,1.912448624581752e6,1.0070978854357383e9,9.458280423266213,0.14371435456525192
24,474,Ahmadabad,2023,1.5133524366936702e8,1.4552149053141356e9,2.149235390717742e6,1.074332773104431e9,9.61583613988456,0.14086440203444897
24,475,Surendranagar,2016,5.0890945225830294e7,3.6942626914310676e8,835210.4958263267,8.132243367378829e8,7.259174839527251,0.06257922067356106
24,475,Surendranagar,2017,5.193237049792378e7,3.467170879111239e8,883685.5370544948,8.492736909877334e8,6.676319308878561,0.061149157272874795
24,475,Surendranagar,2018,5.2527332452511236e7,3.766088250944128e8,873044.6419350094,8.91793362004511e8,7.1697687186931915,0.05890078878188099
24,475,Surendranagar,2019,5.507686831180488e7,4.063114188327195e8,873940.4595162446,9.184026224768189e8,7.377169967843521,0.059970286412368186
24,475,Surendranagar,2020,5.638645600682578e7,4.148198281258182e8,910557.9572370946,9.579311124354702e8,7.356728148965467,0.05886274626102008
24,475,Surendranagar,2021,5.81364679094529e7,4.2208133674415517e8,926631.8975136934,9.612667398912683e8,7.260181980810111,0.060479017422395046
24,475,Surendranagar,2022,5.42211230717851e7,3.058794744439551e8,1.0188462192729841e6,8.974232152671026e8,5.641334172274362,0.0604186766615427
24,475,Surendranagar,2023,5.804279884995029e7,3.454706035469463e8,1.0828178261891813e6,9.759930021632048e8,5.951997670547242,0.05947050718735012
24,476,Rajkot,2016,1.2340613408419052e8,1.0569876458792968e9,1.6987749549574305e6,1.6622001069601102e9,8.565114317236414,0.07424264597713207
24,476,Rajkot,2017,1.2938580494545686e8,1.0037992303914682e9,1.8492662275993398e6,1.7528563602939258e9,7.758186694549869,0.0738142656046049
24,476,Rajkot,2018,1.3521947760940787e8,1.0926391481208055e9,1.9187668009824352e6,1.8222051547320924e9,8.080486387301242,0.07420650592402059
24,476,Rajkot,2019,1.428104343130707e8,1.2307686396886046e9,1.8506319452186725e6,1.8740171434126766e9,8.618198282280265,0.07620551114756931
24,476,Rajkot,2020,1.465928028030231e8,1.25692741337564e9,1.9560332231979258e6,1.9613672946653268e9,8.574277790872001,0.07474010767985025
24,476,Rajkot,2021,1.5425444041255665e8,1.3914919607954857e9,1.914059762005409e6,1.9913119897251189e9,9.020757892439997,0.07746372301702957
24,476,Rajkot,2022,1.5217660860405982e8,1.1754426509939024e9,2.006071416783088e6,1.8550187423858762e9,7.724200596769927,0.08203507874445208
24,476,Rajkot,2023,1.6154054737084162e8,1.33168266183001e9,2.1933270765231936e6,2.0271019731088693e9,8.243643366967946,0.07969039027824269
24,477,Jamnagar,2016,6.424109893940682e7,5.2543428633639437e8,1.1090654732758768e6,1.252413025058923e9,8.179098661310137,0.051293860455007986
24,477,Jamnagar,2017,6.62050970857041e7,4.8528017334200484e8,1.2234772091776868e6,1.347488157860823e9,7.329951842133815,0.04913222925150351
24,477,Jamnagar,2018,6.713038460359551e7,4.890401668704873e8,1.2488164962841368e6,1.4078324654285889e9,7.284930210936022,0.04768350372084856
24,477,Jamnagar,2019,7.026445357615e7,5.48853975230464e8,1.2249543394052126e6,1.4275048832556417e9,7.811260848070732,0.04922186564847417
24,477,Jamnagar,2020,7.15963887296285e7,5.566264734089822e8,1.273064446354689e6,1.492216592728807e9,7.774504877766764,0.04797989050550674
24,477,Jamnagar,2021,7.267872050866705e7,5.73839717687292e8,1.2549444310791674e6,1.503569651361049e9,7.8955671436023795,0.04833744844668647
24,477,Jamnagar,2022,6.88968885163242e7,4.4415138045194453e8,1.3089440244493745e6,1.3857816595501873e9,6.44661014476305,0.04971698682943137
24,477,Jamnagar,2023,7.128693605059968e7,4.75589718172811e8,1.421223208183141e6,1.4887549192144344e9,6.671484910436268,0.047883593955286734
24,478,Porbandar,2016,1.7072774267215136e7,1.3266210753619607e8,285811.75430081866,3.0629301914267015e8,7.77038959572887,0.05574000450615135
24,478,Porbandar,2017,1.7464612177066732e7,1.17031622494114e8,321954.06640255224,3.248221088776387e8,6.701071933781128,0.053766697831660513
24,478,Porbandar,2018,1.811417684646681e7,1.2641388189619261e8,323489.16434021486,3.407014047010456e8,6.9787262743241785,0.0531673089588856
24,478,Porbandar,2019,1.8850521787314374e7,1.4195161603131533e8,315226.3148841397,3.4620871530173486e8,7.530381261214898,0.05444843227266934
24,478,Porbandar,2020,1.8801604692608036e7,1.4019547277711415e8,327953.11560056434,3.509201408756625e8,7.456569535909498,0.05357801534472138
24,478,Porbandar,2021,1.91085760562526e7,1.4378869046339536e8,324495.9529326315,3.5345759142893314e8,7.524824981207621,0.05406186348693717
24,478,Porbandar,2022,1.7971632446319662e7,1.0534066110125482e8,350753.82842515566,3.346973351100681e8,5.861496523251404,0.053695176390960914
24,478,Porbandar,2023,1.828942151302296e7,1.1145457652402584e8,374721.86826686386,3.5421461126283705e8,6.093936675070053,0.0516337297544502
24,479,Junagadh,2016,7.896630136883035e7,6.108763789726732e8,1.3007810747083202e6,1.3253961173826025e9,7.73591226109773,0.05957939693136669
24,479,Junagadh,2017,8.117158230381317e7,5.428248247409983e8,1.3983449437888132e6,1.4041520075335588e9,6.687375179028611,0.05780825855627543
24,479,Junagadh,2018,8.272704356394793e7,5.834209647212834e8,1.4319871781554895e6,1.447986875262925e9,7.0523608675837615,0.05713245401407826
24,479,Junagadh,2019,8.657396757911037e7,6.673250000934204e8,1.375604666992706e6,1.4803870580624726e9,7.708148520323109,0.058480629851235116
24,479,Junagadh,2020,8.772868935760154e7,6.678262385642142e8,1.437336810741634e6,1.5415548733910885e9,7.61240414571802,0.056909222546595
24,479,Junagadh,2021,9.007165973392418e7,7.035831173728468e8,1.446526092202632e6,1.5550127329635677e9,7.811370629244134,0.05792342263478717
24,479,Junagadh,2022,8.720364627213271e7,5.276727304728629e8,1.5443745117052556e6,1.4720500496974452e9,6.051039756137915,0.059239593307344365
24,479,Junagadh,2023,8.625237321576767e7,5.401191443112457e8,1.6122262535988616e6,1.5137102230850985e9,6.262078644028629,0.05698076943681888
24,480,Amreli,2016,5.379099002095339e7,4.109959993158347e8,866612.6192918104,7.658252898892348e8,7.640610428544595,0.07023924481357027
24,480,Amreli,2017,5.4216990283120275e7,3.876416966590761e8,900340.1468622243,8.087752359255859e8,7.149819542450018,0.06703591786050765
24,480,Amreli,2018,5.4222244587110445e7,4.004232363967095e8,897262.4335885156,8.09819401763737e8,7.384851723602327,0.06695597125608219
24,480,Amreli,2019,5.6100827384978935e7,4.363251585216635e8,871527.3625134617,8.241202414889132e8,7.777517353308948,0.06807359479925315
24,480,Amreli,2020,5.636898486081025e7,4.3436783334556353e8,889226.9164218337,8.654800651829963e8,7.705794851869893,0.06513030990366213
24,480,Amreli,2021,5.630713849419577e7,4.270703758521267e8,919251.6881219883,8.753025954964272e8,7.584657776494002,0.06432876902674008
24,480,Amreli,2022,5.435379124107423e7,3.159454207206934e8,1.0395610329242502e6,8.089017293966527e8,5.8127577397386565,0.06719455437635902
24,480,Amreli,2023,5.6843701079718016e7,3.41232524558247e8,1.080224284512377e6,8.808564169403684e8,6.002996252473077,0.06453231194836852
24,481,Bhavnagar,2016,7.829356888558641e7,6.008253427747408e8,1.1991861441867836e6,1.1010458915152843e9,7.674006324232727,0.07110836114000392
24,481,Bhavnagar,2017,7.89888559019176e7,5.473484577136235e8,1.330193657074485e6,1.1311732051939912e9,6.92943898811852,0.06982914335242883
24,481,Bhavnagar,2018,7.986085648619127e7,5.921310011530981e8,1.3082710408190356e6,1.175172757379837e9,7.414533567586811,0.06795669486437797
24,481,Bhavnagar,2019,8.287821640814357e7,6.213397802343216e8,1.3286230330927642e6,1.2001742778695085e9,7.497021619944865,0.06905515135290599
24,481,Bhavnagar,2020,8.290685528037398e7,6.307986753069669e8,1.3187642900065412e6,1.2407783793585703e9,7.608522518116689,0.0668184235473488
24,481,Bhavnagar,2021,8.559415255145924e7,6.219923679450008e8,1.4383466829089688e6,1.2854601429466186e9,7.266762382758083,0.06658639166769849
24,481,Bhavnagar,2022,8.274770516248439e7,4.997489574650131e8,1.5175945116871654e6,1.2158844164634995e9,6.039429812388151,0.06805556847513758
24,481,Bhavnagar,2023,8.727792908127852e7,5.432092559020379e8,1.6364132134691912e6,1.3136600926754637e9,6.223901754086859,0.0664387458886142
24,482,Anand,2016,4.576540847160126e7,3.7777369927306837e8,670831.1102611681,6.351427344970242e8,8.25456850248562,0.07205531290197839
24,482,Anand,2017,4.728246481080797e7,3.47824310591182e8,722297.6129177482,6.493557458286957e8,7.356306655817047,0.07281442431908719
24,482,Anand,2018,4.79443937344819e7,3.6422928350819093e8,749234.7990386253,6.659611540955424e8,7.596910819757326,0.07199277831692197
24,482,Anand,2019,4.966153146792038e7,3.741184859253018e8,771849.4194797294,6.820256215492113e8,7.533365864219659,0.07281475929762717
24,482,Anand,2020,5.0926378962150134e7,4.0608732877379084e8,773595.2865764906,6.95906542037159e8,7.974007519278093,0.07317991121777792
24,482,Anand,2021,5.2219123053274475e7,3.9439844054263014e8,843022.6601848786,7.170189630848844e8,7.552758788006855,0.07282809206134275
24,482,Anand,2022,5.1395858929742366e7,3.471337505532525e8,843358.7092675904,7.091069104666015e8,6.754119062934252,0.07247970393621356
24,482,Anand,2023,5.2819824202157296e7,3.7402848917519724e8,909373.888153074,7.351133085711051e8,7.081214199874617,0.07185262950119506
24,483,Kheda,2016,4.544340722251958e7,3.521795066515487e8,711401.3054129236,7.789565762231042e8,7.749848177691777,0.058338819659061375
24,483,Kheda,2017,4.7570617458055265e7,3.337590935671996e8,780843.0461842989,8.085622708804842e8,7.016076548964013,0.0588335854531689
24,483,Kheda,2018,4.846515549367362e7,3.636102505975394e8,789038.92905218,8.338120802595282e8,7.5025086970989525,0.058124794112587815
24,483,Kheda,2019,5.0494352933765605e7,3.7789858843177736e8,814794.0432914902,8.590501863935202e8,7.483977246474948,0.05877928173876767
24,483,Kheda,2020,5.21962669792704e7,4.13208727872936e8,815326.0268009572,8.832895191814721e8,7.9164421478080165,0.0590930446312096
24,483,Kheda,2021,5.333550794717817e7,3.992574958758601e8,889470.6727257633,9.068592821788793e8,7.48577282269951,0.05881343334660566
24,483,Kheda,2022,5.191890312073738e7,3.432140273649113e8,900756.3399353769,8.850350931414331e8,6.610579321500057,0.0586631010714515
24,483,Kheda,2023,5.464555754465436e7,3.801735150791301e8,976696.964346357,9.358490962590803e8,6.957079992613601,0.05839141990208889
24,484,Panch Mahals,2016,6.255443785683678e7,4.5744359590850574e8,788296.5815147451,1.2083831907231274e9,7.312728106604034,0.05176705397515718
24,484,Panch Mahals,2017,6.4657319022621036e7,4.0884175579052883e8,918466.606203171,1.2409260653227136e9,6.323209220096047,0.052104086479806785
24,484,Panch Mahals,2018,6.667723080418397e7,4.7841640773180926e8,877853.8213209896,1.2628372253014286e9,7.175109133383338,0.05279954492018453
24,484,Panch Mahals,2019,6.968729822502118e7,5.12954997155799e8,849988.597390415,1.2673455029140127e9,7.360810509534473,0.054986819351778106
24,484,Panch Mahals,2020,7.151700962261118e7,5.2696764479745823e8,860328.5076891322,1.2834294511588652e9,7.368423925695706,0.05572336645230894
24,484,Panch Mahals,2021,7.289110847297657e7,5.295425732046259e8,928366.0709877468,1.307024102387473e9,7.264844564696762,0.05576875616894146
24,484,Panch Mahals,2022,6.824543379230459e7,4.270175264819306e8,1.0371870745497532e6,1.2718123081709256e9,6.257085679629476,0.05365998846988099
24,484,Panch Mahals,2023,7.14663525224666e7,4.4602348090016866e8,1.10584885469727e6,1.32660637899092e9,6.24102763268846,0.05387155802524281
24,485,Dohad,2016,4.1030048488448486e7,2.8739725869396013e8,543415.5596033762,8.704079145455002e8,7.00455566789967,0.04713887339808152
24,485,Dohad,2017,4.3036626547129266e7,2.866585966002485e8,570107.3918693886,8.963659299486022e8,6.66080544873399,0.048012340841197515
24,485,Dohad,2018,4.4194450528972e7,3.223472519167002e8,550118.8132207007,9.035913924745138e8,7.293840019696207,0.04890977370639188
24,485,Dohad,2019,4.604317429810271e7,3.357568560979649e8,561718.435518235,9.141477716332685e8,7.292217819825693,0.050367321046836167
24,485,Dohad,2020,4.818387036932566e7,3.537759134537022e8,585921.5386537975,9.404533822703353e8,7.3422062350333634,0.051234724950433644
24,485,Dohad,2021,4.876534042137982e7,3.567862761263476e8,632664.2188676731,9.528766691104854e8,7.31639055614845,0.051176969698400195
24,485,Dohad,2022,4.346093930218391e7,2.6165634520518032e8,732846.6235244452,9.211835073502833e8,6.020494480938015,0.04717945876733737
24,485,Dohad,2023,4.607546050954522e7,2.702619401652011e8,758946.4423623311,9.645045131185852e8,5.8656373083718245,0.04777111966077475
24,486,Vadodara,2016,9.385656350823219e7,8.565927012918456e8,1.2486782067551739e6,1.125109322595757e9,9.126614796808681,0.08341995006466951
24,486,Vadodara,2017,9.710369413520037e7,8.116935544290096e8,1.3428645396950545e6,1.1619969959534543e9,8.359038877541202,0.08356621787608307
24,486,Vadodara,2018,9.988316987697382e7,8.617573732239088e8,1.3942523611018565e6,1.1958087026685853e9,8.627653430356045,0.08352771614228345
24,486,Vadodara,2019,1.0308704473647937e8,9.238447608758744e8,1.3893010950838402e6,1.2229792799461007e9,8.961793048171007,0.0842917344773189
24,486,Vadodara,2020,1.0508544481477253e8,9.544148847155854e8,1.3968636981267948e6,1.2479402232705078e9,9.082274775520741,0.08420711413514063
24,486,Vadodara,2021,1.0803288874330942e8,9.864960867129318e8,1.5000614079267364e6,1.282815691444401e9,9.131442269000942,0.08421544066214887
24,486,Vadodara,2022,1.0382963101308294e8,8.380466960252641e8,1.532753163445019e6,1.245163496957085e9,8.071363519722679,0.08338634345354687
24,486,Vadodara,2023,1.0827734406073175e8,9.139992274533631e8,1.639494239646566e6,1.307878918367513e9,8.441278601557768,0.08278850781988513
24,487,Narmada,2016,1.4544704866252001e7,1.0986740953467956e8,224167.97535778512,2.46417395326551e8,7.553773730370033,0.05902466766592285
24,487,Narmada,2017,1.4751857249924576e7,9.641913495397688e7,249329.2048078926,2.541267925045917e8,6.536067514784951,0.05804920096985851
24,487,Narmada,2018,1.4846385187199764e7,1.1024120251066917e8,243263.94816372936,2.625633625449832e8,7.4254575184885265,0.056544009199517443
24,487,Narmada,2019,1.5504075676732821e7,1.1714335766124752e8,240682.02827885313,2.707553261926126e8,7.555649243704748,0.05726231093863461
24,487,Narmada,2020,1.5997075263033638e7,1.2286568470275296e8,242404.92950016537,2.81598431765648e8,7.680509260756774,0.05680811204355972
24,487,Narmada,2021,1.620169945396936e7,1.232358042483469e8,261163.9284416013,2.897881569923062e8,7.606350469496863,0.05590877012409969
24,487,Narmada,2022,1.4404952298070105e7,9.0113264483812e7,275055.1221724878,2.6343702887731695e8,6.255714189062943,0.05468081825648935
24,487,Narmada,2023,1.5460322100055251e7,9.653370435962912e7,287416.3021959035,2.829978764105047e8,6.243964629901478,0.05463052336699928
24,488,Bharuch,2016,4.48288910103497e7,4.3112183533979744e8,541828.6975768191,4.15406764161669e8,9.617053324836071,0.10791565009977325
24,488,Bharuch,2017,4.6170243074654326e7,3.928534131313516e8,590617.0278022648,4.2212553729444325e8,8.508801058208267,0.10937562169438096
24,488,Bharuch,2018,4.738954351647034e7,4.168672301444622e8,618761.6712284579,4.378295536996668e8,8.796607842394158,0.108237425080212
24,488,Bharuch,2019,4.948985268199664e7,4.543790459336337e8,609657.3007438979,4.510869643400122e8,9.181256789210996,0.10971244259830368
24,488,Bharuch,2020,5.022361892852142e7,4.612255234938354e8,626698.6310380797,4.640608051912455e8,9.183438655630423,0.10822637543764035
24,488,Bharuch,2021,5.236967502947151e7,4.951135888520095e8,663472.6970308631,4.822879156498621e8,9.45420395626629,0.10858591586087252
24,488,Bharuch,2022,5.114045121237009e7,4.357419707455793e8,677330.5390548245,4.724425670937041e8,8.520495232552426,0.10824691671406253
24,488,Bharuch,2023,5.453552728478263e7,4.904573812926318e8,729930.4633416198,5.0590743950018775e8,8.993355445735041,0.10779744084937971
24,489,The Dangs,2016,7.699818751849488e6,5.38390687836236e7,102553.9069632046,1.2765475331217064e8,6.992251443670867,0.06031752482432149
24,489,The Dangs,2017,8.266958356382317e6,5.3325959796987034e7,112463.24575043847,1.6915160651960403e8,6.450493337228189,0.048873070297586606
24,489,The Dangs,2018,8.108178533871102e6,6.121130718733697e7,105446.82273085795,1.503121306555032e8,7.549328980810286,0.05394227663803158
24,489,The Dangs,2019,8.938006565434141e6,6.678180686880807e7,111386.5075551872,1.9115920667499232e8,7.471666795040479,0.04675687203824027
24,489,The Dangs,2020,8.985374690218681e6,6.788870224324663e7,108672.2899925227,1.604559869966452e8,7.555467032126002,0.055998999217190606
24,489,The Dangs,2021,9.059750162169114e6,6.877179995515393e7,120579.44861425678,1.6361862973776427e8,7.590915723297205,0.05537114066221802
24,489,The Dangs,2022,8.151932617945473e6,4.686154167325045e7,140192.3268011712,1.5654165544771367e8,5.748519261566337,0.05207516551828144
24,489,The Dangs,2023,9.770035940089904e6,5.2929343544662006e7,169491.59290231304,2.199020232008463e8,5.417517793099843,0.04442904070585333
24,490,Navsari,2016,3.6619526481731996e7,3.177216049560458e8,447110.4024986246,4.85987654859329e8,8.676289277376219,0.07535073394473706
24,490,Navsari,2017,3.808468185965908e7,2.919866533353374e8,483724.9595842402,4.983763992563763e8,7.666774122238949,0.07641750676092397
24,490,Navsari,2018,3.83615696872224e7,3.096098743864962e8,490369.19517126674,5.0948262064743423e8,8.070834350910882,0.07529514871081126
24,490,Navsari,2019,4.020025286828514e7,3.387947537585268e8,477836.3555254286,5.254354797350606e8,8.427677180752497,0.0765084475996087
24,490,Navsari,2020,4.039646295189263e7,3.4864856169529074e8,473296.9000530136,5.281311581668849e8,8.63067051465594,0.07648945215068659
24,490,Navsari,2021,4.097875638125839e7,3.563909279793872e8,513895.9024986949,5.414053469982996e8,8.696967879249318,0.07568960411724027
24,490,Navsari,2022,3.967541562443467e7,2.922778549639407e8,554580.3669726141,5.3636911703889775e8,7.3667244656143485,0.07397035803155197
24,490,Navsari,2023,4.066397714791525e7,2.930190034158809e8,569079.1991429739,5.556762359257392e8,7.205861894669674,0.07317926252536307
24,491,Valsad,2016,5.069477079940056e7,4.670969634738903e8,573633.032454908,7.565186400030675e8,9.213908182407907,0.06701060372973097
24,491,Valsad,2017,5.344993037707818e7,4.4505760309085625e8,616143.7549744202,7.874848649520911e8,8.326626432458697,0.06787423194518152
24,491,Valsad,2018,5.476275548933006e7,4.7244672059680873e8,630506.4673444764,8.505604646619179e8,8.627153918302374,0.06438431806385128
24,491,Valsad,2019,5.811206536218963e7,5.346249421753926e8,602466.4967052924,8.282833100689837e8,9.199895733240348,0.07015964785931732
24,491,Valsad,2020,5.803221031564735e7,5.481651057201056e8,588434.9132069574,8.174047397329541e8,9.445876742218497,0.07099568609622504
24,491,Valsad,2021,5.9885756788368575e7,5.610738971254091e8,655707.9093697134,8.413536334519109e8,9.36907083111931,0.07117786672254439
24,491,Valsad,2022,5.835054883887389e7,4.99542216204721e8,714150.1757521079,8.399809200569353e8,8.561054285609726,0.0694665169715031
24,491,Valsad,2023,6.0617907175213486e7,5.063370903493985e8,749176.8078653518,8.761652357551546e8,8.352929257122861,0.06918547404242506
24,492,Surat,2016,9.980199089878163e7,1.1876225721593122e9,1.0288191172453876e6,7.31096376565246e8,11.899788385622381,0.13651003355762753
24,492,Surat,2017,1.0375350779671596e8,1.1178097933499222e9,1.1036376498041789e6,7.505405281200446e8,10.773706037390511,0.13823838141905267
24,492,Surat,2018,1.0852476007359412e8,1.162564836381254e9,1.1906592491695492e6,7.830219463949527e8,10.712438669229781,0.13859734145798097
24,492,Surat,2019,1.1191483257511221e8,1.2634938286119587e9,1.2023243924220153e6,8.057233684648746e8,11.289779911558716,0.13889982214161276
24,492,Surat,2020,1.1347132671843314e8,1.286674770788342e9,1.1719292842093387e6,8.161860480369675e8,11.3392061941876,0.13902630042665676
24,492,Surat,2021,1.164742101224318e8,1.3879864312009354e9,1.230594002887713e6,8.328645721143652e8,11.916684644110951,0.1398477183712385
24,492,Surat,2022,1.1166577584180301e8,1.184049004021793e9,1.237068952127235e6,8.052723799759574e8,10.603508506484888,0.13866832964659356
24,492,Surat,2023,1.185138878640004e8,1.321787481372537e9,1.3488204633673048e6,8.635746861542243e8,11.153017635277841,0.1372364078801115
24,493,Tapi,2016,2.5446690491533466e7,1.9452338251597136e8,352113.6052118869,3.884331520831303e8,7.644348980496796,0.06551111910779311
24,493,Tapi,2017,2.6187048733418107e7,1.7920629418014452e8,389940.0401560252,4.0388057124364275e8,6.843317702748756,0.06483859486674999
24,493,Tapi,2018,2.650452386944627e7,2.0595465974150017e8,373214.35639178514,4.0989454231759334e8,7.770547426393099,0.06466181208363128
24,493,Tapi,2019,2.7656592512880266e7,2.19332621153855e8,366432.0940864685,4.235183646133732e8,7.930572830029842,0.06530199118550092
24,493,Tapi,2020,2.8193611472163096e7,2.2299697119161013e8,376353.8153140184,4.3062351730682063e8,7.909485856814964,0.06547160184954566
24,493,Tapi,2021,2.856417140330981e7,2.2786669588455397e8,401985.6244533648,4.4098418864669114e8,7.977360612608227,0.06477368608377687
24,493,Tapi,2022,2.6178673176389486e7,1.6786391520072272e8,446908.0962123518,4.162600687939262e8,6.412239232663594,0.06289018606141995
24,493,Tapi,2023,2.7895681976828374e7,1.7567810311685425e8,463633.21097694855,4.4499314710648733e8,6.2976808834708455,0.06268789116914851
25,494,Diu,2016,1.2192224713701252e6,1.2057096618983356e7,18858.29234155837,1.0616461795247395e7,9.889168631737862,0.11484263730086863
25,494,Diu,2017,1.2690516406417494e6,1.1648996454583388e7,20589.694340523092,1.082876429865196e7,9.179292695049496,0.11719265519517585
25,494,Diu,2018,1.2876424621761502e6,1.148060803130724e7,21003.950473451776,1.1073641805223651e7,8.915990555254528,0.11627994519099799
25,494,Diu,2019,1.3435929856802216e6,1.2947471548299378e7,20042.51085333656,1.1052074998939186e7,9.636453662895876,0.12156929678899066
25,494,Diu,2020,1.3345297522237569e6,1.3081433835665634e7,20797.701961846607,1.1269469422058823e7,9.80227965234027,0.11841992752662807
25,494,Diu,2021,1.3378626860617246e6,1.2859023157396499e7,21178.552730232426,1.1296623553971354e7,9.611616566756707,0.1184303150113731
25,494,Diu,2022,1.3678917076220228e6,1.0942534604615616e7,23567.019540242625,1.147475631059666e7,7.999562058635761,0.11920878061338941
25,494,Diu,2023,1.3358716745623e6,1.1185339290842626e7,23251.679246295167,1.1143131580376837e7,8.373064197582837,0.11988296691342881
25,495,Daman,2016,4.95619488758523e6,5.978092503681363e7,39774.97324264207,2.9944098692424946e7,12.061859227238791,0.16551491292135684
25,495,Daman,2017,5.201855177081859e6,5.5490446461705945e7,42009.95763250148,3.006052536119409e7,10.667433938988479,0.17304605007991872
25,495,Daman,2018,5.352892199747225e6,5.776816015376921e7,45171.06560860873,3.0702631896859687e7,10.791952835608598,0.17434636280464044
25,495,Daman,2019,5.545107991652358e6,6.307465309273861e7,43884.600470191945,3.108864910754826e7,11.374828621496931,0.17836439185471128
25,495,Daman,2020,5.423369558857089e6,6.293569839728765e7,39873.20664779538,3.1035604875291064e7,11.604538048583693,0.17474670078606697
25,495,Daman,2021,5.470792747673524e6,6.43419066669323e7,43900.53877045897,3.139381616438037e7,11.76098412689714,0.17426338738266298
25,495,Daman,2022,5.273774844319412e6,5.928611130274399e7,44320.86757486861,3.1650892931996793e7,11.241684192605108,0.16662325627432778
25,495,Daman,2023,5.401623211176148e6,5.827508900707904e7,48650.57838937669,3.2222676221208647e7,10.788440201920386,0.16763422051272242
26,496,Dadra & Nagar Haveli,2016,1.224728167721101e7,1.2768745583103462e8,110494.0097199552,1.4865044812899435e8,10.425779303225106,0.08238980663269303
26,496,Dadra & Nagar Haveli,2017,1.296818195338963e7,1.2333983470668949e8,119391.6344685898,1.5532091352847353e8,9.510958062587244,0.08349282565230531
26,496,Dadra & Nagar Haveli,2018,1.32614001018762e7,1.2856243054332797e8,120197.8223992433,1.63471109146178e8,9.694483957628213,0.08112381552398767
26,496,Dadra & Nagar Haveli,2019,1.3824515564512543e7,1.4081067447701615e8,117071.41994273596,1.663224561714423e8,10.185577485150828,0.08311875547498213
26,496,Dadra & Nagar Haveli,2020,1.3909049218879268e7,1.4422920724331158e8,115721.19773412948,1.6292539183645833e8,10.369451209328092,0.08537066605824664
26,496,Dadra & Nagar Haveli,2021,1.4303427252812887e7,1.4952421310831565e8,123119.59876345101,1.6691330007420346e8,10.453733253260017,0.08569375386176005
26,496,Dadra & Nagar Haveli,2022,1.3511468611360034e7,1.329675774502071e8,133161.006848942,1.6450509046767384e8,9.841089912195924,0.08213404565748142
26,496,Dadra & Nagar Haveli,2023,1.4180663777526895e7,1.3664509672487676e8,140034.080333383,1.6696395508015472e8,9.63601555390009,0.08493248600106026
27,497,Nandurbar,2016,3.18882385126479e7,2.480898258620656e8,507343.1514041341,5.710726731310353e8,7.779978996446141,0.055839195277570204
27,497,Nandurbar,2017,3.2547012113857307e7,2.2441170651836163e8,562801.5091399356,5.864917330674978e8,6.8950017818322396,0.05549440900663395
27,497,Nandurbar,2018,3.3239211824169163e7,2.5062799165769652e8,561228.3979295988,6.089305041810088e8,7.54013040331654,0.054586215661629224
27,497,Nandurbar,2019,3.57808954019338e7,2.820060463641633e8,578520.8623753708,6.425134908246746e8,7.881469795440673,0.05568894025245842
27,497,Nandurbar,2020,3.673698121557991e7,2.813995956243882e8,605486.9166001395,6.66497743771243e8,7.659845374149809,0.055119438226018766
27,497,Nandurbar,2021,3.756100395756801e7,2.8642828368056315e8,636125.9720829036,6.800918993993758e8,7.625682316802181,0.055229306496283916
27,497,Nandurbar,2022,3.3623202610522464e7,2.0829523407622138e8,632357.7195655827,6.035883368514822e8,6.194984948014288,0.05570552072943008
27,497,Nandurbar,2023,3.6738421551655956e7,2.3458429962819004e8,690570.833658096,6.646320529671874e8,6.385257986610923,0.05527633129886036
27,498,Dhule,2016,3.988527982717395e7,3.1924500961594284e8,602293.1474232435,6.368782452431949e8,8.004080979229846,0.06262622428238787
27,498,Dhule,2017,3.991683855294318e7,2.6954023245713377e8,667395.3181255993,6.51762514642873e8,6.752544595926168,0.061244452781724065
27,498,Dhule,2018,4.192115346106582e7,2.9988849518420506e8,697186.1174353954,6.91240655762274e8,7.153631768809173,0.06064624977076437
27,498,Dhule,2019,4.437820119466921e7,3.4168946881623685e8,681824.806916346,7.152883345964576e8,7.699488929652273,0.06204239472143209
27,498,Dhule,2020,4.471446845279348e7,3.3347585882107043e8,722401.0328497614,7.50790505144692e8,7.457896076146623,0.05955651829157873
27,498,Dhule,2021,4.572531627068281e7,3.3523573732482225e8,755133.4335254232,7.484821407078891e8,7.331512708196653,0.0610907245260887
27,498,Dhule,2022,4.28481971959273e7,2.7077959058359724e8,766883.2088236691,6.852415340574948e8,6.3195095314146545,0.06253006431500421
27,498,Dhule,2023,4.592592705243034e7,3.008220504045558e8,836992.6466315044,7.667710673704926e8,6.550157388464447,0.05989522688946165
27,499,Jalgaon,2016,6.887023522296162e7,5.867518026828513e8,1.169637882323929e6,8.777186660894873e8,8.519671826055065,0.07846504567323397
27,499,Jalgaon,2017,7.009414804005922e7,5.1125464452276385e8,1.2674582932022738e6,9.01477190638917e8,7.293827784747148,0.07775476603060848
27,499,Jalgaon,2018,7.357991369620451e7,5.736846220689094e8,1.3432759064349355e6,9.472080354919306e8,7.796755843415754,0.07768083772430302
27,499,Jalgaon,2019,7.77083325405989e7,6.446292606843237e8,1.277232592775086e6,9.610743550496857e8,8.295497273056728,0.08085569251983789
27,499,Jalgaon,2020,7.906245134870413e7,6.534293362742996e8,1.3593610972421828e6,1.0340920964509039e9,8.264723963495088,0.07645590912071903
27,499,Jalgaon,2021,8.139133543056148e7,6.791109674433007e8,1.3997487443102738e6,1.0205675125737209e9,8.343774725537955,0.07975105461206043
27,499,Jalgaon,2022,7.754149638991277e7,5.2263888110935366e8,1.4997229642383228e6,9.756478072902764e8,6.740118587359926,0.07947693400272511
27,499,Jalgaon,2023,8.172293823304266e7,5.694930044971383e8,1.5989229840936796e6,1.0555121561297948e9,6.968582099595604,0.07742491430197541
27,500,Buldana,2016,4.536119838301859e7,3.6082871709510565e8,896034.2186279515,8.070877249819736e8,7.954567559004028,0.05620355381322611
27,500,Buldana,2017,4.55062455296763e7,3.445661294418541e8,946172.6906419239,8.224847901497473e8,7.571842621407864,0.05532776541848406
27,500,Buldana,2018,4.851064860813382e7,3.767058298551948e8,975552.7385096931,8.30730477345259e8,7.7654255439502045,0.05839517139561062
27,500,Buldana,2019,4.969512841570155e7,3.97143164022461e8,979293.6720506862,8.37017027747813e8,7.991591463459839,0.05937170543521407
27,500,Buldana,2020,5.178167345069067e7,4.087215187897431e8,1.0157033655280069e6,9.236084297185775e8,7.8931693696409795,0.0560645310117714
27,500,Buldana,2021,5.434267422711596e7,4.3608444836278987e8,1.0382452158387806e6,9.279766639412644e8,8.024714546440043,0.05856038878856499
27,500,Buldana,2022,5.001905477323554e7,3.004934789353323e8,1.1541065804584643e6,8.589505883571156e8,6.007580117170106,0.058232749882510954
27,500,Buldana,2023,5.442772157697449e7,3.460746196541597e8,1.2306844363961113e6,9.845779869883196e8,6.358425626263322,0.05528025437930107
27,501,Akola,2016,2.9994485154646855e7,2.5216757823823437e8,565071.9655816468,3.114286660940908e8,8.407131408927272,0.09631253773403355
27,501,Akola,2017,3.0480727871589582e7,2.382896202338742e8,616234.5479780686,3.284398941428538e8,7.817714236935225,0.09280458438563524
27,501,Akola,2018,3.1830512238903947e7,2.5658006306061497e8,628771.9231264116,3.376793422054995e8,8.060821049150984,0.09426253922140444
27,501,Akola,2019,3.2635936648445547e7,2.684478881223603e8,631795.9174196442,3.360919627155063e8,8.225530372058326,0.09710418655881715
27,501,Akola,2020,3.269359111250144e7,2.6791639282666185e8,656992.6581827111,3.613094748366996e8,8.194767956347734,0.09048639293856853
27,501,Akola,2021,3.481707504429324e7,3.002124374945055e8,652842.2305162136,3.696120692043772e8,8.622563415007845,0.0941989668228099
27,501,Akola,2022,3.2264270149669945e7,2.1368675709138817e8,715942.2746722074,3.4508100593315333e8,6.62301536963712,0.09349767038734075
27,501,Akola,2023,3.424866376370018e7,2.5231646996310312e8,756016.5994493248,3.8869370141793823e8,7.367191657577334,0.08811221699441617
27,502,Washim,2016,1.9117361553579584e7,1.423095619647679e8,412084.68687501736,2.954268753679074e8,7.4439959492277055,0.06471097637874663
27,502,Washim,2017,1.9329593173203386e7,1.3466912792051354e8,444079.87898379826,3.1040696827538294e8,6.96699235797706,0.06227177592242324
27,502,Washim,2018,2.0373018493764542e7,1.4931897436079428e8,453483.96024633624,3.1482963313485366e8,7.329251402117733,0.06471124808330223
27,502,Washim,2019,2.118391915931543e7,1.5694866444909865e8,463090.51643970684,3.186403575014476e8,7.408858732359821,0.06648222254526936
27,502,Washim,2020,2.167601483062121e7,1.5709739497802302e8,490577.58373685234,3.6556699323316485e8,7.247522028638546,0.0592942339758663
27,502,Washim,2021,2.3016552709480785e7,1.7835422335329038e8,486378.8363075204,3.895917202971047e8,7.748954659045193,0.059078649546063865
27,502,Washim,2022,2.107178677221757e7,1.2232663312137842e8,535766.830955215,3.356476304460363e8,5.805233056109978,0.06277948914525522
27,502,Washim,2023,2.26378067316193e7,1.43548311567854e8,553846.7206280404,3.845659291173063e8,6.341087423780912,0.0588658667281832
27,503,Amravati,2016,5.496712641017057e7,4.43450030634028e8,1.0693531420793545e6,6.334316696600416e8,8.067549817411892,0.0867767259563625
27,503,Amravati,2017,5.5440241082615025e7,3.94769457726316e8,1.1430966051386439e6,6.519443115347997e8,7.120630250111015,0.08503830787647837
27,503,Amravati,2018,5.849551603559232e7,4.4006175541800326e8,1.193119370357757e6,6.99213563511351e8,7.522999799681094,0.08365901219340792
27,503,Amravati,2019,6.02311388032723e7,4.6804154225902855e8,1.1993910094088982e6,7.056279613787684e8,7.770756979836488,0.08535820871608191
27,503,Amravati,2020,6.092699819429574e7,4.7603913768141204e8,1.2303340865578053e6,7.471520800370059e8,7.813270828858609,0.0815456448856812
27,503,Amravati,2021,6.3780993468943596e7,5.28594149541811e8,1.2328026430157183e6,7.68313325587029e8,8.287643713157202,0.08301430073494014
27,503,Amravati,2022,5.8996792491902076e7,3.719664054830869e8,1.3400542031165056e6,6.855557019951476e8,6.304858107907191,0.08605689124925353
27,503,Amravati,2023,6.281353957343858e7,4.4338935181570417e8,1.3869904659819435e6,7.644305456667318e8,7.058818127854658,0.08217036842588882
27,504,Wardha,2016,2.968124761463644e7,2.4228809004652658e8,538266.6085630553,4.0964379920075834e8,8.163002215818222,0.07245623556989385
27,504,Wardha,2017,2.9352597115944203e7,2.1607521654425466e8,571474.4970441223,4.391971742650353e8,7.361366208609988,0.06683239063426046
27,504,Wardha,2018,3.1769274547373928e7,2.5827182225627017e8,582910.1842334446,4.6095040221435344e8,8.129610321165458,0.0689212427080179
27,504,Wardha,2019,3.2931290365254108e7,2.7311615898959965e8,581637.5141439185,4.855574830663909e8,8.293515254348042,0.0678216102391967
27,504,Wardha,2020,3.3373864494150635e7,2.776973863842773e8,592487.8595618247,5.025282440359146e8,8.320804036132786,0.06641191791752402
27,504,Wardha,2021,3.332934356736037e7,2.783917717680389e8,601488.3509311442,4.8340223912957263e8,8.352752918922462,0.06894743315085612
27,504,Wardha,2022,3.1135538434402782e7,1.9051526996305984e8,688227.9095356839,4.171806425940679e8,6.118900765581514,0.07463322900314627
27,504,Wardha,2023,3.3143362990772404e7,2.2219321687185466e8,702180.5222732954,4.858850197549977e8,6.704003360603947,0.06821235815725414
27,505,Nagpur,2016,9.368976046323721e7,8.940131251540079e8,1.2983245260457245e6,8.938769658449945e8,9.542271436426699,0.10481281433924293
27,505,Nagpur,2017,9.74130467637836e7,8.817461609666911e8,1.4734189715306605e6,9.703950424073569e8,9.0516228601784,0.10038493861440309
27,505,Nagpur,2018,1.0222900599972719e8,9.489092835992872e8,1.489580947427304e6,1.001279639595833e9,9.282192214622722,0.10209835689956902
27,505,Nagpur,2019,1.0776817489457995e8,1.0234662211230541e9,1.4865034817242485e6,1.0498248991620635e9,9.496924505998365,0.10265347581353523
27,505,Nagpur,2020,1.0815393977399088e8,1.0344890046823937e9,1.529006520593548e6,1.0909813637041516e9,9.564968292825613,0.09913454378980545
27,505,Nagpur,2021,1.10269804807384e8,1.0670553675424321e9,1.5978551811205766e6,1.1002228687518842e9,9.676768444510557,0.10022497072113795
27,505,Nagpur,2022,1.0593603879802811e8,7.993703699701377e8,1.8124042689072883e6,1.0103554906077821e9,7.545783087983626,0.10485026288549389
27,505,Nagpur,2023,1.0948148202670108e8,8.944082761354829e8,1.8508360027171518e6,1.0898081217325401e9,8.169493685857747,0.10045941101324435
27,506,Bhandara,2016,2.956510921837161e7,2.2613129852918637e8,415400.46918325167,2.7605294416478246e8,7.6485866112975325,0.10709941641022132
27,506,Bhandara,2017,3.0369967007572904e7,2.0933179848298427e8,493092.4774343846,3.100133691196232e8,6.892723934497075,0.09796341071940742
27,506,Bhandara,2018,3.0467813417836115e7,2.1887364985459605e8,487712.7502150338,3.0868229440127146e8,7.183766253684144,0.09870282154320613
27,506,Bhandara,2019,3.20418584621778e7,2.4027442121449745e8,487864.54833509633,3.201784108507774e8,7.498766699132553,0.10007501248143572
27,506,Bhandara,2020,3.1991504872555614e7,2.4249730133298796e8,506921.7168996263,3.418550730416974e8,7.580052964029768,0.09358206852953002
27,506,Bhandara,2021,3.2513370381103273e7,2.572199959479071e8,521299.03863999667,3.492709273397748e8,7.911206772257699,0.09308925489087126
27,506,Bhandara,2022,2.9953354007810023e7,1.7751684120165098e8,582540.1331075561,3.105840460785309e8,5.926442866977946,0.09644202394168161
27,506,Bhandara,2023,3.0682117371617634e7,1.9074867612237126e8,592202.4557190313,3.253861803605047e8,6.216933264808593,0.09429446984387609
27,507,Gondiya,2016,3.390260439142575e7,2.5557402638035485e8,471084.53763821616,3.173817402630093e8,7.538477676511237,0.10681964363586635
27,507,Gondiya,2017,3.489163488763482e7,2.3628008425297925e8,571053.1489783173,3.4227084379291135e8,6.771826112874811,0.10194159251480318
27,507,Gondiya,2018,3.491688092687263e7,2.4893904980279857e8,559899.6102593918,3.434770199798713e8,7.12947557727617,0.10165710919734561
27,507,Gondiya,2019,3.684085904357081e7,2.758770401627765e8,552314.1059510806,3.586436262271446e8,7.4883443905719815,0.10272274857113421
27,507,Gondiya,2020,3.634018007971355e7,2.745524903949149e8,567717.1659675791,3.663665149483494e8,7.555066865179911,0.09919077917051676
27,507,Gondiya,2021,3.710489929131434e7,2.9282784784145474e8,586979.4260946928,3.8356706844180834e8,7.891891729510799,0.09673640503614714
27,507,Gondiya,2022,3.496770088402327e7,2.0964537358665952e8,669151.3444480072,3.5905289828078276e8,5.9954005635654015,0.0973887164021113
27,507,Gondiya,2023,3.544758894195484e7,2.1821734905964842e8,681886.0673848508,3.7252844966120565e8,6.156056182466392,0.09515404521236565
27,508,Gadchiroli,2016,2.747112305812539e7,1.9111312072342932e8,460009.18821218086,3.735608509514438e8,6.956873234452714,0.07353854931039373
27,508,Gadchiroli,2017,2.751815022699701e7,1.6879156959759057e8,536817.2944637751,4.089929428726793e8,6.133826881720981,0.06728270183273918
27,508,Gadchiroli,2018,2.8161649460454624e7,1.879351601754206e8,534668.7735890882,3.9725866393512946e8,6.673442918864693,0.07088995663805911
27,508,Gadchiroli,2019,2.999951177578908e7,2.0973756259475642e8,548701.2583407942,4.209742472999044e8,6.9913658649613035,0.07126210681105455
27,508,Gadchiroli,2020,2.9358995835595008e7,2.031468988101284e8,542015.5194920547,4.307659775350185e8,6.9194089589342145,0.0681553264805095
27,508,Gadchiroli,2021,2.9234439687152915e7,2.0760444634312946e8,546275.4375215741,4.341148544968904e8,7.101365668874485,0.06734263843846956
27,508,Gadchiroli,2022,2.6234617266324323e7,1.4207568499268803e8,594481.4330388522,3.696587366101218e8,5.415580625796336,0.07096982883971145
27,508,Gadchiroli,2023,2.7509911051121775e7,1.524949670169979e8,615516.3229459958,3.8874150451366043e8,5.543273721736719,0.07076659099094235
27,509,Chandrapur,2016,4.612324439568526e7,3.934146448940612e8,798808.5170170859,4.63362924132778e8,8.52963944858277,0.09954021349897324
27,509,Chandrapur,2017,4.6338042196975e7,3.465116510626333e8,914194.8261326137,5.1687672356507725e8,7.477908746978826,0.08965008499002533
27,509,Chandrapur,2018,4.7794095909589835e7,3.8651421150766826e8,881810.1020351521,5.2263144398766464e8,8.087070257356089,0.09144894831608695
27,509,Chandrapur,2019,5.06075072330663e7,4.1472435505106854e8,907406.7049912236,5.518262790352098e8,8.194917665893113,0.09170912868003743
27,509,Chandrapur,2020,5.075792178575218e7,4.2458537505406207e8,930373.5639557593,5.843384600386144e8,8.364908572226923,0.08686390723348585
27,509,Chandrapur,2021,5.01973636588555e7,4.1375027535298496e8,955456.4567669802,5.762188842079272e8,8.242470225425748,0.08711509642357
27,509,Chandrapur,2022,4.552064419455227e7,2.8198556264785296e8,1.0512353582114086e6,5.142403943479089e8,6.19467425466707,0.08852016429451343
27,509,Chandrapur,2023,4.845983295477566e7,3.299212475653496e8,1.0704024768111897e6,5.541392040095052e8,6.808138358075711,0.0874506488697097
27,510,Yavatmal,2016,4.899595509330901e7,3.799555563700911e8,1.0941173363830117e6,6.738211045662838e8,7.7548351827512105,0.07271359528705482
27,510,Yavatmal,2017,4.83641375611638e7,3.411192132526615e8,1.1475457291499858e6,7.071258449772787e8,7.053143722893114,0.06839537531359476
27,510,Yavatmal,2018,5.1894004041744635e7,4.034053823924427e8,1.165925492850805e6,7.185421408582224e8,7.773641480197498,0.07222123949440565
27,510,Yavatmal,2019,5.310634823761507e7,4.158703703181356e8,1.1677730944868159e6,7.503999344465265e8,7.830897512617444,0.07077072611524786
27,510,Yavatmal,2020,5.390896227439323e7,4.2064650154434806e8,1.2161076677342295e6,7.959200617141162e8,7.802904819485929,0.06773162892551464
27,510,Yavatmal,2021,5.5179243904993035e7,4.407114240371717e8,1.2240560968255885e6,7.898001120330881e8,7.98690581545451,0.06986482157232378
27,510,Yavatmal,2022,5.118508301602925e7,3.031754668260128e8,1.3534744108548807e6,7.14495305889005e8,5.923121522164369,0.0716380955818074
27,510,Yavatmal,2023,5.470746947416709e7,3.490726364510262e8,1.402649317279026e6,8.056688117910463e8,6.380712539004542,0.06790317395127828
27,511,Nanded,2016,5.259169594217615e7,4.0143504080492264e8,1.1025550028121828e6,8.019599718790941e8,7.633049925720117,0.06557895379609424
27,511,Nanded,2017,5.448809616562651e7,4.241195909429587e8,1.093784186559935e6,8.666353852322532e8,7.783710953191864,0.06287314953222689
27,511,Nanded,2018,5.5817950259815864e7,4.2660057749120736e8,1.1568006540788375e6,8.64098858393252e8,7.642713061040566,0.06459671797692976
27,511,Nanded,2019,5.6969444665604524e7,4.439829794245182e8,1.1536942015416808e6,8.729941318813303e8,7.793352770605017,0.06525753448403318
27,511,Nanded,2020,5.9179438545822896e7,4.706052677347475e8,1.191984230530302e6,9.707562587427235e8,7.952175270644986,0.06096220138973839
27,511,Nanded,2021,6.111830642011066e7,4.998994140257574e8,1.2275894963709281e6,9.956246176581073e8,8.179209197807028,0.061386897567752174
27,511,Nanded,2022,5.802264141861081e7,3.599395698391956e8,1.3757253425961183e6,9.377938005620745e8,6.203433022677673,0.061871427795571324
27,511,Nanded,2023,6.123244946788803e7,4.000999475385871e8,1.4328966265287967e6,1.0146483280778147e9,6.534116322562116,0.06034844563720804
27,512,Hingoli,2016,1.8216827963797566e7,1.2781998294816792e8,401641.1271255365,4.3832861710541517e8,7.016588354579925,0.04155975049974101
27,512,Hingoli,2017,1.8603138113616858e7,1.27886388272726e8,416439.00667954696,4.4571138143659234e8,6.874452444080795,0.04173808183595458
27,512,Hingoli,2018,1.936739495174027e7,1.417164660001866e8,427064.1810386008,4.5888611283763784e8,7.317270410053396,0.04220523221323283
27,512,Hingoli,2019,1.981259439763467e7,1.4251707013643798e8,433706.55666281265,4.677203149875919e8,7.1932563336305115,0.04235991844433842
27,512,Hingoli,2020,2.0602182325850446e7,1.5045967097508422e8,462097.7625763465,5.278480444142003e8,7.303093846824955,0.03903051748295196
27,512,Hingoli,2021,2.17927535984259e7,1.6692927622678617e8,466569.37164242414,5.502589934253715e8,7.659852412539714,0.03960453869688824
27,512,Hingoli,2022,2.0404787673957556e7,1.1336216403313608e8,519973.57497697906,5.1690869880062807e8,5.555664966698927,0.03947464556371819
27,512,Hingoli,2023,2.176197281892679e7,1.3186933043972495e8,541428.6089775055,5.679234091594976e8,6.059622054349584,0.03831849941021727
27,513,Parbhani,2016,2.869114635211894e7,2.238370474380191e8,562052.12133179,5.571439513804034e8,7.801606972789638,0.05149682820935692
27,513,Parbhani,2017,2.9346588854749743e7,2.1712075535638276e8,604717.2499945046,6.479267416162453e8,7.398500603631205,0.04529306628330394
27,513,Parbhani,2018,3.0454922664372087e7,2.3117641056381652e8,634251.3271250331,6.705948289915057e8,7.590773193269669,0.04541478900183683
27,513,Parbhani,2019,3.1083350897512026e7,2.3161795426191565e8,653914.0055211624,6.319605294708716e8,7.451511744200489,0.04918558904863492
27,513,Parbhani,2020,3.2021390091467112e7,2.48649474649161e8,674728.1683508961,7.064889254273171e8,7.765105572834572,0.045324687958978406
27,513,Parbhani,2021,3.3574420052068494e7,2.6473582642234814e8,700286.4243015863,7.628474877672527e8,7.885045400986397,0.0440119690900944
27,513,Parbhani,2022,3.134046979279618e7,1.7862064282495302e8,782399.6435550078,7.062139989635571e8,5.699360730897856,0.04437814860480194
27,513,Parbhani,2023,3.3265783677777167e7,2.0223239784017935e8,825003.0504561238,7.776822127437769e8,6.079291556725851,0.042775549103033494
27,514,Jalna,2016,3.498542840046329e7,2.6393201638275465e8,675829.4950770139,8.358504580695425e8,7.544055581130444,0.04185608569416195
27,514,Jalna,2017,3.60790010896665e7,2.503559974532175e8,732838.0069538348,9.101789008453009e8,6.939105570883523,0.039639461051183704
27,514,Jalna,2018,3.796903775294412e7,2.785456944097629e8,741186.605503105,8.881455482352407e8,7.336127299885668,0.04275091827954235
27,514,Jalna,2019,3.871461391712954e7,2.916728623327942e8,746655.8613201409,8.993382372026268e8,7.533921504606342,0.043047890455042315
27,514,Jalna,2020,4.076492420621452e7,3.030265703851684e8,788871.45900462,1.0080459596660309e9,7.433512419948832,0.04043954922424378
27,514,Jalna,2021,4.368766440446644e7,3.298360162834119e8,810029.8533320449,1.0075502034089537e9,7.549866095604115,0.04336028542960265
27,514,Jalna,2022,4.23242016752286e7,2.453534864958556e8,911206.7665349982,9.659334677610521e8,5.797002111901746,0.0438168912123237
27,514,Jalna,2023,4.825393922319552e7,2.8875058974041015e8,976703.2559698079,1.0940943877100835e9,5.983979637492655,0.0441040003177331
27,515,Aurangabad,2016,6.991342061820382e7,5.807173202027177e8,1.1666162687934993e6,1.3943674229967868e9,8.306235270249564,0.050139883839185856
27,515,Aurangabad,2017,7.184361434627336e7,5.401270024813896e8,1.2702083668978687e6,1.406712907104067e9,7.518093394885092,0.05107198063190761
27,515,Aurangabad,2018,7.564168204570994e7,6.015618359313269e8,1.2837579604501808e6,1.4208202036094975e9,7.952782376888521,0.053238039446192674
27,515,Aurangabad,2019,7.926299035529126e7,6.358312234057286e8,1.2676238565958398e6,1.4430606028345625e9,8.021792018641436,0.05492700043199658
27,515,Aurangabad,2020,8.10147122617698e7,6.580005388264894e8,1.3623159079632235e6,1.5272770050264018e9,8.121988222341619,0.0530451987394188
27,515,Aurangabad,2021,8.61374863477674e7,7.179302523767651e8,1.391880268275945e6,1.5391664873397563e9,8.334701682357291,0.055963722609790274
27,515,Aurangabad,2022,8.309585138179085e7,5.778508723859173e8,1.5348263900981047e6,1.5162642525250342e9,6.954027942152408,0.0548030142129984
27,515,Aurangabad,2023,9.155514586841604e7,6.339335914013317e8,1.661778170406957e6,1.6386412462428575e9,6.924062928286164,0.05587259937361967
27,516,Nashik,2016,1.4497781488521767e8,1.1715573862772098e9,1.899468763774351e6,2.7066663096145105e9,8.080942502856448,0.05356323916628856
27,516,Nashik,2017,1.4728730452325135e8,1.0922413173009288e9,2.0864144460126853e6,2.8423984176337624e9,7.41571937130877,0.05181796598587505
27,516,Nashik,2018,1.5279467700690198e8,1.1371808524451594e9,2.149188224757597e6,2.908001688393038e9,7.442542336692732,0.05254284329227345
27,516,Nashik,2019,1.5985521170518228e8,1.2451563764031932e9,2.1202085228688614e6,2.9416184363523088e9,7.789276077527018,0.05434260600549109
27,516,Nashik,2020,1.636366982355195e8,1.2674148268359733e9,2.253508520921736e6,3.0645106150157013e9,7.745296993293062,0.05339733444998398
27,516,Nashik,2021,1.6987535170940846e8,1.3268716497469547e9,2.334247510345841e6,3.1293882137337246e9,7.810854467084329,0.05428388557350875
27,516,Nashik,2022,1.6220828911004862e8,1.064364557230442e9,2.5199810305830445e6,3.0105239900066514e9,6.56171495963646,0.053880417378667105
27,516,Nashik,2023,1.7862155662639278e8,1.157925140047894e9,2.7963244923622333e6,3.3347793672626696e9,6.482561018487962,0.053563230713224975
27,517,Thane,2016,1.6367667901119837e8,1.9474750177710974e9,1.7736103582792091e6,1.6071123955757158e9,11.898304813710546,0.1018451973003198
27,517,Thane,2017,1.739807937079485e8,1.9423660272432513e9,1.92701446398732e6,1.695505382929435e9,11.164255466633799,0.10261294093171829
27,517,Thane,2018,1.7582492945202464e8,1.9859223277784064e9,1.9834404726643406e6,1.7246963315498433e9,11.294884826444834,0.10194544177758248
27,517,Thane,2019,1.840281554926425e8,2.1813777661162763e9,2.0196412452585083e6,1.766113501660926e9,11.85350013576313,0.10419950661131054
27,517,Thane,2020,1.8565524158902583e8,2.2290001918834453e9,1.8898746564586416e6,1.787208354862822e9,12.00612583197437,0.10388002108644791
27,517,Thane,2021,1.9054627452528587e8,2.302723312665248e9,2.074234891139269e6,1.839920410505944e9,12.08485087626141,0.10356223749531056
27,517,Thane,2022,1.7794310266275296e8,1.9715496363961835e9,2.158511229444955e6,1.7690170560796835e9,11.07966314453203,0.10058868683668457
27,517,Thane,2023,1.886900190360264e8,2.0657285427493155e9,2.3114045042406255e6,1.8667226052342756e9,10.94773615108337,0.10108090966860371
27,518,Mumbai Suburban,2016,4.865613513069758e7,9.120163618982613e8,585064.8275424123,2.2400104567176396e8,18.744118484718328,0.21721387498340075
27,518,Mumbai Suburban,2017,5.0386354778081916e7,9.037256656692227e8,623220.5264454486,2.2554653680005363e8,17.935920739841727,0.2233967122392541
27,518,Mumbai Suburban,2018,5.13433188163421e7,8.759001141238533e8,690680.7082894437,2.2738938905687428e8,17.059670748145376,0.22579469969682794
27,518,Mumbai Suburban,2019,5.146517949952996e7,9.193710750409088e8,700593.732074719,2.288473428246132e8,17.86394381562986,0.22488869158062483
27,518,Mumbai Suburban,2020,5.0752971959467e7,9.275712488605096e8,637247.3039122229,2.2757426359354323e8,18.276195719164953,0.22301718638146995
27,518,Mumbai Suburban,2021,5.11945385755031e7,9.706365044199232e8,719545.0365927559,2.3006820188547412e8,18.95976663581804,0.22251896679310462
27,518,Mumbai Suburban,2022,4.700122525008166e7,8.118963213339741e8,619508.2892331547,2.2774891180855933e8,17.273939498684953,0.20637299593154518
27,518,Mumbai Suburban,2023,4.784077727630528e7,9.038735085061644e8,678335.1773614069,2.2978942247048867e8,18.893370048856575,0.2081939924038469
27,519,Mumbai,2016,1.5650846420174012e7,3.469063791104811e8,133678.24934572537,6.063180726646753e7,22.165342997891614,0.2581293074671341
27,519,Mumbai,2017,1.6058137669074118e7,3.373409729561698e8,142374.25765319643,6.08485783874234e7,21.007477947199604,0.2639032512285139
27,519,Mumbai,2018,1.6502851890312698e7,3.283922823484574e8,167959.27823475157,6.12229587792739e7,19.8991231655679,0.26955332148859634
27,519,Mumbai,2019,1.6233232954360442e7,3.420745924211365e8,167739.84805010704,6.1476394654396445e7,21.07248712458421,0.26405635928423027
27,519,Mumbai,2020,1.5986121233566428e7,3.481726785783943e8,157438.75702674282,6.146488502309666e7,21.77968460837943,0.26008543296809755
27,519,Mumbai,2021,1.6110533487835467e7,3.4938412998572665e8,171207.2348169182,6.176970865916819e7,21.68668903792262,0.26081608344196483
27,519,Mumbai,2022,1.556029067421207e7,3.186790136135957e8,146984.50928652115,6.144707258137638e7,20.480273812734076,0.2532307890437753
27,519,Mumbai,2023,1.5568042238906303e7,3.445271905962456e8,171316.44825996464,6.180295745002297e7,22.13041211663937,0.25189801396632866
27,520,Raigarh,2016,7.239663656070794e7,8.023583166882381e8,837840.5235933438,7.878972710400274e8,11.082812058753909,0.09188588312426074
27,520,Raigarh,2017,7.595492399070843e7,8.127290485410328e8,892793.301934845,8.293703259306216e8,10.700149586621324,0.09158143427121143
27,520,Raigarh,2018,7.688233067305247e7,8.247386252264472e8,880588.2580538382,8.470681296995635e8,10.727284383894478,0.0907628654383691
27,520,Raigarh,2019,8.06079366328921e7,8.88540061633786e8,900459.1995686253,8.736808369250612e8,11.022984816996503,0.09226245240377881
27,520,Raigarh,2020,8.271773534089532e7,9.186351974087751e8,920731.8879844917,8.925652717504555e8,11.105661846554513,0.09267415836006405
27,520,Raigarh,2021,8.339624358990252e7,9.391691548330712e8,986478.8185910967,9.063589964567786e8,11.261528270402628,0.09201237469471008
27,520,Raigarh,2022,7.595012083093616e7,7.01691886303719e8,1.0997921158750022e6,8.70273851618371e8,9.23885148077216,0.08727151883248987
27,520,Raigarh,2023,8.418209438229737e7,8.08828641438652e8,1.170738118870285e6,9.346042590180302e8,9.608084086925977,0.09007244892158506
27,521,Pune,2016,2.1828256170824903e8,2.374428032823952e9,2.6073455047683404e6,2.6744197029815984e9,10.877772435150147,0.08161866346740378
27,521,Pune,2017,2.2710216728018805e8,2.3250564847718883e9,2.902573634970705e6,2.7849679297185583e9,10.237931731859442,0.08154570286313438
27,521,Pune,2018,2.3822383380178282e8,2.3925517134336433e9,2.9530340394188385e6,2.870638893999811e9,10.043292794223087,0.08298634645399551
27,521,Pune,2019,2.478397174503915e8,2.522232863697844e9,2.9949610893036867e6,2.935533866279745e9,10.176871123179453,0.08442747682024981
27,521,Pune,2020,2.547227453424249e8,2.6433781758360014e9,3.2925344327650378e6,3.036737866817184e9,10.37747207177159,0.08388038629405993
27,521,Pune,2021,2.6437478814829835e8,2.7900771195575967e9,3.274360142298815e6,3.1264172534062457e9,10.553491651376875,0.08456158174672969
27,521,Pune,2022,2.577351332112284e8,2.333501988754395e9,3.631025540441472e6,3.0987010438254743e9,9.053876201045355,0.08317521747533403
27,521,Pune,2023,2.8092491719567704e8,2.7148097891842227e9,3.8343358481799625e6,3.3765419539037256e9,9.663826962324006,0.08319900093967171
27,522,Ahmadnagar,2016,1.1501148866344051e8,8.491260468964825e8,1.927498614101582e6,2.5013905061032352e9,7.3829671867068,0.045979021821190943
27,522,Ahmadnagar,2017,1.1676879773729143e8,7.681400612632515e8,2.108078925377292e6,2.5877571718223343e9,6.578298964689412,0.04512355293949827
27,522,Ahmadnagar,2018,1.2068036517839018e8,8.043914037077963e8,2.1210058710906715e6,2.646173114733233e9,6.665470414501496,0.04560561986911285
27,522,Ahmadnagar,2019,1.261755114115266e8,8.694164936382852e8,2.121307098132104e6,2.707068972131828e9,6.890532750072616,0.046609640430462645
27,522,Ahmadnagar,2020,1.300463470039904e8,8.836725923987311e8,2.2663889341565175e6,2.792601757487396e9,6.795058936731349,0.04656816771504068
27,522,Ahmadnagar,2021,1.3639108920624158e8,9.709622329841009e8,2.2946801764626624e6,2.8404574835793695e9,7.118956514203623,0.04801729650759283
27,522,Ahmadnagar,2022,1.3239128517309695e8,7.646053765856792e8,2.5463393241653396e6,2.833991124907652e9,5.7753452244683965,0.046715490394279566
27,522,Ahmadnagar,2023,1.452783088905955e8,8.655605189347408e8,2.716910935630189e6,3.067199178810165e9,5.957947373868229,0.04736513686305569
27,523,Bid,2016,4.872246204977537e7,3.7949075596286535e8,970214.214193138,1.0701299069294273e9,7.78882552312676,0.04552948360220766
27,523,Bid,2017,5.02549215052732e7,3.689763540672521e8,1.0258350453669946e6,1.1583821232232463e9,7.3420939286222096,0.04338371639009483
27,523,Bid,2018,5.282298568668564e7,3.865405957299575e8,1.0665116579851487e6,1.1886673432412646e9,7.317658983206386,0.0444388297424304
27,523,Bid,2019,5.477898538895044e7,4.074858814171112e8,1.087666670535436e6,1.1916869549117033e9,7.438726338646387,0.045967596744406106
27,523,Bid,2020,5.682328830855039e7,4.275774343115613e8,1.1290231598325158e6,1.2749270830272403e9,7.524686568468483,0.04456983388699124
27,523,Bid,2021,5.917881920158936e7,4.4744387159842336e8,1.16920234700724e6,1.3403435387850258e9,7.560878666305096,0.0441519785705334
27,523,Bid,2022,5.599665001188801e7,3.2288365305386525e8,1.2985458853128694e6,1.2840053990801435e9,5.766124455397198,0.04361091476095334
27,523,Bid,2023,6.112736096010345e7,3.6746338251418763e8,1.3798632295737988e6,1.4265895508035305e9,6.011438687072117,0.042848597149525804
27,524,Latur,2016,4.379559662829936e7,3.5406480692328584e8,817880.976072101,8.328409488499542e8,8.084484153242476,0.0525857868645573
27,524,Latur,2017,4.5650662312447384e7,3.5154935301026857e8,854562.9952297603,9.891720033850875e8,7.7008598605679595,0.04615037845412559
27,524,Latur,2018,4.698754683212318e7,3.4981349503056777e8,921729.4843595586,1.0060765895698452e9,7.444812905010327,0.04670374732823574
27,524,Latur,2019,4.7932596536100365e7,3.6757392198565733e8,933704.9824560711,9.373378716511602e8,7.6685585290339855,0.051136946437110316
27,524,Latur,2020,4.981207296864728e7,3.8723406104215145e8,967218.6968802469,1.0433007776793964e9,7.773899738842115,0.04774469072997701
27,524,Latur,2021,5.231313414750314e7,4.196670021150019e8,973990.6060018315,1.1115674726626723e9,8.022211036557295,0.047062490972492335
27,524,Latur,2022,4.9245374385116465e7,3.096676623176615e8,1.0768224846346867e6,1.0221915378874197e9,6.288258870690057,0.048176268888796225
27,524,Latur,2023,5.212433785855044e7,3.3204457420027184e8,1.126666422239113e6,1.0959317539948146e9,6.370240617757862,0.047561664007407765
27,525,Osmanabad,2016,3.2654329734323293e7,2.4784857717260918e8,654004.6006601991,7.123201608360102e8,7.5900678160940185,0.04584220906509053
27,525,Osmanabad,2017,3.4249198507908165e7,2.4229308465979716e8,703268.0749728112,8.27406543680465e8,7.0744161970345525,0.041393434424099526
27,525,Osmanabad,2018,3.567561949723417e7,2.4789996264491284e8,743662.2434986937,8.783163862164637e8,6.948722016281506,0.04061818731506828
27,525,Osmanabad,2019,3.7139938857964456e7,2.6820629012070203e8,752882.9331269546,8.594163877408817e8,7.221505968181923,0.04321530213729451
27,525,Osmanabad,2020,3.875203248154123e7,2.767461337893631e8,789091.1667197006,9.572484359778032e8,7.141461132940205,0.04048273261680191
27,525,Osmanabad,2021,4.050047615727582e7,2.95476048768644e8,811360.9189370436,1.0035016204099109e9,7.295619133494123,0.04035915372088005
27,525,Osmanabad,2022,3.809388293055673e7,2.129432548260112e8,879295.5337202209,9.481637097782668e8,5.5899592912120895,0.04017648275050011
27,525,Osmanabad,2023,4.08671404522149e7,2.3234402255245736e8,919397.4042092536,1.0270980161768727e9,5.685350625990885,0.039788939135851
27,526,Solapur,2016,8.920025250133246e7,6.835855900721734e8,1.6345291589936495e6,2.0459140220991192e9,7.663493890468102,0.04359921850958942
27,526,Solapur,2017,9.280869129400286e7,6.689567016103609e8,1.7038775796419855e6,2.22084599815877e9,7.207910081300626,0.04178979153482388
27,526,Solapur,2018,9.551258572741136e7,6.926655685068097e8,1.7481250360864806e6,2.2653435369775496e9,7.252086866160719,0.042162517149538156
27,526,Solapur,2019,9.94492020438404e7,7.403276930847329e8,1.7635012522151608e6,2.2790185920247087e9,7.444279872234397,0.04363685421078047
27,526,Solapur,2020,1.0229281830716604e8,7.5559711878086e8,1.8374950419951295e6,2.388188593931388e9,7.386609649486284,0.042832805820738666
27,526,Solapur,2021,1.0637809638040604e8,8.060347759281923e8,1.8824054948354939e6,2.483352954957644e9,7.577074636171598,0.04283647886944062
27,526,Solapur,2022,1.0433182102992196e8,5.931342217430718e8,2.166983640605075e6,2.5224934600155225e9,5.685074945379926,0.041360591289414064
27,526,Solapur,2023,1.1279907337710002e8,6.88655025071996e8,2.2622209925862206e6,2.7066781624790673e9,6.1051478922149,0.041674357498708486
27,527,Satara,2016,7.657502223600106e7,6.23228350562173e8,1.241330143024764e6,1.1802711754285462e9,8.138794248618158,0.06487917677748703
27,527,Satara,2017,7.7984850696351e7,5.69404372995833e8,1.3602531324971612e6,1.236668344257828e9,7.30147416980919,0.06306044062537454
27,527,Satara,2018,8.167599784745225e7,6.33950858234449e8,1.3363866405276016e6,1.2664703920462894e9,7.761776714604584,0.06449104405471723
27,527,Satara,2019,8.340345186068666e7,6.444160303544031e8,1.3683766536196205e6,1.287338072169125e9,7.726491122103752,0.06478752836087137
27,527,Satara,2020,8.523946170446609e7,6.369029220963167e8,1.4798841369230975e6,1.3417152244203167e9,7.471925671052735,0.06353021874764334
27,527,Satara,2021,8.742823206789446e7,6.764513891279516e8,1.4689375662374925e6,1.376179544934942e9,7.737219123939705,0.06352966979466881
27,527,Satara,2022,8.41129337902534e7,5.20257350984832e8,1.5989332043277845e6,1.3943125404879482e9,6.185224168760558,0.0603257385613254
27,527,Satara,2023,9.115020936567725e7,5.894499285313649e8,1.6825834288205018e6,1.5010382727632012e9,6.4667973077999665,0.060724773658091
27,528,Ratnagiri,2016,5.120712097345646e7,4.6207153528478324e8,682042.6826901727,8.431608152090495e8,9.023579660420687,0.06073233011991953
27,528,Ratnagiri,2017,5.466033846214544e7,4.5242476691486365e8,721982.3667300069,8.617870922431028e8,8.277020956029876,0.06342673144462255
27,528,Ratnagiri,2018,5.358053925511442e7,4.628692206698557e8,712822.3058731279,8.747346747489735e8,8.638756292951522,0.061253475827388076
27,528,Ratnagiri,2019,5.6229981772443704e7,4.7396636014441556e8,781983.8394025035,9.128084351100606e8,8.429068358273762,0.06160107598662128
27,528,Ratnagiri,2020,5.8293164733279146e7,4.8581512965947723e8,808450.8822085084,9.043611437519114e8,8.333998194854034,0.06445783870306396
27,528,Ratnagiri,2021,5.72579368837879e7,5.023373672863855e8,756412.0745884207,9.017807505847158e8,8.773235548216514,0.06349429930353002
27,528,Ratnagiri,2022,4.994809477092086e7,3.508487508013048e8,787523.3264452234,8.68876321469401e8,7.024266939718479,0.05748585102014415
27,528,Ratnagiri,2023,5.552836119371424e7,3.910101043646655e8,830597.3513919235,9.064965429707224e8,7.041628745364945,0.06125600988144934
27,529,Sindhudurg,2016,3.047753236588735e7,2.732317099368342e8,399423.72318734025,6.249732932524664e8,8.965020745664265,0.04876613560121446
27,529,Sindhudurg,2017,3.3423436831235275e7,2.719338237932968e8,424214.6739154083,6.325823594604089e8,8.136022192043576,0.052836498412231064
27,529,Sindhudurg,2018,3.360886815547754e7,2.812930690223664e8,421521.0457316295,6.53708263031296e8,8.369608512880596,0.05141264086158343
27,529,Sindhudurg,2019,3.4405107843961164e7,2.8506446258317846e8,451840.37944836507,6.664124923623161e8,8.285527366344628,0.05162734528280083
27,529,Sindhudurg,2020,3.635147286927327e7,2.95320722668794e8,473805.69259060506,6.722175228533356e8,8.124037332154954,0.054076949251447036
27,529,Sindhudurg,2021,3.573618571421111e7,3.08242949723661e8,452501.92008163064,6.768835465843443e8,8.625513427446817,0.05279517561704853
27,529,Sindhudurg,2022,2.9099597640554674e7,1.9503376147479588e8,465912.85980307113,6.511581312388748e8,6.702283787009719,0.04468898758154277
27,529,Sindhudurg,2023,3.631005556990362e7,2.5771178363234532e8,519588.57286839513,6.924923757981273e8,7.0975320634308074,0.05243387052175804
27,530,Kolhapur,2016,8.870037157040879e7,7.805454905398811e8,1.1652829497620722e6,9.381361298757162e8,8.799799558001826,0.0945495741456624
27,530,Kolhapur,2017,9.2152051429818e7,7.508153227445719e8,1.313709409796859e6,9.714382720633615e8,8.147570358934274,0.0948614586020834
27,530,Kolhapur,2018,9.590625371971127e7,8.331683139986016e8,1.2671934821389941e6,9.877466144949106e8,8.687319978461044,0.09709600854339899
27,530,Kolhapur,2019,9.784283628338231e7,8.343164481240878e8,1.3380724447286124e6,1.0125395989018346e9,8.527108164645352,0.09663112078727515
27,530,Kolhapur,2020,1.0023234166344756e8,8.708098081707255e8,1.4433364462358255e6,1.0479133549392347e9,8.687912441421988,0.09564945535908331
27,530,Kolhapur,2021,1.0123471557737663e8,8.849828848890346e8,1.4530027059059115e6,1.0652041545366726e9,8.74189135457803,0.09503785274045451
27,530,Kolhapur,2022,9.996170875454293e7,6.93469774767059e8,1.643415455965806e6,1.1396763028130019e9,6.937354146975234,0.08771061441552554
27,530,Kolhapur,2023,1.044187410488275e8,7.44510488695136e8,1.683785527537759e6,1.150109573136163e9,7.130046591415938,0.09079025467468675
27,531,Sangli,2016,6.93654019522332e7,5.481098304446564e8,1.171732002359667e6,1.2954176938702085e9,7.901775453158895,0.05354674579516984
27,531,Sangli,2017,7.064500299884628e7,5.174844891520934e8,1.2424662438849264e6,1.3284231144981458e9,7.325139318920328,0.053179594835290625
27,531,Sangli,2018,7.383186005899608e7,5.648236358591853e8,1.2440794092124258e6,1.3622702484073532e9,7.650134175244364,0.05419766022587208
27,531,Sangli,2019,7.560039489106518e7,5.830881015497705e8,1.2506795798563592e6,1.3951949860193975e9,7.712765288990344,0.05418625758307743
27,531,Sangli,2020,7.735554536807498e7,5.90407326018343e8,1.3177403968086794e6,1.434524081723595e9,7.632385282904449,0.05392418736890881
27,531,Sangli,2021,7.946865824525893e7,6.144026810101485e8,1.3614290380616062e6,1.4841203405085366e9,7.7313835992292415,0.053545966641781115
27,531,Sangli,2022,7.898727825183135e7,4.681011588503601e8,1.501808427615482e6,1.5296289759818935e9,5.92628546280498,0.05163819428899622
27,531,Sangli,2023,8.379030856928955e7,5.2140511630799353e8,1.5639392944893637e6,1.5938803616147707e9,6.222737751070851,0.052570011267596674
28,532,Adilabad,2016,6.16361496189246e7,4.665473289997373e8,1.1400666054864048e6,6.473065651708447e8,7.5693782282676825,0.0952194106090317
28,532,Adilabad,2017,6.2256682086428486e7,4.3120828611745673e8,1.2244535596496044e6,6.855365847191023e8,6.926297253021408,0.09081452904798375
28,532,Adilabad,2018,6.511067749336189e7,4.785221074080207e8,1.2404074802963363e6,7.12482517853144e8,7.3493645870419115,0.09138564927817978
28,532,Adilabad,2019,6.874183336537997e7,5.2295239621525097e8,1.2555779518294467e6,7.443460906254214e8,7.607483981924495,0.09235197743514857
28,532,Adilabad,2020,6.963231789913657e7,5.326871833508866e8,1.2746132742389517e6,7.669202338857958e8,7.649999302371231,0.09079473304065376
28,532,Adilabad,2021,7.066646441565266e7,5.480706618618073e8,1.302401124424116e6,7.845199341543467e8,7.755739110394908,0.09007605968843325
28,532,Adilabad,2022,6.62377318415529e7,3.8169259052905047e8,1.4712233969235595e6,7.463427317050397e8,5.762464684661852,0.0887497513243427
28,532,Adilabad,2023,6.999039019246353e7,4.2785191882300365e8,1.503785214166646e6,7.853142895785617e8,6.1130094809654905,0.08912405023219917
28,533,Nizamabad,2016,5.624148731999938e7,4.452580156711496e8,841852.8260780773,5.403912003473958e8,7.91689617199751,0.1040755054557587
28,533,Nizamabad,2017,5.7799492507848e7,4.41358590577898e8,856972.6577891333,6.163168319431639e8,7.636028820114129,0.09378210931804994
28,533,Nizamabad,2018,6.0271331692214325e7,4.5990039226925004e8,883178.3032484417,6.483494863358263e8,7.63049993017922,0.09296117751683622
28,533,Nizamabad,2019,6.266708475006405e7,4.986248018219606e8,907930.4321068774,6.593367617405865e8,7.956725668836079,0.0950456403866044
28,533,Nizamabad,2020,6.385447499452862e7,5.0501977669699514e8,898247.6555665137,6.81426627714434e8,7.9089175306862645,0.09370704401250396
28,533,Nizamabad,2021,6.49775850330566e7,5.255825249111205e8,944218.2447073746,6.800083722629287e8,8.088674342755835,0.09555409563094715
28,533,Nizamabad,2022,6.283388184037939e7,3.763297402947235e8,1.1342542636565724e6,6.546788128195045e8,5.9892804530322685,0.09597665391029347
28,533,Nizamabad,2023,6.6350413667021796e7,4.4285649861052173e8,1.1220196620411933e6,6.771186320008042e8,6.674509986222363,0.09798934858868719
28,534,Karimnagar,2016,9.79043749050501e7,7.480207250325902e8,1.5921067159821491e6,1.135819776418616e9,7.640319707449619,0.08619710357021165
28,534,Karimnagar,2017,9.883656372635742e7,6.725167749769735e8,1.7420665099463018e6,1.1872366165296226e9,6.804331814276026,0.08324925490864976
28,534,Karimnagar,2018,1.0349208617276743e8,7.466013887362064e8,1.7487082251533202e6,1.29355155113166e9,7.214091592373994,0.08000615521061195
28,534,Karimnagar,2019,1.0942862488082567e8,8.259972128197659e8,1.7535503469564843e6,1.3337998858978548e9,7.548273714664023,0.08204276071531014
28,534,Karimnagar,2020,1.0912687958899751e8,8.282640783774891e8,1.7607829975274566e6,1.2759248999588385e9,7.589918098061306,0.08552766670868948
28,534,Karimnagar,2021,1.1136619764157754e8,8.550975639532381e8,1.791428143292365e6,1.3121616146434855e9,7.67825051103294,0.08487231785989696
28,534,Karimnagar,2022,1.0690755991121641e8,6.291700787067463e8,2.0775076462237404e6,1.2806239069825287e9,5.885178552660388,0.08348084033751756
28,534,Karimnagar,2023,1.1114531542434283e8,6.549199094885375e8,2.145712202756505e6,1.3055378053111675e9,5.892465255850975,0.08513373949967842
28,535,Medak,2016,7.44634141642687e7,5.969156378087503e8,1.049682240765185e6,8.002823613065755e8,8.016227089613901,0.09304642681702557
28,535,Medak,2017,7.83684639079732e7,6.143487617887769e8,1.0898328295166525e6,9.68227959705618e8,7.839234446526814,0.080940095896219
28,535,Medak,2018,8.200125183144067e7,6.446274721927043e8,1.128366509462123e6,9.821327096412036e8,7.86119062569656,0.08349304633321669
28,535,Medak,2019,8.733814255921556e7,7.082225197873589e8,1.1639838187298018e6,1.0219441474127567e9,8.108971624936741,0.08546273568895957
28,535,Medak,2020,8.926924574868163e7,7.270833607970405e8,1.1652733334819565e6,1.0717872569883271e9,8.144835936487997,0.08329007941326351
28,535,Medak,2021,9.22290738771148e7,7.650686305954478e8,1.2139458342933555e6,1.08997456358107e9,8.295308609677882,0.08461580385334837
28,535,Medak,2022,8.9131867428618e7,5.913798291126652e8,1.4175777363695912e6,1.0607760180612898e9,6.634886558236611,0.08402515320012459
28,535,Medak,2023,9.617245833055596e7,6.744256523880905e8,1.4690594548322537e6,1.1303963894020562e9,7.0126693660050865,0.08507852575628637
28,536,Hyderabad,2016,5.046825084228614e7,6.669314118667512e8,613101.7611642751,1.6352557951385573e8,13.214870750145858,0.3086260326508117
28,536,Hyderabad,2017,5.2066720395958275e7,6.337269195378506e8,677033.0196174675,1.635001895427581e8,12.17143915957196,0.3184505200976659
28,536,Hyderabad,2018,5.309200407449444e7,6.470712750830326e8,668550.9243437609,1.6378578003105852e8,12.187734977476348,0.32415514988191685
28,536,Hyderabad,2019,5.44141656920288e7,6.807562111137644e8,624940.9277953543,1.6455370190287226e8,12.510643183737892,0.3306772504221554
28,536,Hyderabad,2020,5.3057540825209625e7,6.801850058818431e8,682385.4486417903,1.6430758530688572e8,12.819761249821472,0.3229159550127362
28,536,Hyderabad,2021,5.2722451668251276e7,6.930397476914835e8,681186.6994294346,1.6453271609460017e8,13.145059187541962,0.3204374966856916
28,536,Hyderabad,2022,5.256141131413635e7,6.115126805740045e8,745759.1737509071,1.6432469842826286e8,11.634251540912082,0.31986312354063084
28,536,Hyderabad,2023,5.204734995896297e7,6.94105075596037e8,765601.9660795286,1.650171832525199e8,13.33603105908962,0.3154056379650886
28,537,Rangareddy,2016,1.6016488624791577e8,1.6646031952979488e9,1.798313235347107e6,1.2933709261230352e9,10.393059516936473,0.12383523010527274
28,537,Rangareddy,2017,1.6855971706253198e8,1.6996808304544468e9,1.9141859882712252e6,1.37801310608899e9,10.083552939424443,0.12232083738370965
28,537,Rangareddy,2018,1.78601525002947e8,1.8009154506357133e9,1.9907410710995495e6,1.4489534191891394e9,10.083427062596456,0.12326243386270876
28,537,Rangareddy,2019,1.9084295712624705e8,1.991444532107059e9,2.0445295729240847e6,1.519628449219815e9,10.434990958506644,0.1255852752850388
28,537,Rangareddy,2020,1.950525792670925e8,2.1066958597260034e9,2.1178688781580743e6,1.5603246482583413e9,10.80065625198029,0.12500768957589256
28,537,Rangareddy,2021,2.0121236568233892e8,2.219847550435806e9,2.2044077738283495e6,1.5999057422421188e9,11.032361469972265,0.12576513751388788
28,537,Rangareddy,2022,2.034498587977531e8,1.9189196243654084e9,2.642934122573665e6,1.6273053307242806e9,9.431904429449528,0.12502254798563323
28,537,Rangareddy,2023,2.143419606427877e8,2.2416202353425217e9,2.7238199006036357e6,1.7055499279421225e9,10.458149345187252,0.12567322546893
28,538,Mahbubnagar,2016,8.502638621508338e7,6.471279324009702e8,1.402149300315704e6,1.2544713431261258e9,7.610907169028572,0.06777865965690277
28,538,Mahbubnagar,2017,8.732045306087124e7,6.296469668753347e8,1.474475850629752e6,1.330794119076218e9,7.210761566209542,0.06561529827129495
28,538,Mahbubnagar,2018,9.174256160433038e7,6.683596210166087e8,1.5290049553613248e6,1.4321041743871896e9,7.285164152044575,0.06406137433653376
28,538,Mahbubnagar,2019,9.712502017628497e7,7.230315134358329e8,1.591513550152312e6,1.4902062334031026e9,7.444338360223843,0.06517555624129008
28,538,Mahbubnagar,2020,9.939370571148199e7,7.448218759819611e8,1.5741268195103935e6,1.5000044773761606e9,7.493652345994773,0.06626227268690794
28,538,Mahbubnagar,2021,1.0252936644308166e8,7.743408488938057e8,1.6527550517952621e6,1.5746660398470056e9,7.5523810958460835,0.0651118166319529
28,538,Mahbubnagar,2022,9.814872971086171e7,5.664262866275365e8,1.8755539316440686e6,1.5145714318842988e9,5.77110155471378,0.06480297174808952
28,538,Mahbubnagar,2023,1.0408820660285702e8,6.584113063985372e8,1.8683325065686745e6,1.5727917032411654e9,6.325513022917862,0.06618054150995008
28,539,Nalgonda,2016,8.756791384429684e7,6.611542952553871e8,1.444884011870314e6,1.3349405737416012e9,7.550188947414864,0.06559686293664709
28,539,Nalgonda,2017,8.792458420550802e7,6.333571358302265e8,1.517801982171977e6,1.39179775686157e9,7.203413488426255,0.0631733912287467
28,539,Nalgonda,2018,9.208686908523183e7,6.836183382951257e8,1.5405519072445994e6,1.427560006838178e9,7.423624508966601,0.06450647863776307
28,539,Nalgonda,2019,9.713642996877235e7,7.350616146929495e8,1.564161299424791e6,1.439298754922323e9,7.567311408595713,0.06748871951467413
28,539,Nalgonda,2020,9.91428768839601e7,7.581797106335626e8,1.5795523721823627e6,1.4465349523956757e9,7.647344261766376,0.06853818272400873
28,539,Nalgonda,2021,1.0139590575680752e8,7.818735002892647e8,1.6405462949399073e6,1.4983945869547791e9,7.711095378589991,0.06766969571271389
28,539,Nalgonda,2022,9.806881136998303e7,5.846070772025405e8,1.8712311022520242e6,1.441760941963277e9,5.961192646630542,0.06802016098205615
28,539,Nalgonda,2023,1.0162744188158962e8,6.271036044447242e8,1.9207395959462528e6,1.5064652568854089e9,6.170612905669601,0.06746086006105619
28,540,Warangal,2016,7.842242408222477e7,5.929915926535134e8,1.3646951747939968e6,9.865576845042664e8,7.561505520815964,0.07949096673615301
28,540,Warangal,2017,8.036233210267605e7,5.95879652173633e8,1.425394289544309e6,1.0721736469680529e9,7.414912392192639,0.07495272088614445
28,540,Warangal,2018,8.23225872241371e7,6.180404989068258e8,1.4537501484019936e6,1.0687267737179532e9,7.5075446453608965,0.07702865619970216
28,540,Warangal,2019,8.703685870462368e7,6.742669186240759e8,1.4476014466197658e6,1.083231688852129e9,7.746912384698192,0.0803492545503855
28,540,Warangal,2020,8.719139756778024e7,6.837385235899351e8,1.447282835860939e6,1.0650284824550781e9,7.841811722978923,0.08186766739494959
28,540,Warangal,2021,8.910099290595078e7,7.078213258206556e8,1.500009673349055e6,1.1068020843363779e9,7.944034098113652,0.08050309460645298
28,540,Warangal,2022,8.761035040050536e7,5.343459621151087e8,1.6897306541730892e6,1.0871858563767695e9,6.099119107187437,0.08058452001250425
28,540,Warangal,2023,9.034054003431253e7,5.383360276748981e8,1.8097535520910642e6,1.1375814656383696e9,5.958964020698028,0.07941456745132243
28,541,Khammam,2016,6.3745236517147355e7,5.2689162926040554e8,1.07500465636518e6,7.882291819506127e8,8.265584348701454,0.0808714495438985
28,541,Khammam,2017,6.4651153384673916e7,5.190336504599182e8,1.1222311100639917e6,8.076706361596774e8,8.028219502468449,0.08004643290249852
28,541,Khammam,2018,6.773609072750898e7,5.440195468486571e8,1.1795580747790828e6,8.392967439169004e8,8.03145769124996,0.08070577089503828
28,541,Khammam,2019,7.091126260541257e7,5.740329931329457e8,1.2344703699915018e6,8.488923877759458e8,8.095089158504567,0.08353386557181461
28,541,Khammam,2020,7.240077195795602e7,5.876427043665056e8,1.1963485256397768e6,8.56480366037075e8,8.11652539710152,0.0845329032969589
28,541,Khammam,2021,7.51847229437744e7,6.129171433993485e8,1.269765729750955e6,9.109416315394568e8,8.152150056570774,0.08253517057587441
28,541,Khammam,2022,7.124950027972902e7,4.369117825658575e8,1.4535613827215328e6,8.909609526081685e8,6.132138202380656,0.07996927370515586
28,541,Khammam,2023,7.450190322683215e7,4.7858133357259136e8,1.4652542689282647e6,9.276286529805453e8,6.423746412430286,0.08031436177337942
28,542,Srikakulam,2016,4.389723436458032e7,3.718831603904703e8,708780.19947689,4.841251250022555e8,8.471676308850437,0.09067332410061511
28,542,Srikakulam,2017,4.529435243993359e7,3.5975973073632133e8,759266.0222495032,5.1156349227894837e8,7.942706129056844,0.0885410181210414
28,542,Srikakulam,2018,4.7644967525004335e7,3.789790263376271e8,817585.6009298065,5.59356837843777e8,7.954229922367706,0.08517812655811517
28,542,Srikakulam,2019,5.1293518933635585e7,4.182090424762442e8,840053.1720202292,6.037077613467295e8,8.153253104302125,0.0849641535487499
28,542,Srikakulam,2020,5.1495945944069594e7,4.157978725887116e8,851954.4051496851,6.257074237781136e8,8.074380710285718,0.08230035954045341
28,542,Srikakulam,2021,5.2894095240467e7,4.5036070209397733e8,875029.896056375,6.198453813276043e8,8.514385207773168,0.0853343379395306
28,542,Srikakulam,2022,4.976684951919892e7,3.0120763043678015e8,1.0017462536147068e6,5.850959275723767e8,6.052374891052348,0.08505759000184243
28,542,Srikakulam,2023,5.331794517892367e7,3.591998660391665e8,1.0345917336015365e6,6.552493503531173e8,6.736941283722924,0.08137046629682325
28,543,Vizianagaram,2016,4.034520207814522e7,3.466178642728963e8,617538.4916000097,4.733483185768727e8,8.59130321373845,0.08523364400964505
28,543,Vizianagaram,2017,4.115621214250584e7,3.4175251207432115e8,667066.1148056497,4.9756046535206807e8,8.303789252786013,0.08271600138765883
28,543,Vizianagaram,2018,4.337298239506015e7,3.658827353697767e8,695615.4616701531,5.508268290537376e8,8.435729229711626,0.07874159374112252
28,543,Vizianagaram,2019,4.507835803047002e7,3.85054260578516e8,709715.3424795459,5.620628013834674e8,8.541887446704347,0.08020163924656402
28,543,Vizianagaram,2020,4.502548985458675e7,3.797392730090788e8,709055.9014765306,5.824216645581188e8,8.433873217936679,0.07730737469861707
28,543,Vizianagaram,2021,4.666276281916476e7,4.0740460343827236e8,735143.0390462825,5.836813981497165e8,8.730829012785074,0.07994560554283003
28,543,Vizianagaram,2022,4.4430729194325246e7,2.861565412879744e8,873474.9347738012,5.544045008510532e8,6.440509676004209,0.08014135730521792
28,543,Vizianagaram,2023,4.6871388958733685e7,3.260753969353303e8,887954.2394803893,5.944904901532627e8,6.956811056365584,0.07884295835691164
28,544,Visakhapatnam,2016,8.463826568343356e7,8.75549739763676e8,1.1444165184371271e6,9.740161012045268e8,10.344608702621956,0.08689616688960768
28,544,Visakhapatnam,2017,8.645327534632385e7,8.520198863396193e8,1.2611447998967234e6,9.927207064499158e8,9.855264394859606,0.08708720870292992
28,544,Visakhapatnam,2018,9.076931708174832e7,8.807770920723553e8,1.3230501581112014e6,1.0784999970438955e9,9.703467211052311,0.0841625566347164
28,544,Visakhapatnam,2019,9.48108095929971e7,9.250362798117157e8,1.3405940810981866e6,1.0866998908127642e9,9.75665415982315,0.08724654377400023
28,544,Visakhapatnam,2020,9.46960521759564e7,9.412469666217228e8,1.34645119842055e6,1.1003272813566253e9,9.939664273150218,0.08606171434666501
28,544,Visakhapatnam,2021,9.854279953067023e7,9.943256046867446e8,1.3829446063350087e6,1.1483236106571882e9,10.0902918267232,0.08581448523406565
28,544,Visakhapatnam,2022,9.58328513080154e7,8.044811115432333e8,1.6216692356285818e6,1.1354060971239011e9,8.394627735300901,0.08440403090204443
28,544,Visakhapatnam,2023,1.0051779776889049e8,8.986357763032928e8,1.6592806333084677e6,1.168209665492601e9,8.940066299198348,0.08604431271034295
28,545,East Godavari,2016,1.0046476511900783e8,9.430452432423894e8,1.406168100063711e6,1.115259863642222e9,9.386825740599539,0.09008193372162558
28,545,East Godavari,2017,1.0382173130901925e8,9.122865831199563e8,1.4521984606051918e6,1.1036165166604974e9,8.78704844946757,0.09407410068778234
28,545,East Godavari,2018,1.078043983144143e8,9.456224406039215e8,1.5620349520200659e6,1.2168400185373852e9,8.771649908438702,0.08859373185638059
28,545,East Godavari,2019,1.118251296820536e8,9.999746554704134e8,1.594290351626063e6,1.2265717405896525e9,8.942307138955151,0.09116884563824669
28,545,East Godavari,2020,1.1365721175260265e8,1.0251868144845114e9,1.6117713477661132e6,1.2430346343810434e9,9.019989129383472,0.09143527349034576
28,545,East Godavari,2021,1.1764659088007982e8,1.080533804299603e9,1.6549594840418012e6,1.288551911502294e9,9.184573868366646,0.0913013979723318
28,545,East Godavari,2022,1.102429427535259e8,7.955833429116043e8,1.9393242806764538e6,1.2713239629275734e9,7.2166373922938405,0.08671506710190624
28,545,East Godavari,2023,1.1714398168275231e8,8.944067646196492e8,2.0452274731849574e6,1.3326699050740237e9,7.6351064030064215,0.08790172362768671
28,546,West Godavari,2016,7.959466143609203e7,7.12587493522302e8,1.2170781747543241e6,9.511680706672257e8,8.95270462447348,0.08368096437494789
28,546,West Godavari,2017,8.185801895294061e7,6.855118237975371e8,1.2600660484218965e6,9.382492056225258e8,8.37440036499822,0.08724549774452305
28,546,West Godavari,2018,8.710971131807211e7,7.349757251926777e8,1.3256063721049605e6,1.0532092387508883e9,8.437356915453316,0.08270883706013127
28,546,West Godavari,2019,9.00132921110286e7,7.514798228111913e8,1.3910255321532506e6,1.0810481243076901e9,8.348542811702346,0.08326483353243286
28,546,West Godavari,2020,9.179968228126143e7,7.694800476817473e8,1.3955097062913445e6,1.0842926343285272e9,8.38216460623652,0.08466319826852874
28,546,West Godavari,2021,9.459457273655593e7,8.006693317663655e8,1.4599534595299577e6,1.1454614482509458e9,8.464220605934912,0.08258206583992542
28,546,West Godavari,2022,9.04189539668305e7,5.806720578091381e8,1.6782515596143564e6,1.1432184657592103e9,6.42201698133063,0.07909157932187823
28,546,West Godavari,2023,9.622909829345168e7,6.443131126634479e8,1.7534318699109477e6,1.1854672484472961e9,6.6956162334453975,0.08117398301765893
28,547,Krishna,2016,8.769664615593775e7,8.24353971177677e8,1.3869757055003112e6,9.038037823732653e8,9.400062685542757,0.09703062530415434
28,547,Krishna,2017,9.115048684861737e7,8.2580408380114e8,1.4000285073457093e6,9.10858321186669e8,9.059787965506256,0.1000709822026616
28,547,Krishna,2018,9.617968676068631e7,8.62980857686872e8,1.4769682523367014e6,1.0164698699216299e9,8.972589605476005,0.09462128648053462
28,547,Krishna,2019,9.760260185706453e7,8.657239488861253e8,1.5456876858427045e6,1.0199439126407664e9,8.869885970396021,0.09569408733893886
28,547,Krishna,2020,9.87452440187832e7,8.860650306943545e8,1.5191287011091711e6,1.0118754022880172e9,8.973242605241913,0.0975863666569065
28,547,Krishna,2021,1.0064231184148683e8,9.139398851449037e8,1.584344151090429e6,1.0530352716862442e9,9.08107006310003,0.09557354302133346
28,547,Krishna,2022,9.692230855875246e7,6.992617065990613e8,1.837902187691479e6,1.0407983139240313e9,7.214662104082901,0.09312304532213808
28,547,Krishna,2023,1.019170407794426e8,7.65167322639942e8,1.891693740948259e6,1.0889872926277955e9,7.50774666128534,0.09358882465332566
28,548,Guntur,2016,1.0030187829856414e8,8.927034480456172e8,1.5567464855164362e6,9.54861013374111e8,8.900166808325828,0.105043432388276
28,548,Guntur,2017,1.0236009964739697e8,8.706826979483669e8,1.600766069442382e6,9.209649314410002e8,8.506075130325534,0.11114440534368432
28,548,Guntur,2018,1.0982624817057846e8,9.355638522811992e8,1.7054233216554066e6,1.0234424286341453e9,8.518581558282067,0.10731062646791886
28,548,Guntur,2019,1.1229587339595714e8,9.621764470069791e8,1.7303337013913223e6,1.0273524219235755e9,8.568226221584553,0.10930608718057883
28,548,Guntur,2020,1.113856251647094e8,9.579979592301435e8,1.6924250087455374e6,9.910217773681754e8,8.600732435747629,0.11239473007395723
28,548,Guntur,2021,1.15163682134315e8,1.016653285952893e9,1.7547986668854833e6,1.0171668589771329e9,8.82789840608929,0.11322004951097607
28,548,Guntur,2022,1.107569461833712e8,7.485837267410266e8,2.083051996478087e6,1.0165448124628141e9,6.758797100650084,0.10895431743440505
28,548,Guntur,2023,1.1387063606830259e8,8.039598702625501e8,2.111399134783539e6,1.0488016667869945e9,7.0602913799507885,0.10857213491769656
28,549,Prakasam,2016,7.569208909282939e7,6.2081193595434e8,1.2165753730977857e6,9.042044623626835e8,8.201807393543746,0.08371125364173297
28,549,Prakasam,2017,7.7295708700027e7,6.04680831963861e8,1.2278644244834383e6,8.973973301899049e8,7.822954755619567,0.08613320554861678
28,549,Prakasam,2018,8.063859581817278e7,6.265890216166909e8,1.3261967749702567e6,9.7462166300252e8,7.77033646554994,0.08273835774360813
28,549,Prakasam,2019,8.568542207377371e7,6.751255903116244e8,1.3174150253297046e6,1.0053037139565523e9,7.879118454132753,0.08523336866681158
28,549,Prakasam,2020,8.44571735479649e7,6.724873816194077e8,1.294862208801951e6,9.618190247730011e8,7.962466104048447,0.087809838828981
28,549,Prakasam,2021,8.593640097126137e7,6.885366527508067e8,1.337669584426211e6,9.854727161284965e8,8.012165333536197,0.08720322700446641
28,549,Prakasam,2022,8.342325408432399e7,5.1988001112590784e8,1.5808009165139168e6,9.67422201907931e8,6.231835677380968,0.08623251970008368
28,549,Prakasam,2023,8.484742891669254e7,5.245302847374096e8,1.6295641098425088e6,9.774733501199985e8,6.182041005065925,0.08680280532075513
28,550,Sri Potti Sriramulu Nellore,2016,6.159178667834079e7,5.451346849966152e8,1.0755388937949322e6,7.653036183588772e8,8.850769143027893,0.08048019792513027
28,550,Sri Potti Sriramulu Nellore,2017,6.5201029018693335e7,5.394591581032151e8,1.127879268897067e6,7.807125894832835e8,8.273782886901225,0.08351476573708999
28,550,Sri Potti Sriramulu Nellore,2018,6.80985990918516e7,5.615553388754762e8,1.1818518724191592e6,8.589703290566252e8,8.246209854009605,0.07927933804959449
28,550,Sri Potti Sriramulu Nellore,2019,7.23071499645322e7,6.000103882123104e8,1.1893715600517914e6,9.017133193111329e8,8.298078246848688,0.08018862360796833
28,550,Sri Potti Sriramulu Nellore,2020,7.190813548408066e7,6.085153097426302e8,1.15851099959269e6,8.951385277036382e8,8.462398665271277,0.08033185172863876
28,550,Sri Potti Sriramulu Nellore,2021,7.325311601213837e7,6.210416776303099e8,1.2016358782798524e6,8.867955664801472e8,8.478024027365615,0.08260428759572322
28,550,Sri Potti Sriramulu Nellore,2022,6.97038548952845e7,4.769439078795603e8,1.3502267988543275e6,8.897104956845818e8,6.842432295833121,0.07834442240860758
28,550,Sri Potti Sriramulu Nellore,2023,7.269818370575581e7,5.193382423295008e8,1.3815146212207603e6,8.988771653095781e8,7.143758149880472,0.08087666091808904
28,551,Y.S.R.,2016,5.755766576090521e7,4.795294368107832e8,941343.7652905452,7.659011979887179e8,8.331287074822502,0.07515024902957923
28,551,Y.S.R.,2017,5.87479504260071e7,4.843919079545553e8,968022.0142998094,7.194982190246743e8,8.24525629306244,0.0816512798400581
28,551,Y.S.R.,2018,6.252319879323511e7,5.070508032276532e8,1.0474032222287959e6,8.376286672972733e8,8.109802649484964,0.07464309811049687
28,551,Y.S.R.,2019,6.684786676534286e7,5.438573911559747e8,1.0676003127602334e6,8.620285892894071e8,8.135747892525666,0.07754715747936773
28,551,Y.S.R.,2020,6.71243050059964e7,5.526316902389389e8,1.0438686419880947e6,8.741948665639781e8,8.23295958430513,0.07678414455787004
28,551,Y.S.R.,2021,6.826597432909599e7,5.657533972621546e8,1.095382656707462e6,8.722486116532859e8,8.287487329116196,0.07826435424150764
28,551,Y.S.R.,2022,6.6097748533631414e7,4.384948045273423e8,1.2528611326604127e6,8.694792755109298e8,6.634035413539545,0.07601992410318299
28,551,Y.S.R.,2023,6.854188355159351e7,4.431828799859289e8,1.3187989811543708e6,8.95520271082943e8,6.465869582535356,0.07653861756664264
28,552,Kurnool,2016,6.795267102694452e7,5.663522419520779e8,1.1559369173047084e6,8.781261406264206e8,8.334510378959328,0.07738372414066817
28,552,Kurnool,2017,7.085015139509548e7,5.582558686696267e8,1.2397892843496168e6,8.726706405972385e8,7.879388507676094,0.08118773349199308
28,552,Kurnool,2018,7.525616536964697e7,5.869461484803137e8,1.3272564921542793e6,9.495193554273474e8,7.799309805347143,0.0792571156548743
28,552,Kurnool,2019,7.846556184762122e7,6.326396326880474e8,1.3396038039646812e6,9.455730936540822e8,8.06264070238384,0.08298201627586305
28,552,Kurnool,2020,7.77689939479852e7,6.297736894534948e8,1.3272618615769802e6,9.071858480845779e8,8.098004840781543,0.08572553695826031
28,552,Kurnool,2021,8.027125141636454e7,6.624747142235389e8,1.3944639235875166e6,9.507827793113626e8,8.25295111929055,0.08442648853453548
28,552,Kurnool,2022,7.469862014580645e7,4.706329750871665e8,1.5861898642860604e6,9.193374009178615e8,6.300423945830914,0.08125267183868268
28,552,Kurnool,2023,7.966384069850232e7,5.3292403244043624e8,1.5905080045571972e6,9.575261875711856e8,6.689660299675399,0.08319755817913842
28,553,Anantapur,2016,7.763814081567113e7,6.088920958531277e8,1.408040791726228e6,1.2357492294342484e9,7.8426929014021916,0.06282677663591624
28,553,Anantapur,2017,7.99310981517649e7,6.164589870309002e8,1.4440218096608506e6,1.1497884135790787e9,7.712379803170371,0.06951809324896063
28,553,Anantapur,2018,8.377417587644494e7,6.396270065752656e8,1.5396257383849267e6,1.3337203729827893e9,7.6351333795109495,0.06281239874074113
28,553,Anantapur,2019,8.896475570282981e7,6.921299939227958e8,1.5731590177988915e6,1.304428351975532e9,7.779822340374059,0.06820210214542974
28,553,Anantapur,2020,9.10368831070797e7,7.118794232718806e8,1.5719509660964282e6,1.349988174764595e9,7.819681418953585,0.06743531892266709
28,553,Anantapur,2021,9.343732322541717e7,7.480971948685913e8,1.6349506172716925e6,1.3716706495240736e9,8.00640653054465,0.06811935741122475
28,553,Anantapur,2022,8.733762079507746e7,5.252562200012052e8,1.8210561207129445e6,1.3333818344700975e9,6.01408894837687,0.06550083294766537
28,553,Anantapur,2023,9.070900451235966e7,5.645190498323991e8,1.872070007341288e6,1.3725684063171723e9,6.223406957966118,0.06608705554847127
28,554,Chittoor,2016,9.002440433583748e7,7.348310614483122e8,1.4827077818055481e6,1.5301414097514474e9,8.162576213301152,0.058834042240880756
28,554,Chittoor,2017,9.377659170117575e7,7.542808860575149e8,1.5007037664165567e6,1.4160214709933631e9,8.043381321226434,0.06622540238418127
28,554,Chittoor,2018,9.802973806737103e7,7.73831068244836e8,1.5910555762129813e6,1.6683913169987524e9,7.893840007131508,0.05875704162960729
28,554,Chittoor,2019,1.042519308254127e8,8.319920001939992e8,1.6154779230844607e6,1.650965470376283e9,7.980590801596844,0.06314603951205104
28,554,Chittoor,2020,1.0720996232132281e8,8.709159734349071e8,1.6125880813567797e6,1.7253223583544958e9,8.123461239774095,0.06213909058917717
28,554,Chittoor,2021,1.113626025085489e8,9.108878916047556e8,1.681679123211184e6,1.8296509797721443e9,8.179477410604068,0.06086548950577309
28,554,Chittoor,2022,1.096213103582929e8,7.489320812928182e8,1.9058456402960864e6,1.754038887166346e9,6.83199351335031,0.06249651085865398
28,554,Chittoor,2023,1.1310751456858966e8,7.31334319803912e8,2.0513115575700684e6,1.7823334390089698e9,6.465833172918169,0.06346035601031016
29,555,Belgaum,2016,1.047412551749439e8,8.470917584541426e8,1.56427346023537e6,1.7361409369268231e9,8.08746999488682,0.06032992653254777
29,555,Belgaum,2017,1.0861865329696694e8,7.967744180269318e8,1.7161504298335183e6,1.843354132886015e9,7.335521053170532,0.05892446348706207
29,555,Belgaum,2018,1.1493745119055478e8,9.028293582750462e8,1.6908198382047242e6,1.9152904065759764e9,7.854962407146523,0.060010456271240874
29,555,Belgaum,2019,1.1744227890355536e8,9.249994989180899e8,1.7454915884121924e6,1.889811144190319e9,7.8762052946682655,0.0621449816636958
29,555,Belgaum,2020,1.2095292749569058e8,9.442274564584898e8,1.8246117733597097e6,1.9566216933107727e9,7.806569679697348,0.06181722706499681
29,555,Belgaum,2021,1.2323195662724426e8,9.736380881307448e8,1.9024016277897134e6,2.0211167771800745e9,7.900857170318529,0.06097221002696408
29,555,Belgaum,2022,1.2066363888332334e8,7.480901542331386e8,2.122034450905576e6,2.080279562289863e9,6.199797728266013,0.05800356888114745
29,555,Belgaum,2023,1.2701903731627505e8,8.038472406715024e8,2.20366695972924e6,2.1230529463893533e9,6.328557180526708,0.05982848309661545
29,556,Bagalkot,2016,3.709651285019278e7,3.0203210398890996e8,658990.2408278218,6.720139199382392e8,8.141792335269066,0.05520200065737046
29,556,Bagalkot,2017,3.8419582344216794e7,2.956352431368636e8,684829.6258850108,7.356003539410385e8,7.694910384192785,0.05222887963332368
29,556,Bagalkot,2018,3.999657826889162e7,3.110489569983758e8,714091.4627211792,7.816402478270718e8,7.7768891855507105,0.05117005985820265
29,556,Bagalkot,2019,4.160519022183945e7,3.2891798325883865e8,712597.697203808,7.634689461149701e8,7.90569593613305,0.054494934513779375
29,556,Bagalkot,2020,4.1979527611158654e7,3.2572826912307584e8,736043.6260359084,7.729116816797143e8,7.759217115070476,0.05431348575289678
29,556,Bagalkot,2021,4.3388798129919864e7,3.467234003426413e8,765721.7488798881,8.031946654643574e8,7.991080999857179,0.05402027677167795
29,556,Bagalkot,2022,4.1382601253829286e7,2.560551887463442e8,849223.6543105444,7.904632384979475e8,6.187508300306532,0.05235234130870558
29,556,Bagalkot,2023,4.3179900698434316e7,2.6061385521472344e8,885848.4042925054,8.147700017446728e8,6.03553623327747,0.052996429183662735
29,557,Bijapur,2016,4.2820003267342925e7,3.333904621300069e8,797910.2816256894,1.0002783325651234e9,7.785857932997176,0.04280808838229545
29,557,Bijapur,2017,4.4027237088477924e7,3.21607211856207e8,833904.5038779018,1.0641257572929841e9,7.304733004478555,0.04137409210024034
29,557,Bijapur,2018,4.542557111816337e7,3.251020725987367e8,878763.3935508471,1.1182322163592067e9,7.1568075996901435,0.04062266356988184
29,557,Bijapur,2019,4.892584770967641e7,3.664386334717207e8,906194.15457561,1.1619629992502296e9,7.489673672005638,0.042106201093534294
29,557,Bijapur,2020,4.8957928286106475e7,3.611191387510912e8,928371.8225561337,1.1847395400893993e9,7.3761115184600525,0.041323790275803705
29,557,Bijapur,2021,5.115649090069753e7,3.87400600463708e8,954770.5787031734,1.2226314802450597e9,7.572853290811347,0.041841300283257804
29,557,Bijapur,2022,4.835539898684894e7,2.784796169069137e8,1.066182377709811e6,1.2399598198204048e9,5.7590180774364175,0.03899755315769241
29,557,Bijapur,2023,5.1370219713103406e7,2.9544484686844295e8,1.1250918021213494e6,1.3163598787267458e9,5.751286416886426,0.039024449577414536
29,558,Bidar,2016,3.099715097081998e7,2.614189342355053e8,593824.4159600696,3.9743773898235667e8,8.433643933327911,0.07799247009151294
29,558,Bidar,2017,3.2083567979975272e7,2.5347953974058494e8,598224.313059762,4.353893098325252e8,7.900603196589368,0.07368937926454001
29,558,Bidar,2018,3.377164274960008e7,2.6057921328223133e8,647306.8675044179,4.645878123264055e8,7.715917618053005,0.07269162438956349
29,558,Bidar,2019,3.5305633599960685e7,2.7908969982221496e8,663416.3447705655,4.5178905586456037e8,7.904962221738056,0.07814627898057094
29,558,Bidar,2020,3.5802872235850066e7,2.8245617415207416e8,666283.2663470638,4.9133382676164985e8,7.88920431554778,0.07286873055703193
29,558,Bidar,2021,3.731240590924074e7,3.0181063532491195e8,670512.2576651679,4.958504909885302e8,8.088747642246409,0.07524930717494002
29,558,Bidar,2022,3.5646041177526556e7,2.357433643363098e8,734474.621781289,4.8329859022801757e8,6.6134514955600965,0.0737557317531362
29,558,Bidar,2023,3.7242537162492566e7,2.385694938411933e8,778996.5061901499,4.97174868390847e8,6.4058335445915775,0.07490832608460585
29,559,Raichur,2016,3.5419339248311624e7,2.8260337479037756e8,625545.6526805402,5.754675014079349e8,7.978787317548527,0.06154880885828463
29,559,Raichur,2017,3.5963631783473946e7,2.746676692458533e8,652909.8118451507,5.833345755952206e8,7.637372968879882,0.061651808907053934
29,559,Raichur,2018,3.714523306877054e7,2.810589895972915e8,697579.7194618927,6.339540358253024e8,7.566488789475085,0.0585929436042057
29,559,Raichur,2019,3.933316360097321e7,3.0069663196514475e8,707245.5182646153,6.635214461633196e8,7.644862615569135,0.05927941565176135
29,559,Raichur,2020,3.9528162427420914e7,3.0742224272140396e8,699578.4066869298,6.630362608923367e8,7.777296586601339,0.05961689391500635
29,559,Raichur,2021,4.02688823134647e7,3.2503594123372394e8,717434.4117090974,6.57983650391682e8,8.071640496588646,0.06120042996432144
29,559,Raichur,2022,3.85942108818811e7,2.423973247064463e8,814780.9278121408,6.499200788352176e8,6.280665394307752,0.05938301052500084
29,559,Raichur,2023,3.926220785862675e7,2.4825025090386808e8,832088.1456816307,6.675483673749654e8,6.3228805623401065,0.05881552525252895
29,560,Koppal,2016,2.5698126586485714e7,2.0166330522120056e8,444414.62467674725,4.407384736533855e8,7.847393254232489,0.058306973687746975
29,560,Koppal,2017,2.6555265862388074e7,1.9811232746257636e8,460529.4465279949,4.7108324778939575e8,7.460378234931383,0.056370643590068756
29,560,Koppal,2018,2.8284385375183772e7,2.050791984743409e8,483720.80360504903,5.3247042270750993e8,7.25061533966631,0.05311916712925217
29,560,Koppal,2019,2.928046954539065e7,2.1987432613572884e8,497487.9862033962,5.2662663892894834e8,7.509248640800625,0.05560005396791393
29,560,Koppal,2020,2.9544483094412047e7,2.168357452684933e8,507786.09968394594,5.3275725855574834e8,7.3392973089282085,0.055455805847684156
29,560,Koppal,2021,3.042587440427011e7,2.3306492259561005e8,516572.6227578025,5.490101593531442e8,7.660089550718077,0.055419510706538735
29,560,Koppal,2022,2.7353463660277165e7,1.5807429095846683e8,566124.2144533559,5.2073453062531775e8,5.778949712610732,0.05252861496899407
29,560,Koppal,2023,2.910262240041809e7,1.6737158231011343e8,596129.2835768705,5.537725525238816e8,5.751082497215404,0.05255338544277713
29,561,Gadag,2016,1.9725504237692993e7,1.5386099438430288e8,337641.4937751523,2.625623519429228e8,7.800104500765745,0.07512693305695642
29,561,Gadag,2017,2.0270852532606777e7,1.565132812715206e8,343625.97214957513,2.561953631865234e8,7.721100087909989,0.0791226362588325
29,561,Gadag,2018,2.115863783882423e7,1.5895238151769525e8,369282.7990043483,2.9445446439076287e8,7.512410899440401,0.07185707943875884
29,561,Gadag,2019,2.1874341006201867e7,1.6876979231789616e8,370034.55281707813,2.8396737256253445e8,7.715422936400513,0.07703117723985971
29,561,Gadag,2020,2.163302485576863e7,1.6324658353655457e8,374664.7198451078,2.790302832046454e8,7.546174639235599,0.0775293083149065
29,561,Gadag,2021,2.1872023734848373e7,1.6764627090635726e8,389058.79290922295,2.8935838531971514e8,7.664872393094972,0.07558800727575854
29,561,Gadag,2022,1.9610309886289798e7,1.1056367910096385e8,415832.76720466773,2.82621126923292e8,5.638038345241168,0.06938727511199953
29,561,Gadag,2023,2.147606630791741e7,1.2307308004734696e8,443301.4837377084,3.046363688205653e8,5.730708700688571,0.07049738148818038
29,562,Dharwad,2016,3.4980598612541445e7,3.167254830238023e8,480490.9373145502,3.384137081364316e8,9.054318553320813,0.10336637604065084
29,562,Dharwad,2017,3.747568869189212e7,3.2890443738548154e8,490911.5907052179,3.623184583856695e8,8.776474799157999,0.103433009896507
29,562,Dharwad,2018,3.861265325904729e7,3.3952686488690025e8,523405.0672629851,3.883068197167394e8,8.793150333624018,0.09943851433568512
29,562,Dharwad,2019,3.963213274459124e7,3.4960432646310925e8,541637.591581695,3.711621313263902e8,8.821234242328812,0.10677849219951749
29,562,Dharwad,2020,4.031270275516689e7,3.5636796069072336e8,547188.8463843443,3.688238251193972e8,8.84009099700088,0.10930070133651666
29,562,Dharwad,2021,4.091283645812753e7,3.614270736532584e8,571970.8015499571,3.8336253988708645e8,8.834075193568232,0.10672100740509956
29,562,Dharwad,2022,3.84464129195749e7,2.5212997782110327e8,669431.4183978566,3.9063317600101095e8,6.557958432910964,0.09842075707229589
29,562,Dharwad,2023,4.145168932922722e7,2.788751696122959e8,689565.939204683,4.032376482145144e8,6.727715423063917,0.10279717063317398
29,563,Uttara Kannada,2016,3.84444027234262e7,3.3851321325127965e8,470367.6853631367,7.906531320351334e8,8.805266547814142,0.0486236013818989
29,563,Uttara Kannada,2017,4.168560093443481e7,3.4818233048488784e8,521340.1618344879,8.254924616265701e8,8.352580331815927,0.050497857790604776
29,563,Uttara Kannada,2018,4.298463403470767e7,3.7377553587674963e8,538156.5037399592,8.611048617576708e8,8.695561664546148,0.04991800179477359
29,563,Uttara Kannada,2019,4.4911039031289436e7,3.880291141541007e8,565876.6769334889,8.666325877365575e8,8.639949609799977,0.051822467406385686
29,563,Uttara Kannada,2020,4.733078080713398e7,4.0626601886333615e8,582669.7389673889,8.845768747467486e8,8.58354778719605,0.05350669021353811
29,563,Uttara Kannada,2021,4.760057548214394e7,4.23279792236062e8,613616.7064741651,9.086401749633539e8,8.892325102137555,0.05238660670497395
29,563,Uttara Kannada,2022,4.202680493267952e7,3.1316692202485305e8,689936.2066354647,9.086570822808553e8,7.451599580945977,0.04625155710797566
29,563,Uttara Kannada,2023,4.572451774841999e7,3.358782386315734e8,728207.5058571905,9.228742776949332e8,7.3456923149983275,0.049545771134315617
29,564,Haveri,2016,3.2960058781541016e7,2.5724507822284794e8,488105.49202416826,3.757546013299901e8,7.8047518036259005,0.08771697981841953
29,564,Haveri,2017,3.391694595927285e7,2.6198910815950713e8,507311.27515912085,3.923034664544807e8,7.724430981318342,0.08645589157241938
29,564,Haveri,2018,3.536102266352094e7,2.65396724127406e8,550891.939330272,4.286488636866231e8,7.505346399418306,0.08249414767928255
29,564,Haveri,2019,3.6467626736406945e7,2.7954943856357974e8,567848.7840325071,4.311091391115081e8,7.665687723092095,0.08459024276674972
29,564,Haveri,2020,3.701102152892328e7,2.785785091900731e8,581594.1252480695,4.2925645655007666e8,7.52690678835682,0.08622123433245461
29,564,Haveri,2021,3.6966367821974844e7,2.750488275346951e8,619238.0161504241,4.390543560377644e8,7.440515358698318,0.08419542435605686
29,564,Haveri,2022,3.430101734931484e7,1.9797144114653924e8,660549.2117977908,4.29373726825134e8,5.771590945260804,0.07988615792340786
29,564,Haveri,2023,3.685904104075493e7,2.138612955287384e8,698483.089904032,4.66638356052608e8,5.802139434183125,0.0789884512549575
29,565,Bellary,2016,4.405729599076576e7,4.111365731465432e8,701709.6996136215,5.452234587511221e8,9.33186124796937,0.08080594347807872
29,565,Bellary,2017,4.50588736264905e7,4.007621106867781e8,724399.2215515665,5.539035518632544e8,8.894188390256755,0.08134786909186396
29,565,Bellary,2018,4.6407768907591276e7,3.9311751927792174e8,769639.2488207748,6.07808145796741e8,8.470942011039373,0.07635266033948587
29,565,Bellary,2019,4.856462879678788e7,4.3175757538781434e8,766872.4926506332,5.912084834089191e8,8.89037116281575,0.08214467511826509
29,565,Bellary,2020,4.941118257107472e7,4.30543829966819e8,787807.0460983223,6.110978081568892e8,8.713489691276063,0.08085642250968313
29,565,Bellary,2021,5.008883159749099e7,4.5120655787564814e8,794075.5627084736,6.059655118743795e8,9.00812703122126,0.08265954186494151
29,565,Bellary,2022,4.703116467035188e7,3.582210245379529e8,864573.0899113943,6.055741540860523e8,7.616673477018377,0.07766375819214492
29,565,Bellary,2023,4.9420098432104856e7,3.980260003642696e8,892293.2649893749,6.283941620097159e8,8.053929736928637,0.07864506295547148
29,566,Chitradurga,2016,3.775869675112467e7,2.7062432169485307e8,600623.3726314885,6.852020494146943e8,7.167205040962975,0.05510593084678963
29,566,Chitradurga,2017,3.914797807895114e7,2.7426561564770734e8,608974.1647841247,7.054932839676164e8,7.00586924552236,0.055490220769767264
29,566,Chitradurga,2018,4.0960113614011735e7,2.8373640217215043e8,647743.9317972959,7.620212592685087e8,6.927139041799171,0.05375193029828434
29,566,Chitradurga,2019,4.227576207956177e7,2.984168638940698e8,652728.5898761236,7.806306343378178e8,7.058816901572533,0.0541559096196921
29,566,Chitradurga,2020,4.278334201336992e7,3.0349866766163903e8,663219.6700824543,7.432836373736942e8,7.093851330426567,0.057559913688588454
29,566,Chitradurga,2021,4.374690342528642e7,3.178721618688093e8,679622.4617756628,7.509386517006474e8,7.266163704859485,0.05825629474020681
29,566,Chitradurga,2022,3.945705914796111e7,2.1402504375785035e8,735269.1706543267,7.462606616931181e8,5.424252298055766,0.05287302570450496
29,566,Chitradurga,2023,4.216653237554526e7,2.333396130724653e8,782092.6262397032,7.961777823689834e8,5.5337633883262365,0.05296120201958042
29,567,Davanagere,2016,4.060652413362885e7,3.1575556115084755e8,565664.5341894866,4.5176594008236444e8,7.775981024914916,0.08988398754945007
29,567,Davanagere,2017,4.175287091196791e7,3.205667954448093e8,589982.5051700815,4.8510365273796344e8,7.67771864408306,0.08606999901219338
29,567,Davanagere,2018,4.328054940045102e7,3.249336228987947e8,628237.2600844676,5.155938273628446e8,7.507613174970663,0.08394311006751583
29,567,Davanagere,2019,4.461874873904801e7,3.452288754222422e8,635807.2612978832,5.2555952524849874e8,7.737305172794231,0.08489761215525694
29,567,Davanagere,2020,4.522879971117966e7,3.412745859285833e8,671139.6403893444,5.1446107115715384e8,7.545514983989881,0.08791491183083801
29,567,Davanagere,2021,4.5908348584177755e7,3.4891415518827814e8,692002.558602975,5.21645914523966e8,7.600233202649569,0.08800672507149213
29,567,Davanagere,2022,4.2679667540647194e7,2.5407352976737028e8,750234.6787593423,5.336082659053845e8,5.953034416807397,0.07998314544140671
29,567,Davanagere,2023,4.5716086035176545e7,2.6797377766214785e8,799369.0720542928,5.748253474200252e8,5.861695540951464,0.07953039343230592
29,568,Shimoga,2016,4.886499836320827e7,3.7414526590629435e8,610375.9077055528,8.118279545737864e8,7.656712952803413,0.060191322666220126
29,568,Shimoga,2017,5.3042966103575885e7,4.0633229563812983e8,654035.8138392566,8.606776202543968e8,7.66043691532433,0.06162930794912221
29,568,Shimoga,2018,5.449033683063581e7,4.1096857477368844e8,715389.328125084,9.056489718520833e8,7.5420450427942995,0.06016717130391171
29,568,Shimoga,2019,5.6384952581813164e7,4.290117482248334e8,761421.737864342,9.229436548920343e8,7.608621246995784,0.06109251879347831
29,568,Shimoga,2020,5.833606944215857e7,4.3892443020064485e8,782915.7412967363,9.31128642610616e8,7.524065889215377,0.06265092359161144
29,568,Shimoga,2021,5.940306169332975e7,4.532829642835657e8,822802.1395923533,9.534054451538224e8,7.630633023995528,0.062306190923574666
29,568,Shimoga,2022,5.249177373888944e7,3.211069557262969e8,870447.9781687823,9.329897472778264e8,6.1172814872590076,0.056261897724004035
29,568,Shimoga,2023,5.725556621796139e7,3.5204789662680465e8,929857.9318434127,9.967226300774552e8,6.148710420339276,0.05744383090159403
29,569,Udupi,2016,4.3312075184734136e7,3.777853993527033e8,468519.3425008354,9.33732919551712e8,8.72240357316932,0.04638593571867252
29,569,Udupi,2017,4.7028723351337954e7,4.0309914348317015e8,513972.7575566922,9.579088087582798e8,8.571339274335248,0.04909519875101728
29,569,Udupi,2018,4.832715777882892e7,4.1555296375910246e8,561485.2827596265,9.986899587842333e8,8.598746188652278,0.04839055139561085
29,569,Udupi,2019,5.033313722486981e7,4.421483840359484e8,580735.1581771977,9.964571436888672e8,8.784439206731605,0.050512094317009364
29,569,Udupi,2020,5.220442404239254e7,4.5347546371086234e8,592783.3740170564,1.0126322113061428e9,8.686533220682948,0.05155319321222925
29,569,Udupi,2021,5.2417468449505664e7,4.7305955001516277e8,634915.9144281374,1.0334067664188572e9,9.024845419058463,0.05072297777878104
29,569,Udupi,2022,4.717856710248199e7,3.342501758967579e8,666819.7275228553,1.0189733199748393e9,7.0847886323188805,0.04630010048118525
29,569,Udupi,2023,4.913034881679357e7,3.4192806633600783e8,730374.7693212704,1.0396323255718062e9,6.959609987933388,0.047257427081032206
29,570,Chikmagalur,2016,3.860597423472542e7,2.7717690947992235e8,480158.41120918747,6.928233165018305e8,7.179637736757499,0.0557226832804254
29,570,Chikmagalur,2017,4.0863978288609006e7,2.979804127690463e8,500915.67775545415,7.32981520524763e8,7.2920069275807515,0.05575035269559495
29,570,Chikmagalur,2018,4.144056076602399e7,2.8818369590495235e8,540538.0506555402,7.735036593870099e8,6.95414566255644,0.05357513214464302
29,570,Chikmagalur,2019,4.2453237265157074e7,2.987133329850148e8,556811.6899885315,7.704329553085821e8,7.036291039933951,0.05510309102516681
29,570,Chikmagalur,2020,4.393475894977911e7,3.0764934005951095e8,573674.1077183385,7.694098699080461e8,7.002413292199426,0.05710189155102709
29,570,Chikmagalur,2021,4.5143792954536766e7,3.247911102938922e8,596427.5654032383,7.940809633038872e8,7.194590641087283,0.056850365442220864
29,570,Chikmagalur,2022,4.130822520143828e7,2.4372915973613542e8,645684.3256313426,7.892098716990732e8,5.900257359099737,0.05234124240299564
29,570,Chikmagalur,2023,4.388127217944701e7,2.5320786625417206e8,692577.1685938821,8.389225020191865e8,5.770294562534786,0.0523067054153751
29,571,Tumkur,2016,7.162037776422781e7,5.477464150446789e8,1.0608926375675327e6,1.307006239502868e9,7.647912956391324,0.054797273034801496
29,571,Tumkur,2017,7.605547050446948e7,5.750697705390141e8,1.1089159159461185e6,1.3364717989621785e9,7.561188783983915,0.056907650848696895
29,571,Tumkur,2018,7.98713848311062e7,5.98453053770912e8,1.1759696037263505e6,1.4479403410759616e9,7.492709122752587,0.0551620688817565
29,571,Tumkur,2019,8.423149971971977e7,6.289510529807942e8,1.2101895996791436e6,1.4961596534021678e9,7.466934045738568,0.05629847023890995
29,571,Tumkur,2020,8.87779843446706e7,6.589391001809666e8,1.242075448429326e6,1.5449715321619098e9,7.4223255353794615,0.05746253733260817
29,571,Tumkur,2021,9.175814093041864e7,6.916326666192447e8,1.2932159355508357e6,1.5986027385648093e9,7.537561894848311,0.05739896393071183
29,571,Tumkur,2022,9.08619968807324e7,5.503989417978953e8,1.5316623311322029e6,1.64583212834426e9,6.057526366280085,0.05520732966377403
29,571,Tumkur,2023,9.187434814769916e7,5.531968593163083e8,1.5462196226384533e6,1.6745061732145264e9,6.021233026077934,0.054866532961971255
29,572,Bangalore,2016,1.8648128451256612e8,2.3412236552331533e9,1.8975963189847756e6,1.1023443308349648e9,12.554737926397054,0.16916790815381333
29,572,Bangalore,2017,1.9191355605876583e8,2.468224893752568e9,2.0347207447387292e6,1.1240946371742227e9,12.8611284394979,0.17072722323558356
29,572,Bangalore,2018,2.0428804747659433e8,2.4614365966916513e9,2.146800316343649e6,1.1706726781510723e9,12.048852720929073,0.17450483921709112
29,572,Bangalore,2019,2.112369406392369e8,2.5997569732678804e9,2.0946644140641876e6,1.194364796436405e9,12.307302716090275,0.17686132517426756
29,572,Bangalore,2020,2.187774236455286e8,2.688886671875869e9,2.205039571321577e6,1.2149390770829046e9,12.290512554131288,0.18007275243036713
29,572,Bangalore,2021,2.2143695272732335e8,2.956484732377693e9,2.3815366035310547e6,1.2468714241583104e9,13.351361170591511,0.17759405535883735
29,572,Bangalore,2022,2.1819026248591846e8,2.5443213257200375e9,2.867474446855386e6,1.2696763626353898e9,11.661021425666247,0.17184714853873018
29,572,Bangalore,2023,2.2642474575809878e8,2.510601857158848e9,2.957261411517905e6,1.305343935672844e9,11.088018885714254,0.17345983657662406
29,573,Mandya,2016,5.493155759898478e7,4.130388741151425e8,653541.8989756998,6.195321268772978e8,7.5191546019946855,0.08866619698297634
29,573,Mandya,2017,5.697283680509721e7,4.200151764623028e8,678560.9885251259,6.500480547291055e8,7.372200508448707,0.0876440386070219
29,573,Mandya,2018,5.9178362367597535e7,4.4201783234225464e8,713600.426612442,6.911728960122588e8,7.469247452245766,0.08562020112337845
29,573,Mandya,2019,6.122523691193251e7,4.6144564367160016e8,724994.6518706353,7.012752421916436e8,7.536853541871172,0.0873055730879502
29,573,Mandya,2020,6.327401928976179e7,4.781021844384466e8,747511.0205564096,7.257123197127298e8,7.55605839181781,0.08718884545712073
29,573,Mandya,2021,6.569015092937997e7,5.0431817113595694e8,784597.8265003298,7.549756051262138e8,7.677226555288675,0.08700963379922474
29,573,Mandya,2022,6.350068511880682e7,3.7269494492152023e8,955861.7008813968,7.960198954012252e8,5.869148407205771,0.07977273619122294
29,573,Mandya,2023,6.566347296162433e7,3.9917770014160043e8,956194.6220015067,8.016165290431182e8,6.0791438852905575,0.08191382111345205
29,574,Hassan,2016,5.769661086551107e7,4.168906435371334e8,695442.9467723117,9.100511162668889e8,7.2255655450697445,0.06339930783469365
29,574,Hassan,2017,6.0070414534491725e7,4.342749159531912e8,723751.6508477266,9.314864856792892e8,7.2294309822655825,0.06448876656614637
29,574,Hassan,2018,6.2146661762390584e7,4.46027727685077e8,772955.2949287741,9.904848913897786e8,7.177018282822722,0.06274367464120605
29,574,Hassan,2019,6.4126226453669034e7,4.658779044879276e8,795949.2986864542,1.0156591140672756e9,7.265013556107542,0.06313754838163291
29,574,Hassan,2020,6.6770516290359914e7,4.826806990204491e8,826564.0152818428,1.0371284903013402e9,7.228949629825414,0.06438017749465119
29,574,Hassan,2021,6.881147196273132e7,5.11168024124085e8,861869.6178366941,1.0603313434473996e9,7.428529132481522,0.06489619720096945
29,574,Hassan,2022,6.626448452389103e7,4.04347067225831e8,998576.7887983342,1.1048391145967407e9,6.1020178475854205,0.05997659174845303
29,574,Hassan,2023,6.977142944856586e7,4.179458903933421e8,1.06491988139381e6,1.1494474499522405e9,5.990215388971551,0.06069997323624047
29,575,Dakshina Kannada,2016,7.252581773153697e7,6.350826625398504e8,844942.8321055848,1.451799449854722e9,8.75664256404092,0.04995581017667037
29,575,Dakshina Kannada,2017,7.8840351679912e7,6.93483895550258e8,897570.4819604345,1.4914172851835515e9,8.79605279243006,0.05286270479975627
29,575,Dakshina Kannada,2018,7.818104847626966e7,6.835230910899007e8,967121.2753395609,1.5256913162762947e9,8.742823285330728,0.05124303169469668
29,575,Dakshina Kannada,2019,8.31028345141799e7,7.398724727178662e8,1.0159273912091727e6,1.5406078626600146e9,8.903095508632996,0.053941587946133476
29,575,Dakshina Kannada,2020,8.5291732183577e7,7.476981501341686e8,1.0421926356172058e6,1.5515276570050395e9,8.766361416190566,0.05497274366879041
29,575,Dakshina Kannada,2021,8.567294772428955e7,7.697011476527462e8,1.0753250923292798e6,1.5730760748149626e9,8.984179581748236,0.05446204992620402
29,575,Dakshina Kannada,2022,7.574423257279329e7,5.621886344785111e8,1.0695608002283939e6,1.5442666128908925e9,7.422197247007882,0.04904867588310988
29,575,Dakshina Kannada,2023,7.68556719067942e7,5.279389025574986e8,1.172535294427285e6,1.5728964794455884e9,6.869224996142772,0.048862511240335506
29,576,Kodagu,2016,2.415692378036892e7,1.7872887965429938e8,288683.52592537843,5.217014696196462e8,7.398660577781972,0.046304112959430356
29,576,Kodagu,2017,2.5592885019737814e7,1.9528661216674182e8,301947.7138162278,5.388917020318857e8,7.630504025479439,0.047491703663723336
29,576,Kodagu,2018,2.5770294686380766e7,1.9200362532389605e8,312194.8754526349,5.456505851163105e8,7.4505793457366725,0.04722856602616414
29,576,Kodagu,2019,2.621351592110428e7,1.9833283271569258e8,311909.55027208786,5.491407149117341e8,7.566052311052883,0.047735516980047084
29,576,Kodagu,2020,2.676473747865408e7,2.0302294641229853e8,320981.7088132476,5.486202513717256e8,7.585463768296522,0.0487855441204252
29,576,Kodagu,2021,2.699997096137995e7,2.1011779609557435e8,333599.50350954954,5.504647530819011e8,7.782148965868198,0.04904940926774062
29,576,Kodagu,2022,2.5006058572325796e7,1.6809736471009943e8,363254.1912426298,5.500026371318858e8,6.722265495136158,0.04546534304403629
29,576,Kodagu,2023,2.7242643645367194e7,1.8547126807422152e8,399046.6048760088,5.757355211334022e8,6.808122973989062,0.04731798307621681
29,577,Mysore,2016,7.452627089222533e7,6.25317932266047e8,952510.4989764586,7.966768732716873e8,8.39057053009318,0.09354642188390719
29,577,Mysore,2017,7.715796605072139e7,6.391600070857797e8,990870.3707308408,8.237599846722082e8,8.28378506848683,0.09366559129650393
29,577,Mysore,2018,8.131208999795005e7,6.803245652380586e8,1.0179299798647125e6,8.522218223337698e8,8.36683161452633,0.09541188440267896
29,577,Mysore,2019,8.364397785623686e7,7.082574384765619e8,1.0429747799883098e6,8.775966787425592e8,8.467524580118365,0.09531027165700294
29,577,Mysore,2020,8.62700177441494e7,7.219989268120571e8,1.0737208622857006e6,9.025955918683175e8,8.369059676715102,0.09557992363509749
29,577,Mysore,2021,8.810789401204182e7,7.485905953855381e8,1.1174182773268095e6,9.191574353473462e8,8.496294273964002,0.09585723905801423
29,577,Mysore,2022,8.492117128424606e7,5.686329624767538e8,1.350883058571807e6,9.39436850899839e8,6.696009415289852,0.09039582724789257
29,577,Mysore,2023,9.026821753207797e7,6.368202757972553e8,1.379310159343636e6,9.91026675736853e8,7.054756294162483,0.09108555777770694
29,578,Chamarajanagar,2016,2.4570043903446462e7,1.7843715144529176e8,393206.0425719136,4.181462117202244e8,7.26238634926746,0.05875945593855081
29,578,Chamarajanagar,2017,2.5054394587982975e7,1.773332828237789e8,408567.0842214304,4.264241782668428e8,7.077931266750088,0.0587546294626491
29,578,Chamarajanagar,2018,2.6767149220009986e7,1.9108827168215147e8,427775.4571622906,4.596172876313917e8,7.138910091303335,0.05823790779923178
29,578,Chamarajanagar,2019,2.753497541974563e7,1.97659978754547e8,434097.1059990042,4.6193110838027346e8,7.178505727403079,0.059608402465672734
29,578,Chamarajanagar,2020,2.859070709315619e7,2.0580028533487725e8,445265.9803321027,4.7876379443115807e8,7.198153045474697,0.05971777194874596
29,578,Chamarajanagar,2021,2.9310528800071634e7,2.152461845156564e8,467333.8750230227,5.055925380031901e8,7.343647260131668,0.057972629334744445
29,578,Chamarajanagar,2022,2.7855105282774713e7,1.572372673804265e8,526187.603783488,4.97012211178979e8,5.64482761002739,0.056045112486670504
29,578,Chamarajanagar,2023,2.878449362621538e7,1.842098050280582e8,513349.8088589432,5.0352896253634727e8,6.399619441638874,0.05716551731448331
29,579,Gulbarga,2016,4.9451302644911125e7,4.310418403783461e8,851294.5900334418,6.02763783511137e8,8.716491120031257,0.08204093211581853
29,579,Gulbarga,2017,5.022119845411946e7,4.07375517383954e8,887851.5373734048,6.298307605211823e8,8.111624770486506,0.07973760826251425
29,579,Gulbarga,2018,5.19819207526102e7,4.0541129999879706e8,952185.3040099544,6.981381876086855e8,7.7990827220142664,0.07445792491406682
29,579,Gulbarga,2019,5.485125298496525e7,4.475825231288992e8,972993.586573313,6.814814265045072e8,8.159932522445418,0.08048825815592858
29,579,Gulbarga,2020,5.4710140213391446e7,4.369999444757184e8,1.0082770536432856e6,6.853044592155524e8,7.987549342247044,0.07983333462621345
29,579,Gulbarga,2021,5.697904401149946e7,4.788544313888292e8,1.0095661966563788e6,7.199614355349572e8,8.404044674603302,0.07914180010094844
29,579,Gulbarga,2022,5.577739774692404e7,3.8275262130291265e8,1.1511478075547975e6,7.32326253676034e8,6.862145542170266,0.07616468406934761
29,579,Gulbarga,2023,5.70816938874439e7,3.8216613284788775e8,1.2042255309913808e6,7.695977010649589e8,6.695073443361003,0.07417082172731938
29,580,Yadgir,2016,1.954662341958167e7,1.5339719524410653e8,374486.3788320849,3.072030750722004e8,7.847759275417068,0.06362769453068699
29,580,Yadgir,2017,1.9680797638392035e7,1.454749877965963e8,390613.92045924184,3.143051593282973e8,7.391722148131488,0.06261684561733552
29,580,Yadgir,2018,2.0517047626521163e7,1.508060713962414e8,415995.5841591622,3.4536623367693007e8,7.350281294921955,0.05940664033101065
29,580,Yadgir,2019,2.175587808311259e7,1.6266923289961958e8,427523.9568956862,3.552469670282054e8,7.477024474865354,0.06124155897827904
29,580,Yadgir,2020,2.205941979059138e7,1.665391651772106e8,425746.55318695476,3.488724811076287e8,7.54957141929189,0.06323060999410256
29,580,Yadgir,2021,2.269361421912134e7,1.7677819262022024e8,442803.2663165707,3.6435538325946695e8,7.789776935190397,0.06228428414068642
29,580,Yadgir,2022,2.209321387171814e7,1.3897684973797396e8,496972.41577926883,3.646968103306374e8,6.290476819937925,0.060579673980938394
29,580,Yadgir,2023,2.207929707635352e7,1.2931814810099883e8,517360.78576626716,3.6940444797622174e8,5.856986644719589,0.05976998164833886
29,581,Kolar,2016,4.200356422968522e7,3.168189349531512e8,589498.3355316886,6.46860347855664e8,7.542667884580268,0.06493451696170068
29,581,Kolar,2017,4.3406029057393685e7,3.2688742876708865e8,589781.6272474902,6.056510058237631e8,7.5309222213085025,0.07166838433357493
29,581,Kolar,2018,4.546905233301867e7,3.4373885752264565e8,623312.907927249,6.665021099274625e8,7.559842131854367,0.06822041769375226
29,581,Kolar,2019,4.725131064575076e7,3.5727972171230805e8,618910.7885592,6.672239043546685e8,7.56126585336184,0.07081777247092444
29,581,Kolar,2020,4.955930765348677e7,3.758556766721449e8,648860.417086026,7.012524153398014e8,7.583957372852874,0.07067256606805715
29,581,Kolar,2021,5.3185286285212316e7,4.126872091504016e8,670515.3202736087,7.406036980124156e8,7.759424419327522,0.0718134225199625
29,581,Kolar,2022,5.205569451358255e7,3.1677164963323885e8,781306.9168733467,7.62271185423633e8,6.085244901508052,0.06829025615687223
29,581,Kolar,2023,5.3121605230898924e7,3.2298698753001505e8,788414.8230473545,7.520597852091068e8,6.0801435899031375,0.07063481690638292
29,582,Chikkaballapura,2016,3.079041721015075e7,2.2854442831838334e8,513345.3294372757,5.75265294507311e8,7.422583031549133,0.05352385673903962
29,582,Chikkaballapura,2017,3.2190430803876955e7,2.3957320465997505e8,523318.38241972163,5.388337208123814e8,7.4423733599465,0.05974093595208654
29,582,Chikkaballapura,2018,3.408395474915957e7,2.538180992612405e8,551891.8912039452,6.078976383414484e8,7.446850024570552,0.056068575693355535
29,582,Chikkaballapura,2019,3.5171692597482376e7,2.6187491607154703e8,548841.8342782222,5.998281117743797e8,7.445615969311988,0.05863628580767803
29,582,Chikkaballapura,2020,3.709747650967368e7,2.7862981705885464e8,565639.0688648518,6.304484241898857e8,7.510748527226592,0.05884299981769838
29,582,Chikkaballapura,2021,3.8593917133993e7,2.96314850321373e8,583443.9727733092,6.413529098791358e8,7.677760443248268,0.060175788617324734
29,582,Chikkaballapura,2022,3.7464076334026344e7,2.23112320226238e8,649641.8188852004,6.397768943002373e8,5.955366902335682,0.05855803275765854
29,582,Chikkaballapura,2023,3.8399605616961025e7,2.2154088021802762e8,678821.6403564481,6.638886726953851e8,5.7693530091927165,0.057840428969903636
29,583,Bangalore Rural,2016,3.550695877430202e7,2.8865965313367957e8,400667.87564030703,4.8451345001272964e8,8.129664243241116,0.07328374222298503
29,583,Bangalore Rural,2017,3.717949304774653e7,3.0338126655504704e8,418725.26558041055,4.8639384498273593e8,8.159908640105439,0.07643906976056858
29,583,Bangalore Rural,2018,3.9757954736294195e7,3.2720297390957934e8,452263.0140478055,5.271943699205346e8,8.229874400729237,0.07541422481861294
29,583,Bangalore Rural,2019,4.150189690418463e7,3.454229267332518e8,456774.651161983,5.403067437276847e8,8.323063582629228,0.0768117321983707
29,583,Bangalore Rural,2020,4.408720684128988e7,3.7223502159186083e8,477479.8475366556,5.582239358862783e8,8.443152747958713,0.07897763604724996
29,583,Bangalore Rural,2021,4.667234046654355e7,4.0907589880331117e8,507345.9349282968,5.899220147499273e8,8.764846474681335,0.07911611924896264
29,583,Bangalore Rural,2022,4.5714563057699956e7,3.2364912133056676e8,594780.9915052676,6.09055422247821e8,7.079781576870015,0.07505813327953426
29,583,Bangalore Rural,2023,4.753456576017342e7,3.4609947383916855e8,603350.8781923173,6.271651042335709e8,7.281006322543208,0.07579274650215621
29,584,Ramanagara,2016,3.455206847360491e7,2.645123323014822e8,422458.83489947394,4.6552288816318166e8,7.655470250747767,0.07422206158313151
29,584,Ramanagara,2017,3.541815085744355e7,2.713923739629548e8,441312.6266685919,4.631042649340265e8,7.66252239015235,0.0764798632603593
29,584,Ramanagara,2018,3.76408885610844e7,2.880790295828785e8,478875.0769595083,5.281762075721891e8,7.653353589551372,0.07126577839260165
29,584,Ramanagara,2019,3.922362730081088e7,3.025396957921086e8,491600.42102406075,5.301338569703125e8,7.713200349164396,0.07398815749096252
29,584,Ramanagara,2020,4.105842594389974e7,3.208101160109108e8,505243.7795517505,5.537827163408127e8,7.813502554853182,0.07414176125827533
29,584,Ramanagara,2021,4.2111942109499976e7,3.344930512362651e8,542228.9879536089,5.75141231023744e8,7.942950015615815,0.07322017591147353
29,584,Ramanagara,2022,4.083149449924462e7,2.5424316903769657e8,630187.7175861672,5.968429570257851e8,6.226643725773987,0.06841245928865104
29,584,Ramanagara,2023,4.2125031616937675e7,2.633515422796689e8,634940.8653067292,5.930702393340687e8,6.251663967268816,0.07102873963839079
30,585,North Goa,2016,3.0532277833319314e7,3.189650539900629e8,366616.4288036657,3.515586377130131e8,10.44681486692035,0.08684832218016399
30,585,North Goa,2017,3.326853129389413e7,3.236442678017572e8,400218.12348619447,3.577598427146521e8,9.728240328455875,0.09299123971392446
30,585,North Goa,2018,3.376733040085481e7,3.3769008176580745e8,384907.61331875646,3.675638923132238e8,10.000496863597453,0.0918679203997535
30,585,North Goa,2019,3.493946114696103e7,3.4545089895528674e8,426125.5922092913,3.749689721058325e8,9.887127265708658,0.09317960617045296
30,585,North Goa,2020,3.6003251224135846e7,3.6202122286808044e8,425317.0740433174,3.77143215216973e8,10.055236973303922,0.09546307548824108
30,585,North Goa,2021,3.578457255800492e7,3.607864377302749e8,429404.7205805931,3.8174050674130666e8,10.082178210888475,0.09374056964370035
30,585,North Goa,2022,3.226599727163216e7,2.598138458113314e8,456375.6899281245,3.817505746963962e8,8.052249047939897,0.08452114917519929
30,585,North Goa,2023,3.667670657526183e7,3.072366186580694e8,496453.7918449346,3.9419127604441625e8,8.376886785829843,0.0930429180049363
30,586,South Goa,2016,2.3359134248646993e7,2.463297870334246e8,260601.75713098544,2.762658670001493e8,10.545330336790736,0.08455309554630709
30,586,South Goa,2017,2.4983247217487395e7,2.4638328462423944e8,280176.378040217,2.7804877075958174e8,9.861939982396676,0.08985203261009725
30,586,South Goa,2018,2.5550302393958278e7,2.575771590353382e8,276291.6359409521,2.8701289427770376e8,10.081178495024226,0.08902144434401853
30,586,South Goa,2019,2.6225788768525887e7,2.6057378200509444e8,293823.9676170895,2.9107878930531555e8,9.935784364961195,0.09009859093861142
30,586,South Goa,2020,2.71063894079632e7,2.71269653843065e8,293063.7657874481,2.946578278710899e8,10.007590821497331,0.09199276871009177
30,586,South Goa,2021,2.6897219652142208e7,2.718112304912807e8,294474.3841490587,2.97423425648606e8,10.105551205908098,0.0904340994442052
30,586,South Goa,2022,2.5380576900049124e7,2.1294692349131796e8,324043.9827847953,2.971851202664752e8,8.390153002822634,0.08540325598162948
30,586,South Goa,2023,2.743401773519325e7,2.2545126742782253e8,342205.4302106252,3.029090441025505e8,8.217945676203538,0.0905684999154578
31,587,Lakshadweep,2016,88243.70454530655,1.3726405934242143e6,1219.3903444927635,1.6283693022901348e6,15.555110707296585,0.05419145670530684
31,587,Lakshadweep,2017,119869.10054930042,1.4506782364804002e6,1840.3512816433215,1.854972942505362e6,12.102186717282969,0.06462040378195648
31,587,Lakshadweep,2018,128442.39856115344,1.390570593835743e6,2061.4149573559607,1.8928837744753377e6,10.826414092334709,0.06785540681004285
31,587,Lakshadweep,2019,130396.21932787634,1.336781046515251e6,2157.365169129712,1.9770593879787077e6,10.251685619457769,0.0659546294465084
31,587,Lakshadweep,2020,140981.47041339043,1.6087121699480452e6,2262.5762600741778,2.0401711684819248e6,11.410805726674061,0.06910276578327182
31,587,Lakshadweep,2021,1.744786019336215e6,1.9001128704696592e7,31490.702848596848,2.169211257562041e7,10.890234386406515,0.08043412153858938
31,587,Lakshadweep,2022,1.5654141099669323e6,1.5539066355289377e7,30113.924465768294,2.1346347824731924e7,9.92648926335385,0.07333404865413277
31,587,Lakshadweep,2023,1.6350472482977007e6,1.5707286745343806e7,33457.350696892274,2.1281050291268382e7,9.606625595497109,0.0768311350200869
32,588,Kasaragod,2016,4.158263464003922e7,3.654364762206943e8,529667.2591712981,9.276067627040517e8,8.78819919382457,0.0448278692134826
32,588,Kasaragod,2017,4.509280636036512e7,4.0810396477379113e8,579597.5684220381,9.452351095815104e8,9.05031196134422,0.04770538663161732
32,588,Kasaragod,2018,4.526782217027219e7,4.112427711315165e8,587957.1887056214,9.649801943575559e8,9.084659950828904,0.04691062307284932
32,588,Kasaragod,2019,4.8798187646623634e7,4.4734509133192486e8,638731.4261764511,9.744568098523552e8,9.167248066084209,0.050077322209916404
32,588,Kasaragod,2020,4.974234916493375e7,4.5827002452369004e8,651395.2361345562,9.785755411740311e8,9.21287458708828,0.05083138405978972
32,588,Kasaragod,2021,5.066144601069693e7,4.848108638123114e8,653760.1393171005,9.867362564864775e8,9.569621516723897,0.05134243895231918
32,588,Kasaragod,2022,4.56873573783262e7,3.49267174644924e8,688518.4086974767,9.655827862409658e8,7.644722625402146,0.047315836642229346
32,588,Kasaragod,2023,5.089519985913985e7,3.765407905148364e8,780594.0010400447,9.919060186478554e8,7.398355671202193,0.051310506138998006
32,589,Kannur,2016,8.970102530791536e7,8.678425728106539e8,1.083901288042806e6,1.452920614377497e9,9.674834483013141,0.06173842150787276
32,589,Kannur,2017,9.318002283687374e7,9.27882707450435e8,1.1878126403281318e6,1.4780232943867037e9,9.957957502058562,0.06304367677475489
32,589,Kannur,2018,9.507790108051142e7,9.169051565034624e8,1.1458456021505303e6,1.4953518478369563e9,9.643725261951591,0.06358229417246697
32,589,Kannur,2019,1.0204315064818445e8,9.939030873170402e8,1.2533177300207517e6,1.5049844888634422e9,9.74002743940878,0.06780345671552203
32,589,Kannur,2020,1.0455937083684427e8,1.0296705965932964e9,1.2537495058422915e6,1.5052851966863167e9,9.847712245705907,0.06946150209077834
32,589,Kannur,2021,1.0521264983157477e8,1.0665873373583347e9,1.2963631561197478e6,1.5170813460436585e9,10.13744392015348,0.06935201603127943
32,589,Kannur,2022,1.0406936798529872e8,9.113055306530688e8,1.4967327870808153e6,1.5106718391216683e9,8.756712453387856,0.06888946049712988
32,589,Kannur,2023,1.0827229736063175e8,8.808107561961079e8,1.6052421794354143e6,1.5271144705555112e9,8.135144239733979,0.07089992233604207
32,590,Wayanad,2016,2.831829586666389e7,2.4231287734470788e8,370203.54106113873,6.289401946601487e8,8.556760565170766,0.045025419121075314
32,590,Wayanad,2017,2.9570739398628272e7,2.6255772206985432e8,413053.7837807779,6.424381651191868e8,8.878970475862834,0.046028926991194916
32,590,Wayanad,2018,3.065288337125395e7,2.656178833185344e8,394343.1263039709,6.493308785763365e8,8.665347403097124,0.04720687769917959
32,590,Wayanad,2019,3.222855160638992e7,2.8348128780908656e8,418514.66799945594,6.566404967214233e8,8.79596735439023,0.0490809686080978
32,590,Wayanad,2020,3.3341683901376955e7,2.908536215836809e8,432486.6763007912,6.595703512870635e8,8.723423281319908,0.05055061046378921
32,590,Wayanad,2021,3.4361828976948865e7,3.141976632414337e8,451640.26418343966,6.686424411890165e8,9.14379916890363,0.05139043958359087
32,590,Wayanad,2022,3.2824931943102185e7,2.6149791379471204e8,542030.1680634387,6.729702032530829e8,7.966441918234139,0.04877620403463504
32,590,Wayanad,2023,3.534324666743198e7,2.938914764138897e8,570331.6714261723,6.844493160039715e8,8.31535028966946,0.051637492858896954
32,591,Kozhikode,2016,8.483477323478097e7,9.414135906507242e8,1.1579989298273094e6,1.3697968389974494e9,11.097024896210353,0.06193237626162965
32,591,Kozhikode,2017,9.220607078013295e7,1.0238988715035294e9,1.2241982535903093e6,1.3923113885655904e9,11.10446267627036,0.06622517889128737
32,591,Kozhikode,2018,9.121931241382575e7,9.722901476720458e8,1.2198432805936085e6,1.4065564985941334e9,10.658819080559958,0.06485293161348323
32,591,Kozhikode,2019,9.89742868665934e7,1.0244798388151664e9,1.2351586071873056e6,1.4087331391712012e9,10.35096964321707,0.07025765499122344
32,591,Kozhikode,2020,1.0236174175375433e8,1.1091406837033527e9,1.3272241020911536e6,1.4142663426291702e9,10.835500302169024,0.0723779804894885
32,591,Kozhikode,2021,1.0357542159808011e8,1.1898271874712987e9,1.3906681275466222e6,1.418716990191632e9,11.48754375423516,0.07300640107516422
32,591,Kozhikode,2022,1.0310540175520398e8,1.033967153120028e9,1.6077740194746552e6,1.4188053488052547e9,10.028253956809214,0.07267057587711155
32,591,Kozhikode,2023,1.0707998885709481e8,1.0394231832378796e9,1.6891115489507138e6,1.4293236636880207e9,9.706978813987899,0.07491654380142357
32,592,Malappuram,2016,1.1535841758706032e8,1.2248847971972725e9,1.4722673259746123e6,1.6997702632020411e9,10.618079051516629,0.06786706420533983
32,592,Malappuram,2017,1.2791363395863907e8,1.3241097991572936e9,1.6346873102583934e6,1.7325067893331418e9,10.351592384479085,0.07383153402121687
32,592,Malappuram,2018,1.2834725148120464e8,1.3289226684658134e9,1.6700560010598516e6,1.757225830521385e9,10.354118636193956,0.07303970226929958
32,592,Malappuram,2019,1.386107905318781e8,1.4351007962205143e9,1.7575194111672887e6,1.7732066045017421e9,10.353456543417272,0.07816956590392732
32,592,Malappuram,2020,1.4354015097674948e8,1.4672376270884128e9,1.8139702270567839e6,1.782507298798717e9,10.22179241908471,0.08052710419389886
32,592,Malappuram,2021,1.4672804775813547e8,1.5837034713884323e9,1.961598445972898e6,1.8027511210765123e9,10.793461070231015,0.08139118375392652
32,592,Malappuram,2022,1.4301727596965757e8,1.41981044119283e9,2.2784112337780823e6,1.8079362902547796e9,9.927544987600351,0.07910526313374858
32,592,Malappuram,2023,1.5348616763403532e8,1.4802737463395739e9,2.411981590347508e6,1.8344105224596357e9,9.6443462571107,0.0836705665143243
32,593,Palakkad,2016,8.18317336848006e7,7.883142673995147e8,1.0040434762690623e6,1.3555104569824758e9,9.633356546446185,0.060369680855850844
32,593,Palakkad,2017,8.973265015105367e7,8.73828086033072e8,1.1564845969249092e6,1.3923571651899014e9,9.738128591567193,0.06444657476863358
32,593,Palakkad,2018,9.006225623279315e7,8.521229470220835e8,1.1816872624218068e6,1.413546934136068e9,9.461487893657848,0.06371366528967602
32,593,Palakkad,2019,9.716908637849855e7,9.274265622716507e8,1.243032837830054e6,1.4265771225330384e9,9.544461071282342,0.06811344780712912
32,593,Palakkad,2020,1.00368742447203e8,9.291224910667397e8,1.2499828424854754e6,1.435158965505944e9,9.257090090129267,0.06993562724378723
32,593,Palakkad,2021,1.0174819774727406e8,9.86996245630607e8,1.3190319049349497e6,1.4601477306008391e9,9.700380620815956,0.06968349545385075
32,593,Palakkad,2022,1.0277954705903444e8,9.069090401044385e8,1.6524689289285825e6,1.4860028314906714e9,8.823827950745189,0.06916510849170589
32,593,Palakkad,2023,1.0511646472308123e8,8.602774008680512e8,1.7382211682764734e6,1.4999401886778262e9,8.184040465348275,0.0700804375511398
32,594,Thrissur,2016,1.0752727751710127e8,1.0757018777492113e9,1.295291221459419e6,1.3051455862677965e9,10.003990639288066,0.08238719009469819
32,594,Thrissur,2017,1.1573411686038202e8,1.105221245334225e9,1.3801634532957675e6,1.3213075021286914e9,9.549658089736226,0.08759059997307868
32,594,Thrissur,2018,1.162111443374368e8,1.131411715504932e9,1.3808787477464795e6,1.3331147367090724e9,9.735828021964101,0.0871726499883391
32,594,Thrissur,2019,1.2188818386120354e8,1.1777079511099396e9,1.4220810403767996e6,1.3441975403578894e9,9.662199516000818,0.09067728529599235
32,594,Thrissur,2020,1.246578285971007e8,1.1762280513176482e9,1.4273343204140032e6,1.3448029316254022e9,9.435653296346644,0.09269598218858167
32,594,Thrissur,2021,1.2528551052265666e8,1.2333230955891652e9,1.4949599163654554e6,1.354720185291996e9,9.844100011598155,0.0924807291445596
32,594,Thrissur,2022,1.2461210721292539e8,1.0958096335314035e9,1.897272424774712e6,1.373888867509624e9,8.793765373528172,0.09070028163107777
32,594,Thrissur,2023,1.3062409607315867e8,1.1088698568429592e9,1.9836140423884413e6,1.379382603165426e9,8.489014585960573,0.09469750870672192
32,595,Ernakulam,2016,1.190698213951822e8,1.2813017052474768e9,1.4502740912692833e6,1.357446274349506e9,10.76092741413418,0.08771604714318508
32,595,Ernakulam,2017,1.2583748079818195e8,1.3114369592313905e9,1.59809713522049e6,1.3748679816404366e9,10.42167207188987,0.0915269556630723
32,595,Ernakulam,2018,1.2912678687804544e8,1.2996309738958118e9,1.564804422253375e6,1.3951473156124773e9,10.064766616730392,0.09255423096403126
32,595,Ernakulam,2019,1.373548921958448e8,1.3827458634153197e9,1.6436472890203458e6,1.4143287588492188e9,10.066957509192745,0.09711666494542955
32,595,Ernakulam,2020,1.4084335930711544e8,1.4132595079284213e9,1.661861619438378e6,1.4138915760272284e9,10.034264411762175,0.09961397443420592
32,595,Ernakulam,2021,1.4246450366462833e8,1.4436412134373941e9,1.6717506582314938e6,1.427570401711891e9,10.133339718333131,0.09979508085470953
32,595,Ernakulam,2022,1.4415447836019382e8,1.2678831900080338e9,2.1702869626624975e6,1.433429827291441e9,8.795309063101167,0.10056612163051128
32,595,Ernakulam,2023,1.466622778678318e8,1.202540793266519e9,2.21371280904953e6,1.4450422062434092e9,8.199387127685398,0.10149342159984452
32,596,Idukki,2016,3.4208989434962526e7,3.46543836520278e8,464011.18533719674,9.222124997842869e8,10.130198004799892,0.03709447599437688
32,596,Idukki,2017,3.704435097568962e7,3.3681420129042065e8,490025.6731139988,9.44387670801712e8,9.092187942810908,0.03922578843521097
32,596,Idukki,2018,3.8347036731296666e7,3.5276921318710685e8,540754.075170936,9.69150110874196e8,9.199386530412054,0.039567695758407066
32,596,Idukki,2019,4.02208092036167e7,3.5986854823253596e8,543651.6144913388,9.906124550885916e8,8.947322427321431,0.04060196194486542
32,596,Idukki,2020,4.1107661671371855e7,3.7759758254434144e8,565425.0394424003,9.810571670460058e8,9.185576780381734,0.041901392754867005
32,596,Idukki,2021,4.1941603035880394e7,4.0178999989263713e8,566860.72905093,9.954660596229472e8,9.579748288326318,0.042132629867628654
32,596,Idukki,2022,4.1349633965676844e7,3.7803229740471137e8,693488.9482346979,1.0019783688694015e9,9.142337214363378,0.04126799065765699
32,596,Idukki,2023,4.357752616148002e7,3.6708257721575135e8,734548.2220708433,1.0259271441619178e9,8.423667186969206,0.0424762385998458
32,597,Kottayam,2016,6.265489033436041e7,6.654607728291941e8,754611.645791397,1.1324484735517695e9,10.621050795523464,0.055326923738836374
32,597,Kottayam,2017,6.863250600296785e7,6.802232118292593e8,832323.0774668235,1.1571045096197803e9,9.911093903519197,0.05931400788120703
32,597,Kottayam,2018,7.035853090051438e7,6.754922407824053e8,837392.109216773,1.179304364567984e9,9.60071553707593,0.05966104511644786
32,597,Kottayam,2019,7.539645929656836e7,7.202224137447673e8,929717.6600793,1.1964721246135228e9,9.552469976233326,0.06301564219134856
32,597,Kottayam,2020,7.755703854238911e7,7.541582995179942e8,957971.5927501197,1.1935614139970708e9,9.72391821157284,0.06497951226712449
32,597,Kottayam,2021,7.91339944204743e7,7.73164093641359e8,927335.5994904648,1.2013850479896448e9,9.77031551741458,0.06586896894787757
32,597,Kottayam,2022,8.144366526148784e7,7.415555480146985e8,1.2033228327505067e6,1.2092482845337853e9,9.105134765654475,0.06735065602585304
32,597,Kottayam,2023,8.182907345064716e7,6.736284440991498e8,1.2560221046788e6,1.2239898356980546e9,8.232140676814938,0.06685437334859824
32,598,Alappuzha,2016,6.1268787852035806e7,6.254955529591609e8,808418.9053071138,8.640496957255323e8,10.209040767539475,0.07090887035217243
32,598,Alappuzha,2017,6.608887053410169e7,6.679281560003508e8,881498.870545307,8.714304199710442e8,10.106514918509639,0.07583952662141136
32,598,Alappuzha,2018,6.437835359807597e7,6.257366838939648e8,855886.9209749505,8.714497484613245e8,9.719675153554498,0.07387500393653866
32,598,Alappuzha,2019,7.163317570865673e7,6.783642761143491e8,987338.8512391935,8.845939495620825e8,9.469973506038071,0.08097859559645267
32,598,Alappuzha,2020,7.36463424736682e7,6.987754447232147e8,999557.3131899983,8.843675588572917e8,9.488257274596599,0.0832757169076035
32,598,Alappuzha,2021,7.527484897270882e7,7.263195626677384e8,1.0047976303919158e6,8.871796371926893e8,9.648900962007486,0.08484735877268522
32,598,Alappuzha,2022,7.630968922493704e7,6.197969327816308e8,1.2583542823759161e6,8.899345555316637e8,8.122126286671982,0.0857475291307777
32,598,Alappuzha,2023,7.695570989436539e7,5.78893879316612e8,1.3105035857239636e6,8.930597063391199e8,7.522429201306061,0.08617084540721977
32,599,Pathanamthitta,2016,4.5247228797228016e7,4.766914799442353e8,555695.7271486208,7.934775261816483e8,10.535263542447906,0.05702395758448956
32,599,Pathanamthitta,2017,4.8395503575195536e7,4.701927501450433e8,571027.8771922715,7.988401180392845e8,9.715628837593794,0.06058221474151802
32,599,Pathanamthitta,2018,4.7406750137625e7,4.556389899515996e8,570248.2200002285,8.027528777942517e8,9.61126819764799,0.0590552229073111
32,599,Pathanamthitta,2019,5.145769188240058e7,4.93554330954708e8,638108.6924808435,8.163289767584903e8,9.591458786815739,0.06303548366827637
32,599,Pathanamthitta,2020,5.230585550488029e7,4.981236524413411e8,633915.5190130584,8.117617096021792e8,9.523286592547267,0.06443498736903207
32,599,Pathanamthitta,2021,5.347565994997181e7,5.313878155924028e8,642652.0686884257,8.176569446259766e8,9.93700341593789,0.06540109553455008
32,599,Pathanamthitta,2022,5.298851672811268e7,4.73681148651445e8,803203.3059513684,8.206884470807941e8,8.939317004888661,0.0645659347546489
32,599,Pathanamthitta,2023,5.547000754261377e7,4.674537305481559e8,866960.756516166,8.334894766001341e8,8.42714380720146,0.06655153916145418
32,600,Kollam,2016,7.824462829888858e7,8.466688116125315e8,1.1116323163678716e6,1.1418621987442136e9,10.820791535724606,0.06852370486118177
32,600,Kollam,2017,8.490567674754e7,8.47853541281015e8,1.1561879805881735e6,1.1552929459715571e9,9.985828671998426,0.07349276825726446
32,600,Kollam,2018,8.173824860185935e7,7.718600435342525e8,1.110652025888462e6,1.1525173040661573e9,9.443070493153368,0.07092149359795415
32,600,Kollam,2019,9.149149803946126e7,8.641628334485222e8,1.2241953688536647e6,1.1720496767784772e9,9.445280184130329,0.07806110939848292
32,600,Kollam,2020,9.171703821015476e7,8.603511287702298e8,1.2015918245493413e6,1.1663165145338848e9,9.380494023355556,0.07863820589628641
32,600,Kollam,2021,9.658852188458459e7,9.214758559684764e8,1.2606335057725094e6,1.1812655044363396e9,9.540221115191772,0.081766987626269
32,600,Kollam,2022,9.626273978469811e7,8.028090827519379e8,1.5645325546488655e6,1.1835492070393806e9,8.339769723441345,0.08133395655386143
32,600,Kollam,2023,9.882933881591675e7,7.656111024962378e8,1.6699529688706894e6,1.1969780784376686e9,7.746799803267872,0.08256570491659442
32,601,Thiruvananthapuram,2016,8.496331243873356e7,9.766993571735809e8,1.3561897241473785e6,1.2186804447500114e9,11.495542359861167,0.06971746597292953
32,601,Thiruvananthapuram,2017,9.413393790673766e7,9.750504830258603e8,1.4597254250962394e6,1.2368862509260569e9,10.358118492736198,0.07610557384420723
32,601,Thiruvananthapuram,2018,9.112442285393134e7,9.027287390774404e8,1.42495553890089e6,1.2379746719417815e9,9.906550964108458,0.07360766332238554
32,601,Thiruvananthapuram,2019,1.0054986253927809e8,9.949994139085895e8,1.5582333428722876e6,1.2582116428507547e9,9.895582040402193,0.07991490391192081
32,601,Thiruvananthapuram,2020,1.0236289147926643e8,1.010639510934718e9,1.4994381433944118e6,1.2509685427685087e9,9.873104367508246,0.08182691089316117
32,601,Thiruvananthapuram,2021,1.0776288143282759e8,1.0724384090955472e9,1.485703400937378e6,1.2644725018172717e9,9.951834943871985,0.08522358633972126
32,601,Thiruvananthapuram,2022,1.0831879760837476e8,9.630533649473449e8,1.8831780051590558e6,1.2713887596026466e9,8.890916315644974,0.08519722766955103
32,601,Thiruvananthapuram,2023,1.1042952901105522e8,9.045574819350688e8,2.0081216325401866e6,1.2830472648703737e9,8.191264510822215,0.0860681691427883
33,602,Thiruvallur,2016,8.346396513424733e7,8.352271586620388e8,1.1112966838735484e6,7.276820961992646e8,10.007039053543892,0.11469839036879644
33,602,Thiruvallur,2017,9.399194664886795e7,8.724858034882972e8,1.3024623241915558e6,7.646111103201017e8,9.282559140387859,0.12292778038435585
33,602,Thiruvallur,2018,9.753095080976565e7,9.165018216304651e8,1.292727565305716e6,8.007538392968366e8,9.397035648899847,0.12179891749930315
33,602,Thiruvallur,2019,9.995269216186391e7,9.327032646625896e8,1.3624763027466545e6,8.201492802324756e8,9.331447152540575,0.1218713404632042
33,602,Thiruvallur,2020,1.0236798020237e8,9.728673478142931e8,1.395957367096741e6,8.320814630231233e8,9.503629415087058,0.12302639194778604
33,602,Thiruvallur,2021,1.0385957206495951e8,1.0091655725414844e9,1.4447028627600865e6,8.581740556937155e8,9.716635188043107,0.12102390112574932
33,602,Thiruvallur,2022,1.0344520138524416e8,8.415687449930898e8,1.6186031748138266e6,8.684457217550402e8,8.135406318742346,0.11911533305293043
33,602,Thiruvallur,2023,1.098376985157264e8,9.570722951664242e8,1.6203293288626585e6,8.934234466709905e8,8.713513739814859,0.12294024622366433
33,603,Chennai,2016,4.793717993845827e7,6.079056939319017e8,570736.7702507919,1.5939379580681682e8,12.681298622746075,0.3007468370761275
33,603,Chennai,2017,5.176542031005691e7,6.118257760458113e8,671050.8157503669,1.604194580510302e8,11.81919846069417,0.32268791416556264
33,603,Chennai,2018,5.2699840605065234e7,6.06696945405256e8,631202.5654603651,1.6049478997253755e8,11.51231082370567,0.3283585754658003
33,603,Chennai,2019,5.177507904042333e7,5.708209100566417e8,700539.3317471188,1.6031252240028724e8,11.025012817671875,0.32296341087532265
33,603,Chennai,2020,5.225370836608538e7,6.017836963546844e8,719618.5313859229,1.6083321679404107e8,11.516573946075463,0.3248937589366266
33,603,Chennai,2021,5.177254517716754e7,6.234403029958476e8,725835.1644039948,1.612610753631472e8,12.041909488173935,0.32104799661406114
33,603,Chennai,2022,5.221183469242283e7,5.493977832743796e8,736184.1148964347,1.6109704572612208e8,10.522476111227522,0.3241017515689713
33,603,Chennai,2023,5.290254062602403e7,5.436570464906577e8,749221.3386271079,1.616578703215801e8,10.276577269395258,0.32725001585624586
33,604,Kancheepuram,2016,1.0415066451019071e8,1.0975217479170928e9,1.3263358067195956e6,9.760340062054801e8,10.537827608480644,0.10670802845804159
33,604,Kancheepuram,2017,1.1644445426204224e8,1.1510311674221253e9,1.5307357083408663e6,1.0499792752820427e9,9.884808810489917,0.11090166920748339
33,604,Kancheepuram,2018,1.2001071740277131e8,1.1669707558538969e9,1.5378638445360914e6,1.0989634640828776e9,9.723887841928265,0.1092035552819077
33,604,Kancheepuram,2019,1.2337486901173952e8,1.2035468116706867e9,1.6172094499636067e6,1.1245734790602288e9,9.755202346404642,0.10970814385098257
33,604,Kancheepuram,2020,1.2558501331267524e8,1.244657364099536e9,1.6622947119979612e6,1.1236142146866117e9,9.910874962449943,0.1117688007780342
33,604,Kancheepuram,2021,1.2750929573284982e8,1.3030766611333249e9,1.6975436405868535e6,1.167232086292808e9,10.219464029222282,0.10924073903573557
33,604,Kancheepuram,2022,1.2740596198225759e8,1.1159132243591812e9,1.92656422015283e6,1.1779598504691901e9,8.758720604570938,0.10815815320998491
33,604,Kancheepuram,2023,1.342141072004182e8,1.1737513913100317e9,2.0118120299342216e6,1.2151117925532894e9,8.745365265942583,0.11045412284115592
33,605,Vellore,2016,8.35562898705108e7,7.09649648491762e8,1.3598210820268579e6,1.2350453844288566e9,8.493072748820264,0.06765442867441765
33,605,Vellore,2017,8.795475140649156e7,7.277290875273845e8,1.397519913180217e6,1.2334495104838922e9,8.273903068227806,0.07130794625877002
33,605,Vellore,2018,9.087935530915481e7,7.48697308822923e8,1.4464185343636188e6,1.3327912723600948e9,8.238365097067346,0.06818723771219365
33,605,Vellore,2019,9.469038092417552e7,7.81133888347124e8,1.4874375501097206e6,1.3302010017385533e9,8.2493478294551,0.0711850170015032
33,605,Vellore,2020,9.651125090951441e7,8.010107856148368e8,1.5017509706186543e6,1.3740249032403722e9,8.299662247314943,0.07023981201644255
33,605,Vellore,2021,1.0029121735523474e8,8.437182125562141e8,1.557130756312772e6,1.4372153867239618e9,8.412682932820895,0.06978161956910439
33,605,Vellore,2022,9.779437990820405e7,7.27280152983451e8,1.7215253448891945e6,1.4325821551774204e9,7.4368297407900315,0.06826441300749872
33,605,Vellore,2023,9.926519462470347e7,6.644368755162888e8,1.8456263710848908e6,1.433701183542149e9,6.693553344939846,0.06923701798128926
33,606,Tiruvannamalai,2016,5.020603084711433e7,4.0510340424466014e8,893978.9545878788,1.121492135905243e9,8.068819570267703,0.04476717155630268
33,606,Tiruvannamalai,2017,5.363469390740594e7,4.1648550839558685e8,947768.7067729695,1.1387974983839686e9,7.7652257905041955,0.047097656943852824
33,606,Tiruvannamalai,2018,5.4952103010611385e7,4.19814472145211e8,990241.1781269781,1.2491505775388253e9,7.639643419363655,0.0439915763549358
33,606,Tiruvannamalai,2019,5.7102864427356355e7,4.356564447217004e8,1.0254952944571268e6,1.2493779040769453e9,7.629327339190183,0.04570503787606569
33,606,Tiruvannamalai,2020,5.8489527893875174e7,4.5243966193355656e8,1.0269060677230299e6,1.2900266621447687e9,7.73539603114038,0.045339782200029745
33,606,Tiruvannamalai,2021,6.023287291906472e7,4.692589641923243e8,1.0680688828452835e6,1.3292850375064492e9,7.790745177021033,0.04531223268115097
33,606,Tiruvannamalai,2022,5.9175159939175606e7,4.00751477809814e8,1.1750905335202909e6,1.3255532416420226e9,6.77229226286392,0.04464185826732441
33,606,Tiruvannamalai,2023,6.061243826839812e7,3.671038764756408e8,1.2648634987188422e6,1.3559068181665635e9,6.05657661963815,0.044702510125553714
33,607,Viluppuram,2016,6.715082251156117e7,5.431341542890332e8,1.1828576096902585e6,1.3394225073891969e9,8.088272547898029,0.050134160163137466
33,607,Viluppuram,2017,7.18230722524885e7,5.506571931771212e8,1.2960869892320903e6,1.4088598806514516e9,7.666856567222968,0.0509795709558269
33,607,Viluppuram,2018,7.42173468384666e7,5.664707901356e8,1.3409481229370662e6,1.5117872791306798e9,7.6325928407076935,0.049092453589861966
33,607,Viluppuram,2019,7.56619102102095e7,5.74996033678833e8,1.380161053052112e6,1.5382775095729969e9,7.599544236741269,0.04918612522080761
33,607,Viluppuram,2020,7.801885486886734e7,6.078878199369906e8,1.3887571240266536e6,1.5853872690676813e9,7.791550144624877,0.04921122831694485
33,607,Viluppuram,2021,7.950054823073283e7,6.157775598217298e8,1.425407745834416e6,1.617659171287435e9,7.7455762699217,0.04914542546527974
33,607,Viluppuram,2022,7.818607397232376e7,5.527035147494582e8,1.4941357154231556e6,1.5895147810184593e9,7.069078758771079,0.04918864228631276
33,607,Viluppuram,2023,7.987206088471293e7,5.2142490878287506e8,1.612312011818265e6,1.6252341783304305e9,6.528251593952208,0.04914495520071074
33,608,Salem,2016,9.176000153345232e7,7.281937541375456e8,1.5310977273425944e6,1.6478075944090338e9,7.935851590761722,0.05568611398854545
33,608,Salem,2017,9.364178938936855e7,7.25917158043361e8,1.5747299718350547e6,1.6578788214522057e9,7.7520641454741,0.056482891377636256
33,608,Salem,2018,9.726386524105611e7,7.497584080491635e8,1.6344579318403408e6,1.7153001866520336e9,7.708499001052268,0.05670369886153758
33,608,Salem,2019,1.0002366019561437e8,7.642640237900085e8,1.6640900820009757e6,1.7249349678342826e9,7.640832402007205,0.0579869166437026
33,608,Salem,2020,1.0479313002105473e8,8.130504863475631e8,1.7101671827181922e6,1.7600061682738128e9,7.7586239306356,0.05954134247372226
33,608,Salem,2021,1.0856437608119692e8,8.550007918953922e8,1.7792750002720272e6,1.807230354364683e9,7.875518865008945,0.06007224027584566
33,608,Salem,2022,1.0661855285990326e8,7.622383914893695e8,1.8864252460937558e6,1.8048046747119446e9,7.149209692340793,0.05907484303082276
33,608,Salem,2023,1.0770932109160864e8,7.538043064321738e8,1.9419907675013838e6,1.8124466311806533e9,6.998505781974526,0.059427582163589156
33,609,Namakkal,2016,6.5652714752381556e7,4.9797838362487227e8,947762.0498249939,1.0564663173371477e9,7.585038722360038,0.06214368946268067
33,609,Namakkal,2017,6.613942335784504e7,4.780923345389628e8,993754.2370435812,1.0735227997360449e9,7.228553111995866,0.06160970533099738
33,609,Namakkal,2018,6.865943382151839e7,5.140693976592745e8,993391.4163550173,1.0982755981041667e9,7.487236189503229,0.06251566905432268
33,609,Namakkal,2019,7.034095381491642e7,5.209505772484874e8,998839.304380689,1.1080193103566062e9,7.406077810932602,0.06348350895823088
33,609,Namakkal,2020,7.333233890864426e7,5.546887342617574e8,1.022440036150541e6,1.133986751166613e9,7.564039856314632,0.06466772105864733
33,609,Namakkal,2021,7.585203119275591e7,5.766538783113971e8,1.0651433349858946e6,1.1733220975127451e9,7.602352491339338,0.06464723655469377
33,609,Namakkal,2022,7.564178133291854e7,5.314636918925571e8,1.1080422656642054e6,1.175531947695887e9,7.026059970130151,0.06434685291299905
33,609,Namakkal,2023,7.653797826534842e7,5.555365861406802e8,1.0823129719148884e6,1.1609523426304724e9,7.25831278446758,0.06592689075585097
33,610,Erode,2016,8.346564895603408e7,6.462408831395217e8,1.2534316317113717e6,1.2059729741471472e9,7.742596999155091,0.06921021510872596
33,610,Erode,2017,8.355866578036776e7,6.278087107867395e8,1.283467434579909e6,1.2382831917514322e9,7.513388407097377,0.0674794476231096
33,610,Erode,2018,8.620914869830096e7,6.453879614895307e8,1.3253585830805874e6,1.2757748723725028e9,7.486304774312778,0.06757395098868939
33,610,Erode,2019,8.887753030095822e7,6.65933873329447e8,1.3364587552832232e6,1.2790632628337045e9,7.49271352471714,0.06948642251209235
33,610,Erode,2020,9.33036673883561e7,7.148182331080934e8,1.373709365906726e6,1.3068136177830613e9,7.661201891805805,0.07139783831350084
33,610,Erode,2021,9.601324417810807e7,7.436449135133365e8,1.4115524760008636e6,1.342888572060869e9,7.745232648673428,0.07149755100734902
33,610,Erode,2022,9.381732837953678e7,6.685227908495463e8,1.476473619513277e6,1.3371267382116494e9,7.125792243252186,0.07016337771018887
33,610,Erode,2023,9.827469902120927e7,7.529834689034209e8,1.4594151751996062e6,1.352224537673717e9,7.6620277284279945,0.07267631690094527
33,611,The Nilgiris,2016,1.868285261452777e7,1.599055330655058e8,252063.14041859334,3.081438379803501e8,8.558946343191906,0.060630297645994626
33,611,The Nilgiris,2017,1.950279234104454e7,1.6702987129475582e8,278499.5466571455,3.1898068751797265e8,8.56440802803574,0.061140981583550184
33,611,The Nilgiris,2018,1.980192830245052e7,1.6340477110547355e8,282701.6051939769,3.2934851822929686e8,8.251962566961318,0.060124540437932535
33,611,The Nilgiris,2019,2.0553884428247377e7,1.7301018138617384e8,284046.2166009016,3.2920157125415903e8,8.417395845060046,0.0624355599213675
33,611,The Nilgiris,2020,2.0862971144204993e7,1.7427434174686822e8,289677.8839299876,3.3010059097205883e8,8.353284896110091,0.06320185941736446
33,611,The Nilgiris,2021,2.1336182295493614e7,1.829145309511118e8,299224.0856904995,3.396520971218903e8,8.572973759684501,0.0628177552156751
33,611,The Nilgiris,2022,2.004117116145857e7,1.5812011348079467e8,350660.8070456058,3.416656514339997e8,7.889764136383279,0.05865726062114841
33,611,The Nilgiris,2023,2.0961819684914947e7,1.6658568297798967e8,359610.52177855605,3.4346369945477176e8,7.947100274785405,0.061030669960728284
33,612,Dindigul,2016,5.759089694654651e7,4.452338755878543e8,931866.7662842204,1.1141089575732534e9,7.7309765812659945,0.05169233812821209
33,612,Dindigul,2017,5.9350815925475866e7,4.451353779322249e8,991613.6565046752,1.1601144658142922e9,7.500071751181337,0.05115944820480894
33,612,Dindigul,2018,6.0126004558875784e7,4.5386268158543825e8,1.0232895085927172e6,1.2177772047095473e9,7.548525549224094,0.04937356712405901
33,612,Dindigul,2019,6.187652393392395e7,4.6204680101446366e8,1.0440374418668402e6,1.225637137096327e9,7.467239134309958,0.050485190160373596
33,612,Dindigul,2020,6.503944471852188e7,4.888761290488827e8,1.0777662361394889e6,1.2707356062454271e9,7.516609822925825,0.05118251538625754
33,612,Dindigul,2021,6.723842158409178e7,5.1572420074796695e8,1.1029747179350979e6,1.3036132359552314e9,7.670081905521474,0.0515785048276396
33,612,Dindigul,2022,6.844532845393874e7,4.9527160628712386e8,1.154029270680192e6,1.3154136964175742e9,7.236017672417541,0.05203330985555663
33,612,Dindigul,2023,6.970923639284557e7,5.172798963831869e8,1.1379121299941225e6,1.305557662167862e9,7.420535974143544,0.05339422257083174
33,613,Karur,2016,3.481216802382428e7,2.6313030227915075e8,552521.8869902911,6.046715318442327e8,7.558572683524714,0.057572030748079144
33,613,Karur,2017,3.555213350873835e7,2.6097233377946365e8,588370.6878929194,6.36575237738373e8,7.340553379597299,0.05584906763739052
33,613,Karur,2018,3.640507192486423e7,2.683836979618172e8,596040.5721892216,6.65255119945098e8,7.372151290230368,0.054723474999889755
33,613,Karur,2019,3.729513781557258e7,2.708583845132812e8,604557.7530550536,6.750992215554382e8,7.2625655883803795,0.05524393544647268
33,613,Karur,2020,3.894426734516315e7,2.912877286445007e8,624260.6362189809,6.88936665135298e8,7.479604791709566,0.056528080614660005
33,613,Karur,2021,3.996359979426159e7,2.996725764776172e8,648437.0042096082,7.157145145812654e8,7.498638211281644,0.055837347126657916
33,613,Karur,2022,4.070452174055986e7,2.984202282491017e8,649948.7196266275,7.094255224180837e8,7.331377829499027,0.05737673716871379
33,613,Karur,2023,4.066638303003042e7,2.917606549430559e8,664216.5335516031,7.15828870268976e8,7.174492374391962,0.05681020243672184
33,614,Tiruchirappalli,2016,6.6151681551044196e7,5.620341368876663e8,1.0191233201717675e6,9.160775336429191e8,8.496142860011616,0.07221188067780918
33,614,Tiruchirappalli,2017,6.724427862836862e7,5.526972994277164e8,1.0894065750850984e6,9.438397849862016e8,8.21924646529776,0.07124543773003983
33,614,Tiruchirappalli,2018,6.885145877949521e7,5.733252171654165e8,1.0989001503622658e6,9.715759201153877e8,8.326987217533866,0.0708657525922608
33,614,Tiruchirappalli,2019,7.106630211955263e7,5.803507545417172e8,1.1254538835191245e6,9.870537055813193e8,8.166328305156657,0.07199841479516918
33,614,Tiruchirappalli,2020,7.345760560017854e7,6.088047023392116e8,1.1474675715634134e6,1.0049549555262866e9,8.287837554260438,0.07309542103975138
33,614,Tiruchirappalli,2021,7.512266146912733e7,6.249698658114222e8,1.1648545380433444e6,1.0295217638357918e9,8.31932540180651,0.0729685025688387
33,614,Tiruchirappalli,2022,7.526712053915568e7,5.98416477434722e8,1.2217667967735052e6,1.0317206506095895e9,7.950569560096457,0.0729530037948589
33,614,Tiruchirappalli,2023,7.510787527588062e7,5.725286717874357e8,1.2588818535387607e6,1.0354054959918771e9,7.622751538163824,0.07253957562194537
33,615,Perambalur,2016,1.5611180280352267e7,1.2424255568332487e8,250639.27090085897,2.789826469872128e8,7.958562610393565,0.05595753158463583
33,615,Perambalur,2017,1.6311376515115198e7,1.2438164166779393e8,264878.3528551602,2.9296391297868407e8,7.625453409927341,0.055677084420639913
33,615,Perambalur,2018,1.701364748778979e7,1.3020412532988423e8,276685.2055171396,3.0743196324928004e8,7.652922480222305,0.05534117958318582
33,615,Perambalur,2019,1.736469645820653e7,1.3042209938831292e8,281591.1767992472,3.147685134100874e8,7.510761832331116,0.05516656119789027
33,615,Perambalur,2020,1.7951434043490242e7,1.3677683012624535e8,285729.7915746438,3.2086115411826366e8,7.619270404519296,0.055947670240173934
33,615,Perambalur,2021,1.852369430930302e7,1.4246603468897676e8,297306.04032124067,3.3248106474321e8,7.691016290277857,0.05571353160700955
33,615,Perambalur,2022,1.8708387994599763e7,1.4468229985670602e8,300364.8287239851,3.28971580597415e8,7.73355245243305,0.05686931363683508
33,615,Perambalur,2023,1.894581191772315e7,1.374909060870871e8,318557.6718508274,3.35866249102428e8,7.257060646657699,0.05640879953956108
33,616,Ariyalur,2016,1.6534270352094915e7,1.406821791608642e8,271877.22807543323,2.6156254527990583e8,8.508520555492161,0.06321344798966191
33,616,Ariyalur,2017,1.7961148582293935e7,1.4475331879570764e8,310703.4135884881,2.794317449128255e8,8.059246218719284,0.06427740909644065
33,616,Ariyalur,2018,1.8897382434312478e7,1.5060203845359698e8,323245.7540040662,2.972794440260225e8,7.9694655583698655,0.06356774009796078
33,616,Ariyalur,2019,1.890082437007445e7,1.4705788122802064e8,327701.57804689684,3.0372084408984756e8,7.780500910894468,0.062230909527181334
33,616,Ariyalur,2020,1.9693585104848765e7,1.5500099529800543e8,335924.3897747059,3.1563305123574984e8,7.8706337354412215,0.0623939255656069
33,616,Ariyalur,2021,2.027078204827476e7,1.6348947008940703e8,350583.52637936873,3.2677839241371787e8,8.065276894599219,0.06203219833033186
33,616,Ariyalur,2022,2.0369338913267758e7,1.588540305611342e8,353474.7856370278,3.3181421431346124e8,7.7986836606495435,0.06138778278505293
33,616,Ariyalur,2023,2.0458540188214112e7,1.5039920451128626e8,382103.3866017861,3.371677176317517e8,7.3514142811582035,0.060677636435403186
33,617,Cuddalore,2016,4.91991127032224e7,4.2380722916731167e8,818318.8292569716,6.402016097342142e8,8.614123423806248,0.07684940486739464
33,617,Cuddalore,2017,5.2468182200196095e7,4.182205086022973e8,924593.3271541385,6.776391133230201e8,7.970935737902012,0.07742791283534621
33,617,Cuddalore,2018,5.493092515052303e7,4.4561403288896745e8,935007.2228010095,7.195957367600565e8,8.112261566101159,0.07633581237966577
33,617,Cuddalore,2019,5.421419487724011e7,4.338994696084175e8,946064.1783957802,7.196212225291783e8,8.003429186598042,0.0753371262269046
33,617,Cuddalore,2020,5.615283924857124e7,4.6815213361493874e8,928712.9659603968,7.295478539697917e8,8.337105298319363,0.0769693707452073
33,617,Cuddalore,2021,5.748088972056579e7,4.793331095067321e8,976532.4057965885,7.578237274691981e8,8.338999480295692,0.07584994720675609
33,617,Cuddalore,2022,5.7336444695941225e7,4.4220121022374964e8,1.0108822398089921e6,7.559195983167125e8,7.712393270436814,0.07584992481160491
33,617,Cuddalore,2023,5.753346539000722e7,4.0210925276799965e8,1.1021494046180246e6,7.671352622679304e8,6.9891366710172225,0.07499781097262745
33,618,Nagapattinam,2016,3.1817681081994884e7,2.574616594579692e8,488999.8162186282,5.778497263488817e8,8.091779498150247,0.05506220671424994
33,618,Nagapattinam,2017,3.551370430915334e7,2.7635355265881395e8,551677.4526910976,5.940143865464615e8,7.7816031313744505,0.05978593298998424
33,618,Nagapattinam,2018,3.582922348597124e7,2.685258162886654e8,562216.9043901004,6.132804312844937e8,7.494603292025165,0.05842225131972372
33,618,Nagapattinam,2019,3.699568642889824e7,2.5403136293338278e8,666428.6183084988,6.318096834809207e8,6.866513030420559,0.05855511144601732
33,618,Nagapattinam,2020,3.900101448897304e7,2.9867956519566226e8,635457.0989007811,6.43251147414656e8,7.658251179084316,0.06063108421294738
33,618,Nagapattinam,2021,4.004761048429437e7,3.054309481660327e8,654650.0148228128,6.53330006677133e8,7.626695936972688,0.06129767510293671
33,618,Nagapattinam,2022,4.018111657445521e7,2.8930425666636634e8,659231.7773764944,6.586588988049593e8,7.200005408766788,0.06100443894003102
33,618,Nagapattinam,2023,4.09070374842035e7,3.005012523451747e8,694938.0066976782,6.824070336599915e8,7.345954897399134,0.0599452166616814
33,619,Thiruvarur,2016,2.4005044545764305e7,1.963081167966736e8,368461.64505731285,4.217539763124158e8,8.177785982543082,0.056917174215288205
33,619,Thiruvarur,2017,2.674001729400554e7,2.1474583417613098e8,427709.7135138926,4.424505114792739e8,8.030878657070717,0.06043617670279978
33,619,Thiruvarur,2018,2.728503859520108e7,2.0988512610188296e8,436597.91730866535,4.6227627659183514e8,7.692315529243847,0.05902322913120694
33,619,Thiruvarur,2019,2.9601109190433037e7,2.0763017164766487e8,539886.2279473819,4.8331589339561117e8,7.014269982652209,0.061245884099663736
33,619,Thiruvarur,2020,3.0901725300081376e7,2.3584262088174564e8,517117.40042864106,4.94021283187565e8,7.632021144176198,0.06255140487206282
33,619,Thiruvarur,2021,3.1864188259043235e7,2.4874888484742212e8,527005.8967810798,4.985691170077627e8,7.806534496507244,0.06391127563271656
33,619,Thiruvarur,2022,3.0994888675617892e7,2.2317179626702195e8,522865.0922254815,5.022261406087546e8,7.200277394207255,0.06171500479455052
33,619,Thiruvarur,2023,3.208435658162263e7,2.3960641916982576e8,551572.6247087948,5.250279820839193e8,7.468013845322621,0.06110980305140068
33,620,Thanjavur,2016,4.67417316087602e7,3.909763450906562e8,712842.4386917586,6.98241573845148e8,8.364609774477858,0.06694206326237216
33,620,Thanjavur,2017,5.210174705088704e7,4.311755305441871e8,805587.9013505,7.43078123407801e8,8.275644387184638,0.07011610947708337
33,620,Thanjavur,2018,5.426902242890194e7,4.385651323912081e8,848232.818153345,7.840655222046187e8,8.08131624198269,0.06921490729028547
33,620,Thanjavur,2019,5.727127742442734e7,4.309734703926603e8,979713.7423448097,8.287048743333526e8,7.525124107129511,0.0691093768098069
33,620,Thanjavur,2020,6.041112751539801e7,4.844757609183913e8,952151.7930643925,8.462007488481884e8,8.019644407313946,0.07139101164543639
33,620,Thanjavur,2021,6.2188538230450965e7,5.039413446121858e8,973489.8325820608,8.572073783071004e8,8.103444122528483,0.07254783358639208
33,620,Thanjavur,2022,6.093638805166657e7,4.575486182842045e8,985784.9477714016,8.658203019625648e8,7.508627158804678,0.07037994825663173
33,620,Thanjavur,2023,6.315507252109175e7,4.781125479062834e8,1.0490770872100557e6,8.914257030131588e8,7.570453628196045,0.07084726445245823
33,621,Pudukkottai,2016,4.084856137280644e7,3.1801691616194725e8,655528.7851199347,7.667791988689836e8,7.785266003851396,0.053272912766881224
33,621,Pudukkottai,2017,4.346292758902437e7,3.281775112482739e8,715212.5784157632,7.917150160677086e8,7.550745645839745,0.05489718738049975
33,621,Pudukkottai,2018,4.465070634605822e7,3.39305142570737e8,749577.2627646906,8.367632566624348e8,7.599099103629096,0.05336121775250357
33,621,Pudukkottai,2019,4.804510371211301e7,3.505270254457076e8,858962.9631988825,8.815893683473154e8,7.295790795792031,0.054498279399831547
33,621,Pudukkottai,2020,4.930361916911849e7,3.664236608692853e8,840725.1739760824,8.996624376765664e8,7.431983027704306,0.05480235375442385
33,621,Pudukkottai,2021,5.07366655102978e7,3.823303049139092e8,854376.9229992004,9.026134248547182e8,7.535582030638362,0.056210847427251825
33,621,Pudukkottai,2022,4.9256202286808595e7,3.389431972789379e8,887381.0782681466,9.095298306523668e8,6.881228790342835,0.05415567541251421
33,621,Pudukkottai,2023,5.0687840658832036e7,3.5189947235416263e8,916956.817846292,9.268570513853288e8,6.942483005396016,0.05468787293905932
33,622,Sivaganga,2016,4.047459479806799e7,3.298194460821088e8,594701.8352215491,5.705395280589577e8,8.148801679859002,0.0709409126055951
33,622,Sivaganga,2017,4.208853757597583e7,3.3641958009630555e8,632915.5252673655,5.915973595889744e8,7.993140162901125,0.07114389017087194
33,622,Sivaganga,2018,4.319582998851274e7,3.4992499955863875e8,667435.700265541,6.173048307031786e8,8.100897694330584,0.06997487762943293
33,622,Sivaganga,2019,4.295308900343308e7,3.391687237022009e8,685113.4093545385,6.229344208084177e8,7.896259188136444,0.06895282644309556
33,622,Sivaganga,2020,4.4674622698071465e7,3.5319994327519363e8,690616.2237818965,6.458938567790364e8,7.90605318957603,0.06916712742997164
33,622,Sivaganga,2021,4.611234278289607e7,3.653880951963396e8,731015.5033765413,6.631801488401003e8,7.9238675188689145,0.06953215180452309
33,622,Sivaganga,2022,4.583346658708616e7,3.435088891545864e8,772802.3962541281,6.70672901387565e8,7.494717609934657,0.0683395236221124
33,622,Sivaganga,2023,4.746074775453183e7,3.684188532890675e8,773298.5314758833,6.866872468828816e8,7.762601111860668,0.06911552234291972
33,623,Madurai,2016,5.664869792279056e7,5.055449159232871e8,858127.8687932289,6.211757814741001e8,8.92421069611027,0.09119592168960393
33,623,Madurai,2017,5.913626096890325e7,5.168346633358913e8,912154.4554733498,6.579805792566559e8,8.739725083526473,0.0898753896896343
33,623,Madurai,2018,6.034761612658218e7,5.287625441717352e8,932252.5809472344,6.837425104073415e8,8.76194584161583,0.08826073442563916
33,623,Madurai,2019,6.16668564964568e7,5.330798328132657e8,948374.4223551516,7.010678865992572e8,8.64451121882457,0.08796131968844076
33,623,Madurai,2020,6.3808523181812085e7,5.57510474678422e8,977759.7916241009,7.224287428328394e8,8.73724146678471,0.08832500618898624
33,623,Madurai,2021,6.635793981211833e7,5.831613172930669e8,1.0217638377353669e6,7.445351301608225e8,8.788116673666979,0.0891266739794867
33,623,Madurai,2022,6.671181222251356e7,5.641537664424672e8,1.0771041181509912e6,7.484817539787531e8,8.456579841674268,0.0891295103292622
33,623,Madurai,2023,6.82674796463608e7,5.875077084377545e8,1.0959514404360652e6,7.616511638966221e8,8.605967460365637,0.08963090044673871
33,624,Theni,2016,2.417437226098976e7,2.0324797485906786e8,420428.46075337986,2.999208518655254e8,8.407580253368133,0.08060250599657788
33,624,Theni,2017,2.4833311613371078e7,2.0110723014284992e8,443541.9872496239,3.1832505813905865e8,8.09828480687075,0.07801243093631283
33,624,Theni,2018,2.5778114050922878e7,2.1160275826091614e8,452387.2487541499,3.38654347109712e8,8.208620609052685,0.07611924745962786
33,624,Theni,2019,2.674158473740193e7,2.1619284490560845e8,449694.34373819036,3.499568830135072e8,8.084518813248636,0.07641394136079842
33,624,Theni,2020,2.754556028791936e7,2.2385468033158553e8,465591.91735604376,3.582443387330576e8,8.12670637270578,0.07689042731375771
33,624,Theni,2021,2.903757220616455e7,2.3808506691390422e8,484185.88734076964,3.7484844014684814e8,8.199207055724852,0.07746483404009627
33,624,Theni,2022,2.958139904175931e7,2.3073897642926902e8,506550.07531972113,3.8288401196628743e8,7.800137380370032,0.0772594261375529
33,624,Theni,2023,2.979711878845588e7,2.245605403176367e8,532668.5720814134,3.84882502791728e8,7.5363172497280795,0.07741874097243656
33,625,Virudhunagar,2016,4.745458449731914e7,3.9289387484959626e8,729808.1360649542,5.549363485553155e8,8.279366029888894,0.08551356316964866
33,625,Virudhunagar,2017,4.874169146502135e7,3.879621896731327e8,796081.4803219858,5.908639256493335e8,7.959555321373022,0.08249224457468168
33,625,Virudhunagar,2018,5.023367696945989e7,4.048695267517538e8,794854.5492960081,6.112351477556717e8,8.059723101653471,0.08218388152891322
33,625,Virudhunagar,2019,5.225242131061821e7,4.1679501040431327e8,820963.027511023,6.372872456343826e8,7.976568357026862,0.08199194581181982
33,625,Virudhunagar,2020,5.355246757700639e7,4.303728291008465e8,830734.697349678,6.459793000815219e8,8.03647056005378,0.08290121304235001
33,625,Virudhunagar,2021,5.5149725966636024e7,4.434741728860011e8,861178.8365291079,6.67714373004676e8,8.041276091821201,0.08259478632827005
33,625,Virudhunagar,2022,5.576410150499967e7,4.206302617259403e8,922434.7531182582,6.826398668679037e8,7.543029482654314,0.08168890246750043
33,625,Virudhunagar,2023,5.676943934790601e7,4.299013965095015e8,937268.7571920292,6.889806365982382e8,7.5727610039424995,0.08239627695227911
33,626,Ramanathapuram,2016,3.2157353059405886e7,2.537293745891218e8,504776.7360918445,4.1604817813977474e8,7.890244390463196,0.07729237802022622
33,626,Ramanathapuram,2017,3.4994094370495275e7,2.655280204816204e8,558013.2377823135,4.391646190268611e8,7.587795176819784,0.07968331886124665
33,626,Ramanathapuram,2018,3.504608357213306e7,2.666319988774507e8,598313.5505901555,4.573252858249004e8,7.608039806463953,0.07663272654806019
33,626,Ramanathapuram,2019,3.5927927233349696e7,2.6922792525871885e8,606766.0904307446,4.6461579795373017e8,7.493555737577063,0.07732825141027094
33,626,Ramanathapuram,2020,3.66880101861546e7,2.779689407040196e8,612028.8515795026,4.838788378590994e8,7.5765608244657585,0.07582065450202179
33,626,Ramanathapuram,2021,3.76241996041534e7,2.856348956459947e8,637214.3290595133,4.984466650500269e8,7.591786633368354,0.07548289966064319
33,626,Ramanathapuram,2022,3.661048867807608e7,2.3229972563268912e8,703336.0979747735,5.011312637553041e8,6.3451686666996086,0.07305568685483671
33,626,Ramanathapuram,2023,3.84077545209786e7,2.710633414926841e8,704418.5294144835,5.2278859712053084e8,7.057515985336433,0.07346708541946938
33,627,Thoothukkudi,2016,4.840234198255526e7,3.983755422255156e8,704238.6452908816,5.1536502964243263e8,8.2305013746875,0.09391856101710563
33,627,Thoothukkudi,2017,5.342971698022996e7,4.137065174316978e8,773598.0508055756,5.614194333677428e8,7.743004096105867,0.09516898383749436
33,627,Thoothukkudi,2018,5.4888988560530744e7,4.3184983811262065e8,802981.6248942198,5.982058943889669e8,7.867695314450606,0.09175601423419057
33,627,Thoothukkudi,2019,5.570733145259116e7,4.261035191769066e8,788579.5161805943,6.001329942905982e8,7.6489666273017445,0.0928249771010197
33,627,Thoothukkudi,2020,5.878041475788208e7,4.5432360503640217e8,825313.8277467235,6.287556656499233e8,7.729166371278118,0.09348689478149316
33,627,Thoothukkudi,2021,5.7033306755927175e7,4.48719174141594e8,849115.2767124247,6.481527178610908e8,7.8676689055025015,0.0879936243176416
33,627,Thoothukkudi,2022,6.036935090768032e7,4.5516627131227034e8,891791.3044575554,6.645292517630475e8,7.539691324631471,0.09084528746855879
33,627,Thoothukkudi,2023,6.356131979955219e7,4.9242815431854075e8,888650.3377097468,6.854720187659045e8,7.74729278547816,0.09272635214780227
33,628,Tirunelveli,2016,7.382224943302363e7,6.009467347927363e8,1.2641838706518982e6,9.372629020793043e8,8.140455477964736,0.07876365240665135
33,628,Tirunelveli,2017,7.68721285144561e7,6.028758365223103e8,1.3731775651166025e6,1.0086973314719131e9,7.842580245568941,0.07620931087651696
33,628,Tirunelveli,2018,7.989695108351684e7,6.442712954259716e8,1.3523997011752962e6,1.0526731046094631e9,8.063778237951913,0.07589910935661098
33,628,Tirunelveli,2019,8.29543017681294e7,6.63024517456608e8,1.354897104169682e6,1.0573722781659809e9,7.9926477991445,0.0784532595388392
33,628,Tirunelveli,2020,8.586554447969402e7,6.862799431947596e8,1.4070430738549638e6,1.100359364753213e9,7.992495096296222,0.0780340925248106
33,628,Tirunelveli,2021,9.020063593285921e7,7.307482239113398e8,1.4650303726626784e6,1.1523532383850873e9,8.101364434451124,0.07827516158089404
33,628,Tirunelveli,2022,9.219498691314596e7,7.192081093809863e8,1.5354649121404255e6,1.1622846653081648e9,7.800945945776097,0.07932220880562134
33,628,Tirunelveli,2023,9.319551316740397e7,7.061656364646554e8,1.611341953906862e6,1.168526607389487e9,7.577249295212247,0.07975472066965142
33,629,Kanniyakumari,2016,3.736417716490688e7,3.8709292267993957e8,629063.2043535851,5.1535485916254216e8,10.360001264620497,0.0725018431486687
33,629,Kanniyakumari,2017,4.139990573484737e7,4.038201589618628e8,654200.6899511812,5.272541879190219e8,9.754132329387334,0.07851982342377478
33,629,Kanniyakumari,2018,4.314044931666033e7,4.0902002656234086e8,696852.392125772,5.487839510765013e8,9.481125788932898,0.07861098931926763
33,629,Kanniyakumari,2019,4.586461837450591e7,4.4785200192073536e8,717855.0193193601,5.526700939788527e8,9.764651223385655,0.08298733525512755
33,629,Kanniyakumari,2020,4.651731086394191e7,4.4517334166310453e8,743677.8453691119,5.569143796567824e8,9.570057541915704,0.08352686258991876
33,629,Kanniyakumari,2021,4.87574667052693e7,4.647010363238501e8,705035.3218665682,5.659887976326823e8,9.53086917195452,0.08614563911724647
33,629,Kanniyakumari,2022,4.9729432446254134e7,4.277832347307764e8,897020.6883109838,5.929789447233534e8,8.602214296193907,0.08386374067540417
33,629,Kanniyakumari,2023,4.946256777032797e7,4.1870352152602637e8,878258.4322570735,5.792232587055913e8,8.465058334015604,0.08539465055471623
33,630,Dharmapuri,2016,3.576204882918481e7,2.6159573824561733e8,650088.9266937218,9.77936287338442e8,7.314897966140392,0.03656889440774822
33,630,Dharmapuri,2017,3.5735338934184365e7,2.5581328791998652e8,651282.0538893652,9.43222111497373e8,7.158552165718399,0.03788645166243422
33,630,Dharmapuri,2018,3.7968364164251395e7,2.7032429809107184e8,713959.6456502822,1.0268392317516696e9,7.119724645540354,0.03697595786195443
33,630,Dharmapuri,2019,3.982928599987114e7,2.829217753292693e8,724107.3614895865,1.043401565237297e9,7.103360460194657,0.03817253809736514
33,630,Dharmapuri,2020,4.177181994527963e7,3.027764411241087e8,751134.9306534312,1.0698193518990196e9,7.248342100505572,0.03904567614254792
33,630,Dharmapuri,2021,4.338324852020931e7,3.1752368208305484e8,781506.5788610884,1.1056881676314144e9,7.319038866698562,0.03923642288145684
33,630,Dharmapuri,2022,4.311266827149141e7,2.9922551998788583e8,805051.1950176466,1.0960357658609948e9,6.940547453560212,0.039335092534707655
33,630,Dharmapuri,2023,4.390101962278667e7,2.6440970603189093e8,906191.7102393827,1.1153030354510074e9,6.0228602502582875,0.039362413825973254
33,631,Krishnagiri,2016,5.5451822835470855e7,4.236207349925108e8,753227.8084050596,9.791602787460898e8,7.639437503243507,0.056632018311120955
33,631,Krishnagiri,2017,5.754006678588299e7,4.3940754620668e8,765896.095477053,9.521991256239432e8,7.636549117014325,0.060428607039708176
33,631,Krishnagiri,2018,6.138306849221917e7,4.749887877792379e8,823452.2215016284,1.0561652186249769e9,7.738107583192046,0.05811881267225774
33,631,Krishnagiri,2019,6.465644585410488e7,5.0366779704021627e8,835081.9844603826,1.0722878934075366e9,7.789908498477104,0.060297655369994346
33,631,Krishnagiri,2020,6.774505787539573e7,5.301659761753349e8,869192.6637520958,1.1308936283683631e9,7.825898933476082,0.05990400527159863
33,631,Krishnagiri,2021,7.129943671711695e7,5.750125165134265e8,914680.6346548832,1.179699853084126e9,8.06475538922992,0.06043862473214404
33,631,Krishnagiri,2022,7.082773519935264e7,4.9405905424195737e8,1.0344055176798821e6,1.182730796014851e9,6.975502645275506,0.059884916701250145
33,631,Krishnagiri,2023,7.321096422160964e7,5.008886550955241e8,1.0848916157837634e6,1.1760646027368796e9,6.841716407112653,0.062250801572665895
33,632,Coimbatore,2016,1.2428090262245604e8,1.0624526015934758e9,1.4808331924491264e6,1.2605380114094634e9,8.548800171020833,0.09859353823332313
33,632,Coimbatore,2017,1.2924793977197869e8,1.0626029749231579e9,1.6831132565228231e6,1.329534178074878e9,8.221430661083026,0.09721295014703983
33,632,Coimbatore,2018,1.348077504039125e8,1.1328421573907576e9,1.662050621752716e6,1.372670126638281e9,8.403390413359196,0.0982084098632361
33,632,Coimbatore,2019,1.4074746707833654e8,1.1958247267339847e9,1.6711571704491267e6,1.3895216947965918e9,8.496243318314342,0.10129202559801714
33,632,Coimbatore,2020,1.4626957384763843e8,1.2411940055236166e9,1.722717204983088e6,1.4198133234241838e9,8.485660912750763,0.10302028543786167
33,632,Coimbatore,2021,1.517304011394576e8,1.3085124259891725e9,1.800855823191482e6,1.4714987738707142e9,8.623930446123975,0.10311282879314763
33,632,Coimbatore,2022,1.513786916525471e8,1.1111738058045413e9,2.0264045411094218e6,1.498319781585137e9,7.340358102413583,0.10103229865416118
33,632,Coimbatore,2023,1.5807522014071447e8,1.3123348107504342e9,1.9186446981072943e6,1.525193297848483e9,8.301964150878472,0.10364274506300518
33,633,Tiruppur,2016,1.0198270201331262e8,7.705158675377661e8,1.3323961070773774e6,1.4471135433397899e9,7.555358431640539,0.07047318607629571
33,633,Tiruppur,2017,1.0637897599696538e8,7.769135891124533e8,1.4516104219234039e6,1.5240556835805335e9,7.303262527499945,0.06979992735373317
33,633,Tiruppur,2018,1.1105224142807274e8,8.341932061527027e8,1.453173161421167e6,1.5828228798979092e9,7.511718767900782,0.07016087702449406
33,633,Tiruppur,2019,1.160964123789273e8,8.745523130525775e8,1.4870846815527931e6,1.6053234801668353e9,7.532983105439335,0.07231963763892735
33,633,Tiruppur,2020,1.211801554304181e8,9.27382960055466e8,1.5189435163847036e6,1.6334972042656558e9,7.652927632923951,0.07418448903002259
33,633,Tiruppur,2021,1.254968688596001e8,9.708821694609784e8,1.5715052917631436e6,1.6879592569837618e9,7.736305919689159,0.0743482808251262
33,633,Tiruppur,2022,1.2543788885567592e8,8.836161802038296e8,1.6657862731435122e6,1.695353432785344e9,7.044252643796365,0.0739892263347062
33,633,Tiruppur,2023,1.3034724802362119e8,9.869772779425309e8,1.623418139523902e6,1.7078217869171076e9,7.57190729307667,0.07632368261264479
34,634,Yanam,2016,843130.6864013126,9.089074581301069e6,10070.452088229611,6.588487030074297e6,10.780149184339923,0.1279703037363048
34,634,Yanam,2017,857652.6630750451,8.730201040562874e6,10230.66727982697,6.558784657850796e6,10.179180239773798,0.13076396128487675
34,634,Yanam,2018,886512.4976626841,9.014435166870974e6,10520.031644852479,6.916377748736217e6,10.168424236136314,0.12817583565684662
34,634,Yanam,2019,908611.2827426156,9.388051490863185e6,10825.820812105856,6.83992219087393e6,10.332307851742318,0.1328394179622273
34,634,Yanam,2020,922044.6182954183,9.614275686066343e6,11293.891898579823,6.852210667681527e6,10.42712629659965,0.13456162733645138
34,634,Yanam,2021,928948.8141539234,9.704575417271776e6,11647.58567124499,7.027210955120254e6,10.446835465429384,0.1321931019413984
34,634,Yanam,2022,900779.483711949,7.699287656844437e6,14859.245511303405,6.956103371235449e6,8.547361253297053,0.12949483865303238
34,634,Yanam,2023,922903.0078351717,8.357905965421707e6,15409.470182174706,7.174311307425707e6,9.056104373336716,0.12863994441946353
34,635,Puducherry,2016,1.8247969931094926e7,1.7583091875261828e8,223505.1231834059,1.1856063510446157e8,9.635642727194474,0.1539125521301145
34,635,Puducherry,2017,1.882401815711515e7,1.7697221759722638e8,256893.93693445012,1.223258796233839e8,9.401404956164154,0.15388418391161718
34,635,Puducherry,2018,1.9976826457389165e7,1.8859476775897095e8,257860.03411157624,1.2723056527492724e8,9.440677084583283,0.15701279338201532
34,635,Puducherry,2019,1.9802385057298526e7,1.8319190778987145e8,276293.9871118306,1.2796405282614893e8,9.2510022030075,0.15474959271727592
34,635,Puducherry,2020,2.0348821408936325e7,1.957210055618678e8,276678.4189534643,1.2847193655583644e8,9.618296884551533,0.1583911782951316
34,635,Puducherry,2021,2.11863465758684e7,2.0365337706620985e8,280224.56430998,1.3222035017857307e8,9.612482092508314,0.16023514192221333
34,635,Puducherry,2022,2.0671819719307553e7,1.759826998865436e8,312316.43725980166,1.3256459522716758e8,8.513169245674833,0.15593771235738743
34,635,Puducherry,2023,2.1058515266758192e7,1.7756198292661104e8,333782.3972937013,1.3512449953043047e8,8.431837699730929,0.15584527853896507
34,636,Mahe,2016,1.0330620663036075e6,1.1209709892858727e7,12296.73868918349,7.419777420304837e6,10.850954902417543,0.13923087011701288
34,636,Mahe,2017,1.0250926876958718e6,1.1526735135292042e7,12012.242939176493,7.425996658425243e6,11.244578440219872,0.1380410919701724
34,636,Mahe,2018,1.0502442469134643e6,1.0961481291261394e7,11801.01329988564,7.426378778867951e6,10.437078159176599,0.14142077561435124
34,636,Mahe,2019,1.1393520662112685e6,1.1834533062424475e7,12485.082787193995,7.48564254147901e6,10.387072980679541,0.1522049790512914
34,636,Mahe,2020,1.1312283645096172e6,1.174166924758628e7,12658.850713637781,7.466980793734678e6,10.379574642893829,0.15149742523227022
34,636,Mahe,2021,1.1122083243285106e6,1.2022478747248147e7,12717.4997477947,7.454196736921718e6,10.809556523061136,0.14920565737413144
34,636,Mahe,2022,1.1487107982009405e6,1.0801058242839538e7,16153.493515446387,7.457290150704654e6,9.402765482622495,0.15403863534696938
34,636,Mahe,2023,1.1728354005955977e6,1.014968673091372e7,16796.151378346112,7.447558737618716e6,8.653973716822867,0.1574791743059955
34,637,Karaikal,2016,5.101575070768666e6,4.614640440652294e7,63800.783902526186,5.0805217529113054e7,9.04552099427794,0.10041439282973834
34,637,Karaikal,2017,5.468771666396946e6,4.826462728557478e7,73062.58942813589,5.173687443498392e7,8.82549688116226,0.10570355720404752
34,637,Karaikal,2018,5.504901141977521e6,4.529923569504101e7,73053.78446192859,5.299261742601486e7,8.228891768757213,0.10388052920132008
34,637,Karaikal,2019,5.66520528417602e6,4.348618878687198e7,84314.84606283336,5.40641485475069e7,7.676012890183706,0.1047867290316785
34,637,Karaikal,2020,6.0801119122486925e6,5.2415692672369465e7,78127.43466789057,5.524919426841682e7,8.620843403683969,0.11004887931414388
34,637,Karaikal,2021,6.2822430912079085e6,5.384946572008318e7,81225.3177166034,5.672753624211858e7,8.571694049128137,0.11074415543792861
34,637,Karaikal,2022,6.309011175274145e6,5.050081440986129e7,82775.22252008638,5.7157405073494956e7,8.00455301264653,0.11037959416040322
34,637,Karaikal,2023,6.483843639186902e6,5.380899290820691e7,86305.70814296302,5.955138334968215e7,8.298934382531588,0.10887813640052929
35,638,Nicobars,2016,1.3477889326996207e6,1.0419729251690105e7,16841.662186491118,2.5395477335386034e7,7.730979976827225,0.05307200628285151
35,638,Nicobars,2017,1.3462899801506577e6,9.802628359278135e6,17519.731052042393,2.5206437035596665e7,7.281216159821054,0.05341056247852165
35,638,Nicobars,2018,1.3584267135106197e6,1.0029751695144786e7,17288.599716387827,2.611981362453278e7,7.383358701202674,0.05200751938883402
35,638,Nicobars,2019,1.3580363419746421e6,9.943497308335412e6,17142.90806662617,2.6152766286312807e7,7.321967020320788,0.05192706297709615
35,638,Nicobars,2020,1.37215853467321e6,1.0121012262109663e7,17035.572697882544,2.5794667428879444e7,7.375978800088183,0.05319543422905137
35,638,Nicobars,2021,1.3826903745828222e6,1.0731621720066251e7,17516.331094243,2.6533627958957568e7,7.761406253590315,0.05211086764017265
35,638,Nicobars,2022,1.3303293262172642e6,9.641473669143097e6,19798.16049302811,2.563062934835324e7,7.24743375879582,0.051903888435058554
35,638,Nicobars,2023,1.351610578669298e6,9.365011591388619e6,20416.782779439658,2.568436633775276e7,6.928779442233102,0.052623863127298644
35,639,North  & Middle Andaman,2016,2.977832354567928e6,2.431525748018698e7,49602.14247685842,1.025585863429994e8,8.16542188578478,0.029035427073934052
35,639,North  & Middle Andaman,2017,3.2201356967814793e6,2.425679661642806e7,52425.9453235618,1.0575716331963462e8,7.532849202806171,0.03044839324074076
35,639,North  & Middle Andaman,2018,3.372684022104747e6,2.470468218254319e7,57591.24795646691,1.0964273204601333e8,7.324932315220582,0.030760671128564603
35,639,North  & Middle Andaman,2019,3.434845003034781e6,2.4847105373864543e7,59539.20711195754,1.0958641207440257e8,7.2338359815105,0.031343712582749116
35,639,North  & Middle Andaman,2020,3.6151960355002857e6,2.6702687163949355e7,57474.71123944695,1.1132820726182216e8,7.386234910012045,0.03247331583268966
35,639,North  & Middle Andaman,2021,3.683031368905232e6,2.836997224193918e7,57180.987669139555,1.122848455132085e8,7.702886399898368,0.03280078760469936
35,639,North  & Middle Andaman,2022,3.625048817366651e6,2.7651832505923048e7,63684.43949627822,1.1222833738563497e8,7.627989000713708,0.03230065509132857
35,639,North  & Middle Andaman,2023,3.6923611328960527e6,2.38708449425064e7,65045.04692053952,1.1221198911704199e8,6.464926935189471,0.032905228415875946
35,640,South Andaman,2016,6.262941405642625e6,5.696941154512194e7,90120.70244412623,9.564403064204581e7,9.096270882208014,0.06548178034321978
35,640,South Andaman,2017,6.747353470754535e6,5.788314005898263e7,95615.95468142738,9.683854282315409e7,8.578643509617372,0.06967632178312004
35,640,South Andaman,2018,7.078259924050421e6,6.069415646259743e7,100607.86350070627,1.0023325385165824e8,8.574728409784953,0.07061788031471075
35,640,South Andaman,2019,7.283557443243398e6,6.072630832095914e7,105416.843821142,1.0144082509369257e8,8.337451690903046,0.07180104693072216
35,640,South Andaman,2020,7.727198437212656e6,6.703374034630062e7,104194.76061414026,1.0334802581305912e8,8.675038034933774,0.07476870870460539
35,640,South Andaman,2021,7.930732967863942e6,7.166844581552407e7,105459.50058978185,1.0537455817851944e8,9.036799764401499,0.07526231288607783
35,640,South Andaman,2022,7.907690221265851e6,6.1253882121557355e7,117870.8244607886,1.0560985647594972e8,7.74611554165711,0.07487644132029145
35,640,South Andaman,2023,8.059004449348994e6,5.603391251622578e7,123595.28415668375,1.0712693747662376e8,6.952957138614336,0.07522855258610893
